init_site,n_candidates,transcripts,abundances,fractions,total_abundance,top_fraction,top_to_runnerup_ratio
chr10:100286160:-:ATC,2,"['ENST00000370372.7', 'ENST00000441611.5']","[95.0, 10.0]","[0.9047619047619048, 0.09523809523809523]",105.0,0.9047619047619048,9.5
chr10:100987443:-:ATG,5,"['ENST00000318364.13', 'ENST00000299179.9', 'ENST00000370234.4', 'ENST00000370236.5', 'ENST00000318325.6']","[798.0, 432.0, 163.0, 41.0, 5.0]","[0.5545517720639332, 0.30020847810979845, 0.113273106323836, 0.02849200833912439, 0.0034746351633078527]",1439.0,0.5545517720639332,1.8472222222222223
chr10:101354180:+:ATG,2,"['ENST00000370187.8', 'ENST00000408038.6']","[14.0, 13.0]","[0.5185185185185185, 0.48148148148148145]",27.0,0.5185185185185185,1.0769230769230769
chr10:102111453:-:ATG,2,"['ENST00000673968.1', 'ENST00000361198.9']","[68.0, 7.0]","[0.9066666666666666, 0.09333333333333334]",75.0,0.9066666666666666,9.714285714285714
chr10:102152410:+:ATG,4,"['ENST00000605788.6', 'ENST00000488254.6', 'ENST00000405356.5', 'ENST00000603946.5']","[314.0, 296.0, 85.0, 5.0]","[0.44857142857142857, 0.4228571428571429, 0.12142857142857143, 0.007142857142857143]",700.0,0.44857142857142857,1.0608108108108107
chr10:102854286:+:ATG,2,"['ENST00000339834.10', 'ENST00000369883.3']","[62.0, 8.0]","[0.8857142857142857, 0.11428571428571428]",70.0,0.8857142857142857,7.75
chr10:103174958:-:ATG,2,"['ENST00000343289.9', 'ENST00000404739.8']","[13.0, 6.0]","[0.6842105263157895, 0.3157894736842105]",19.0,0.6842105263157895,2.1666666666666665
chr10:104122990:+:ATG,2,"['ENST00000369727.4', 'ENST00000369729.7']","[79.0, 42.0]","[0.6528925619834711, 0.34710743801652894]",121.0,0.6528925619834711,1.880952380952381
chr10:104254928:+:ATG,2,"['ENST00000369713.10', 'ENST00000369710.8']","[2508.0, 46.0]","[0.9819890368050117, 0.018010963194988253]",2554.0,0.9819890368050117,54.52173913043478
chr10:109923433:-:ATG,2,"['ENST00000502935.6', 'ENST00000322238.12']","[279.0, 4.0]","[0.9858657243816255, 0.014134275618374558]",283.0,0.9858657243816255,69.75
chr10:112447343:+:TTG,2,"['ENST00000393077.3', 'ENST00000432306.5']","[34.0, 13.0]","[0.723404255319149, 0.2765957446808511]",47.0,0.723404255319149,2.6153846153846154
chr10:113679208:+:CTG,2,"['ENST00000621345.4', 'ENST00000429617.5']","[134.0, 3.0]","[0.9781021897810219, 0.021897810218978103]",137.0,0.9781021897810219,44.666666666666664
chr10:113697493:+:ATG,3,"['ENST00000369318.8', 'ENST00000621345.4', 'ENST00000429617.5']","[135.0, 134.0, 3.0]","[0.4963235294117647, 0.49264705882352944, 0.011029411764705883]",272.0,0.4963235294117647,1.007462686567164
chr10:114163250:-:ATA,3,"['ENST00000369287.8', 'ENST00000369286.1', 'ENST00000369285.7']","[12.0, 11.0, 4.0]","[0.4444444444444444, 0.4074074074074074, 0.14814814814814814]",27.0,0.4444444444444444,1.0909090909090908
chr10:114163268:-:ATG,3,"['ENST00000369287.8', 'ENST00000369286.1', 'ENST00000369285.7']","[12.0, 11.0, 4.0]","[0.4444444444444444, 0.4074074074074074, 0.14814814814814814]",27.0,0.4444444444444444,1.0909090909090908
chr10:117005157:-:TTG,2,"['ENST00000355371.9', 'ENST00000392903.3']","[26.0, 13.0]","[0.6666666666666666, 0.3333333333333333]",39.0,0.6666666666666666,2.0
chr10:119596465:-:ATG,2,"['ENST00000369093.6', 'ENST00000436547.7']","[75.0, 27.0]","[0.7352941176470589, 0.2647058823529412]",102.0,0.7352941176470589,2.7777777777777777
chr10:12035423:-:ATG,2,"['ENST00000357604.10', 'ENST00000356352.6']","[18.0, 6.0]","[0.75, 0.25]",24.0,0.75,3.0
chr10:12186291:-:ATG,2,"['ENST00000491614.6', 'ENST00000378937.7']","[306.0, 121.0]","[0.7166276346604216, 0.28337236533957844]",427.0,0.7166276346604216,2.5289256198347108
chr10:12196245:+:ATG,2,"['ENST00000281141.9', 'ENST00000429258.6']","[2631.0, 5.0]","[0.9981031866464339, 0.0018968133535660092]",2636.0,0.9981031866464339,526.2
chr10:122850515:-:ATG,2,"['ENST00000368898.8', 'ENST00000368896.1']","[72.0, 27.0]","[0.7272727272727273, 0.2727272727272727]",99.0,0.7272727272727273,2.6666666666666665
chr10:122879548:-:CTG,2,"['ENST00000368898.8', 'ENST00000368896.1']","[72.0, 27.0]","[0.7272727272727273, 0.2727272727272727]",99.0,0.7272727272727273,2.6666666666666665
chr10:123154917:+:ATG,2,"['ENST00000368858.9', 'ENST00000368865.9']","[2815.0, 323.0]","[0.897068196303378, 0.10293180369662205]",3138.0,0.897068196303378,8.715170278637771
chr10:124461862:+:ATG,2,"['ENST00000392757.8', 'ENST00000368842.10']","[21.0, 3.0]","[0.875, 0.125]",24.0,0.875,7.0
chr10:133357995:-:AAG,3,"['ENST00000278025.9', 'ENST00000368552.8', 'ENST00000447176.5']","[136.0, 11.0, 8.0]","[0.8774193548387097, 0.07096774193548387, 0.05161290322580645]",155.0,0.8774193548387097,12.363636363636363
chr10:133358007:-:ATG,2,"['ENST00000278025.9', 'ENST00000368552.8']","[136.0, 11.0]","[0.9251700680272109, 0.07482993197278912]",147.0,0.9251700680272109,12.363636363636363
chr10:16484384:+:ATG,2,"['ENST00000378000.5', 'ENST00000535784.7']","[8.0, 3.0]","[0.7272727272727273, 0.2727272727272727]",11.0,0.7272727272727273,2.6666666666666665
chr10:16782034:-:ATG,2,"['ENST00000345264.10', 'ENST00000602389.1']","[106.0, 22.0]","[0.828125, 0.171875]",128.0,0.828125,4.818181818181818
chr10:16782061:-:CTG,2,"['ENST00000345264.10', 'ENST00000602389.1']","[106.0, 22.0]","[0.828125, 0.171875]",128.0,0.828125,4.818181818181818
chr10:180012:+:ATG,2,"['ENST00000381604.9', 'ENST00000509513.6']","[9.0, 3.0]","[0.75, 0.25]",12.0,0.75,3.0
chr10:22316417:+:ATG,3,"['ENST00000376836.8', 'ENST00000602390.5', 'ENST00000475460.6']","[785.0, 14.0, 7.0]","[0.9739454094292804, 0.017369727047146403, 0.008684863523573201]",806.0,0.9739454094292804,56.07142857142857
chr10:26759188:-:ATA,2,"['ENST00000376139.6', 'ENST00000376166.5']","[10.0, 5.0]","[0.6666666666666666, 0.3333333333333333]",15.0,0.6666666666666666,2.0
chr10:27154267:-:GTG,4,"['ENST00000376016.8', 'ENST00000326799.7', 'ENST00000427324.6', 'ENST00000491542.7']","[114.0, 10.0, 10.0, 6.0]","[0.8142857142857143, 0.07142857142857142, 0.07142857142857142, 0.04285714285714286]",140.0,0.8142857142857143,11.4
chr10:27155426:+:ATG,2,"['ENST00000375946.8', 'ENST00000375940.9']","[20.0, 12.0]","[0.625, 0.375]",32.0,0.625,1.6666666666666667
chr10:27240394:-:ATG,2,"['ENST00000375897.7', 'ENST00000396271.8']","[19.0, 18.0]","[0.5135135135135135, 0.4864864864864865]",37.0,0.5135135135135135,1.0555555555555556
chr10:27504342:+:CTG,3,"['ENST00000356940.11', 'ENST00000621805.6', 'ENST00000535776.6']","[96.0, 16.0, 7.0]","[0.8067226890756303, 0.13445378151260504, 0.058823529411764705]",119.0,0.8067226890756303,6.0
chr10:27504369:+:ATG,3,"['ENST00000356940.11', 'ENST00000621805.6', 'ENST00000535776.6']","[96.0, 16.0, 7.0]","[0.8067226890756303, 0.13445378151260504, 0.058823529411764705]",119.0,0.8067226890756303,6.0
chr10:27526856:+:GTG,2,"['ENST00000356940.11', 'ENST00000621805.6']","[96.0, 16.0]","[0.8571428571428571, 0.14285714285714285]",112.0,0.8571428571428571,6.0
chr10:31319234:+:ATG,2,"['ENST00000320985.14', 'ENST00000424869.6']","[17.0, 10.0]","[0.6296296296296297, 0.37037037037037035]",27.0,0.6296296296296297,1.7
chr10:35071317:-:ATG,2,"['ENST00000374751.7', 'ENST00000374749.8']","[23.0, 12.0]","[0.6571428571428571, 0.34285714285714286]",35.0,0.6571428571428571,1.9166666666666667
chr10:35195189:+:ATG,2,"['ENST00000473940.5', 'ENST00000356917.9']","[8.0, 4.0]","[0.6666666666666666, 0.3333333333333333]",12.0,0.6666666666666666,2.0
chr10:38010728:+:ATT,2,"['ENST00000432900.7', 'ENST00000458705.6']","[8.0, 7.0]","[0.5333333333333333, 0.4666666666666667]",15.0,0.5333333333333333,1.1428571428571428
chr10:38010770:+:ACG,2,"['ENST00000432900.7', 'ENST00000458705.6']","[8.0, 7.0]","[0.5333333333333333, 0.4666666666666667]",15.0,0.5333333333333333,1.1428571428571428
chr10:46016680:-:ATG,3,"['ENST00000581486.6', 'ENST00000585132.5', 'ENST00000579039.2']","[548.0, 177.0, 3.0]","[0.7527472527472527, 0.24313186813186813, 0.004120879120879121]",728.0,0.7527472527472527,3.096045197740113
chr10:50068005:+:ATG,2,"['ENST00000282633.10', 'ENST00000351071.11']","[10.0, 6.0]","[0.625, 0.375]",16.0,0.625,1.6666666666666667
chr10:50068104:+:ATG,2,"['ENST00000282633.10', 'ENST00000351071.11']","[10.0, 6.0]","[0.625, 0.375]",16.0,0.625,1.6666666666666667
chr10:56361236:-:ATG,3,"['ENST00000373944.8', 'ENST00000395405.5', 'ENST00000318387.7']","[126.0, 40.0, 3.0]","[0.7455621301775148, 0.23668639053254437, 0.01775147928994083]",169.0,0.7455621301775148,3.15
chr10:60780165:+:ATG,3,"['ENST00000395284.8', 'ENST00000448257.6', 'ENST00000373809.2']","[1929.0, 10.0, 8.0]","[0.9907550077041603, 0.005136106831022085, 0.004108885464817668]",1947.0,0.9907550077041603,192.9
chr10:62268610:-:ATG,2,"['ENST00000373789.8', 'ENST00000395260.3']","[14.0, 9.0]","[0.6086956521739131, 0.391304347826087]",23.0,0.6086956521739131,1.5555555555555556
chr10:62268646:-:AAG,2,"['ENST00000373789.8', 'ENST00000395260.3']","[14.0, 9.0]","[0.6086956521739131, 0.391304347826087]",23.0,0.6086956521739131,1.5555555555555556
chr10:63152166:+:ATG,2,"['ENST00000277746.11', 'ENST00000435510.6']","[217.0, 6.0]","[0.9730941704035875, 0.026905829596412557]",223.0,0.9730941704035875,36.166666666666664
chr10:63264692:-:CTG,2,"['ENST00000399262.7', 'ENST00000542921.5']","[121.0, 3.0]","[0.9758064516129032, 0.024193548387096774]",124.0,0.9758064516129032,40.333333333333336
chr10:68121438:+:ATG,3,"['ENST00000358913.10', 'ENST00000613327.5', 'ENST00000540630.6']","[52.0, 8.0, 5.0]","[0.8, 0.12307692307692308, 0.07692307692307693]",65.0,0.8,6.5
chr10:68121471:+:ATA,3,"['ENST00000358913.10', 'ENST00000613327.5', 'ENST00000540630.6']","[52.0, 8.0, 5.0]","[0.8, 0.12307692307692308, 0.07692307692307693]",65.0,0.8,6.5
chr10:68722504:+:ATG,5,"['ENST00000539539.5', 'ENST00000543225.5', 'ENST00000541012.5', 'ENST00000540210.5', 'ENST00000538031.5']","[91.0, 53.0, 50.0, 9.0, 3.0]","[0.441747572815534, 0.25728155339805825, 0.24271844660194175, 0.043689320388349516, 0.014563106796116505]",206.0,0.441747572815534,1.7169811320754718
chr10:70161873:-:GTG,3,"['ENST00000373241.9', 'ENST00000373238.5', 'ENST00000373242.6']","[196.0, 23.0, 4.0]","[0.8789237668161435, 0.1031390134529148, 0.017937219730941704]",223.0,0.8789237668161435,8.521739130434783
chr10:70161915:-:ATG,3,"['ENST00000373241.9', 'ENST00000373238.5', 'ENST00000373242.6']","[196.0, 23.0, 4.0]","[0.8789237668161435, 0.1031390134529148, 0.017937219730941704]",223.0,0.8789237668161435,8.521739130434783
chr10:72216212:-:CTG,3,"['ENST00000672957.1', 'ENST00000317168.11', 'ENST00000342444.8']","[38.0, 10.0, 3.0]","[0.7450980392156863, 0.19607843137254902, 0.058823529411764705]",51.0,0.7450980392156863,3.8
chr10:72223914:+:ATG,2,"['ENST00000299381.5', 'ENST00000621663.4']","[83.0, 34.0]","[0.7094017094017094, 0.2905982905982906]",117.0,0.7094017094017094,2.4411764705882355
chr10:72354897:-:ATG,3,"['ENST00000444643.8', 'ENST00000394903.6', 'ENST00000338820.7']","[55.0, 51.0, 8.0]","[0.4824561403508772, 0.4473684210526316, 0.07017543859649122]",114.0,0.4824561403508772,1.0784313725490196
chr10:74138379:-:ATG,2,"['ENST00000372745.1', 'ENST00000355264.9']","[76.0, 56.0]","[0.5757575757575758, 0.42424242424242425]",132.0,0.5757575757575758,1.3571428571428572
chr10:74150775:-:CTG,2,"['ENST00000372745.1', 'ENST00000355264.9']","[76.0, 56.0]","[0.5757575757575758, 0.42424242424242425]",132.0,0.5757575757575758,1.3571428571428572
chr10:87504915:+:ATG,2,"['ENST00000371994.8', 'ENST00000371996.9']","[164.0, 39.0]","[0.8078817733990148, 0.1921182266009852]",203.0,0.8078817733990148,4.205128205128205
chr10:87814599:-:ATG,3,"['ENST00000680024.1', 'ENST00000308448.11', 'ENST00000328142.3']","[68.0, 52.0, 3.0]","[0.5528455284552846, 0.42276422764227645, 0.024390243902439025]",123.0,0.5528455284552846,1.3076923076923077
chr10:89705294:+:ATG,2,"['ENST00000260753.8', 'ENST00000371728.8']","[108.0, 37.0]","[0.7448275862068966, 0.25517241379310346]",145.0,0.7448275862068966,2.918918918918919
chr10:92475949:-:AAG,2,"['ENST00000496903.5', 'ENST00000265986.11']","[21.0, 17.0]","[0.5526315789473685, 0.4473684210526316]",38.0,0.5526315789473685,1.2352941176470589
chr10:92848533:+:ATG,2,"['ENST00000260762.10', 'ENST00000443748.6']","[56.0, 5.0]","[0.9180327868852459, 0.08196721311475409]",61.0,0.9180327868852459,11.2
chr10:93482227:-:TTG,2,"['ENST00000359263.9', 'ENST00000371489.5']","[325.0, 19.0]","[0.9447674418604651, 0.055232558139534885]",344.0,0.9447674418604651,17.105263157894736
chr10:94546393:+:ATG,2,"['ENST00000348459.10', 'ENST00000419900.6']","[77.0, 39.0]","[0.6637931034482759, 0.33620689655172414]",116.0,0.6637931034482759,1.9743589743589745
chr10:95693899:-:ATG,3,"['ENST00000265993.13', 'ENST00000371209.5', 'ENST00000614499.5']","[37.0, 23.0, 6.0]","[0.5606060606060606, 0.3484848484848485, 0.09090909090909091]",66.0,0.5606060606060606,1.608695652173913
chr10:95693953:-:ATG,2,"['ENST00000265993.13', 'ENST00000614499.5']","[37.0, 6.0]","[0.8604651162790697, 0.13953488372093023]",43.0,0.8604651162790697,6.166666666666667
chr10:97292627:-:ATG,2,"['ENST00000358531.9', 'ENST00000358308.7']","[41.0, 22.0]","[0.6507936507936508, 0.3492063492063492]",63.0,0.6507936507936508,1.8636363636363635
chr10:97445985:-:ATG,2,"['ENST00000370902.8', 'ENST00000370885.8']","[59.0, 43.0]","[0.5784313725490197, 0.4215686274509804]",102.0,0.5784313725490197,1.372093023255814
chr10:97498384:-:ATG,2,"['ENST00000438925.7', 'ENST00000355839.10']","[74.0, 3.0]","[0.961038961038961, 0.03896103896103896]",77.0,0.961038961038961,24.666666666666668
chr10:97572818:+:GTG,2,"['ENST00000307518.9', 'ENST00000370655.6']","[22.0, 14.0]","[0.6111111111111112, 0.3888888888888889]",36.0,0.6111111111111112,1.5714285714285714
chr10:99732049:-:ATG,2,"['ENST00000016171.6', 'ENST00000370483.9']","[113.0, 3.0]","[0.9741379310344828, 0.02586206896551724]",116.0,0.9741379310344828,37.666666666666664
chr11:105035113:-:ATG,2,"['ENST00000525825.6', 'ENST00000533400.6']","[3.0, 3.0]","[0.5, 0.5]",6.0,0.5,1.0
chr11:106077710:+:ATG,2,"['ENST00000278618.9', 'ENST00000525660.1']","[558.0, 14.0]","[0.9755244755244755, 0.024475524475524476]",572.0,0.9755244755244755,39.857142857142854
chr11:106077749:+:ATG,2,"['ENST00000278618.9', 'ENST00000525660.1']","[558.0, 14.0]","[0.9755244755244755, 0.024475524475524476]",572.0,0.9755244755244755,39.857142857142854
chr11:108009348:+:ATG,2,"['ENST00000393094.7', 'ENST00000531427.5']","[7.0, 6.0]","[0.5384615384615384, 0.46153846153846156]",13.0,0.5384615384615384,1.1666666666666667
chr11:10807295:-:GTG,2,"['ENST00000339995.11', 'ENST00000526148.6']","[4142.0, 174.0]","[0.9596848934198332, 0.04031510658016682]",4316.0,0.9596848934198332,23.804597701149426
chr11:10807319:-:ATT,2,"['ENST00000339995.11', 'ENST00000526148.6']","[4142.0, 174.0]","[0.9596848934198332, 0.04031510658016682]",4316.0,0.9596848934198332,23.804597701149426
chr11:108491107:-:ATG,2,"['ENST00000434945.6', 'ENST00000323468.10']","[11.0, 6.0]","[0.6470588235294118, 0.35294117647058826]",17.0,0.6470588235294118,1.8333333333333333
chr11:108665153:+:ATG,2,"['ENST00000322536.8', 'ENST00000526794.1']","[52.0, 4.0]","[0.9285714285714286, 0.07142857142857142]",56.0,0.9285714285714286,13.0
chr11:111766361:-:ATG,2,"['ENST00000527614.6', 'ENST00000311129.9']","[48.0, 11.0]","[0.8135593220338984, 0.1864406779661017]",59.0,0.8135593220338984,4.363636363636363
chr11:112075574:+:ATG,3,"['ENST00000393047.8', 'ENST00000420986.6', 'ENST00000280352.13']","[23.0, 6.0, 3.0]","[0.71875, 0.1875, 0.09375]",32.0,0.71875,3.8333333333333335
chr11:112155053:-:ATG,2,"['ENST00000280357.12', 'ENST00000524595.6']","[1300.0, 210.0]","[0.8609271523178808, 0.1390728476821192]",1510.0,0.8609271523178808,6.190476190476191
chr11:117234272:+:ATG,2,"['ENST00000300650.9', 'ENST00000534428.5']","[16.0, 5.0]","[0.7619047619047619, 0.23809523809523808]",21.0,0.7619047619047619,3.2
chr11:11842032:+:CTG,2,"['ENST00000527733.7', 'ENST00000339865.9']","[10.0, 8.0]","[0.5555555555555556, 0.4444444444444444]",18.0,0.5555555555555556,1.25
chr11:11842185:+:ATG,2,"['ENST00000527733.7', 'ENST00000339865.9']","[10.0, 8.0]","[0.5555555555555556, 0.4444444444444444]",18.0,0.5555555555555556,1.25
chr11:118559829:-:ATG,2,"['ENST00000264021.8', 'ENST00000264020.6']","[45.0, 26.0]","[0.6338028169014085, 0.36619718309859156]",71.0,0.6338028169014085,1.7307692307692308
chr11:119018795:+:ATG,5,"['ENST00000533632.6', 'ENST00000525303.5', 'ENST00000533012.1', 'ENST00000434101.6', 'ENST00000359005.8']","[108.0, 43.0, 31.0, 6.0, 3.0]","[0.5654450261780105, 0.225130890052356, 0.16230366492146597, 0.031413612565445025, 0.015706806282722512]",191.0,0.5654450261780105,2.511627906976744
chr11:119095394:-:ATG,2,"['ENST00000530167.2', 'ENST00000375167.1']","[43.0, 16.0]","[0.7288135593220338, 0.2711864406779661]",59.0,0.7288135593220338,2.6875
chr11:123061324:-:ATG,3,"['ENST00000534624.6', 'ENST00000227378.7', 'ENST00000453788.6']","[16549.0, 186.0, 32.0]","[0.9869982704121191, 0.011093218822687422, 0.0019085107651935348]",16767.0,0.9869982704121191,88.97311827956989
chr11:124117511:+:ATG,3,"['ENST00000361352.9', 'ENST00000449321.5', 'ENST00000392748.5']","[114.0, 28.0, 24.0]","[0.6867469879518072, 0.1686746987951807, 0.14457831325301204]",166.0,0.6867469879518072,4.071428571428571
chr11:125592875:+:ATG,3,"['ENST00000392708.9', 'ENST00000529196.5', 'ENST00000531491.5']","[110.0, 8.0, 3.0]","[0.9090909090909091, 0.06611570247933884, 0.024793388429752067]",121.0,0.9090909090909091,13.75
chr11:125595915:+:ATG,2,"['ENST00000392708.9', 'ENST00000529196.5']","[110.0, 8.0]","[0.9322033898305084, 0.06779661016949153]",118.0,0.9322033898305084,13.75
chr11:125626768:+:ATG,5,"['ENST00000527013.6', 'ENST00000438015.7', 'ENST00000428830.6', 'ENST00000532449.6', 'ENST00000534070.5']","[49.0, 48.0, 17.0, 6.0, 3.0]","[0.3983739837398374, 0.3902439024390244, 0.13821138211382114, 0.04878048780487805, 0.024390243902439025]",123.0,0.3983739837398374,1.0208333333333333
chr11:126211626:-:AGG,2,"['ENST00000533628.5', 'ENST00000298317.9']","[35.0, 21.0]","[0.625, 0.375]",56.0,0.625,1.6666666666666667
chr11:126211638:-:ATG,2,"['ENST00000533628.5', 'ENST00000298317.9']","[35.0, 21.0]","[0.625, 0.375]",56.0,0.625,1.6666666666666667
chr11:126269206:+:ATG,2,"['ENST00000263578.10', 'ENST00000532125.2']","[111.0, 7.0]","[0.940677966101695, 0.059322033898305086]",118.0,0.940677966101695,15.857142857142858
chr11:12764232:+:ATT,2,"['ENST00000527636.7', 'ENST00000527376.3']","[1113.0, 3.0]","[0.9973118279569892, 0.002688172043010753]",1116.0,0.9973118279569892,371.0
chr11:130069977:+:ATG,2,"['ENST00000528499.5', 'ENST00000345598.9']","[39.0, 8.0]","[0.8297872340425532, 0.1702127659574468]",47.0,0.8297872340425532,4.875
chr11:13421795:-:ATG,2,"['ENST00000278174.10', 'ENST00000528120.5']","[27.0, 9.0]","[0.75, 0.25]",36.0,0.75,3.0
chr11:134252882:-:ATG,3,"['ENST00000352327.5', 'ENST00000392594.7', 'ENST00000392595.6']","[107.0, 102.0, 5.0]","[0.5, 0.4766355140186916, 0.02336448598130841]",214.0,0.5,1.0490196078431373
chr11:134253234:-:ATA,2,"['ENST00000352327.5', 'ENST00000392595.6']","[107.0, 5.0]","[0.9553571428571429, 0.044642857142857144]",112.0,0.9553571428571429,21.4
chr11:13463178:-:CTG,2,"['ENST00000278174.10', 'ENST00000528120.5']","[27.0, 9.0]","[0.75, 0.25]",36.0,0.75,3.0
chr11:14498925:-:ACG,2,"['ENST00000439561.7', 'ENST00000249923.7']","[230.0, 141.0]","[0.6199460916442049, 0.38005390835579517]",371.0,0.6199460916442049,1.6312056737588652
chr11:14498928:-:ATG,2,"['ENST00000439561.7', 'ENST00000249923.7']","[230.0, 141.0]","[0.6199460916442049, 0.38005390835579517]",371.0,0.6199460916442049,1.6312056737588652
chr11:17169741:-:ATG,2,"['ENST00000691414.1', 'ENST00000265970.11']","[51.0, 10.0]","[0.8360655737704918, 0.16393442622950818]",61.0,0.8360655737704918,5.1
chr11:17544307:-:ATG,2,"['ENST00000318024.9', 'ENST00000527020.5']","[23.0, 5.0]","[0.8214285714285714, 0.17857142857142858]",28.0,0.8214285714285714,4.6
chr11:18333074:+:ATG,2,"['ENST00000265963.9', 'ENST00000453096.6']","[85.0, 8.0]","[0.9139784946236559, 0.08602150537634409]",93.0,0.9139784946236559,10.625
chr11:18396842:+:ATG,5,"['ENST00000422447.8', 'ENST00000379412.9', 'ENST00000543445.5', 'ENST00000227157.8', 'ENST00000542179.1']","[4149.0, 31.0, 16.0, 10.0, 9.0]","[0.9843416370106761, 0.007354685646500593, 0.0037959667852906285, 0.002372479240806643, 0.002135231316725979]",4215.0,0.9843416370106761,133.83870967741936
chr11:18578787:-:GTG,3,"['ENST00000396197.8', 'ENST00000535484.5', 'ENST00000543987.5']","[18.0, 5.0, 3.0]","[0.6923076923076923, 0.19230769230769232, 0.11538461538461539]",26.0,0.6923076923076923,3.6
chr11:18588654:-:ATG,2,"['ENST00000396197.8', 'ENST00000543987.5']","[18.0, 3.0]","[0.8571428571428571, 0.14285714285714285]",21.0,0.8571428571428571,6.0
chr11:20023106:+:ATG,2,"['ENST00000533917.5', 'ENST00000525322.5']","[10.0, 9.0]","[0.5263157894736842, 0.47368421052631576]",19.0,0.5263157894736842,1.1111111111111112
chr11:20023118:+:AGG,2,"['ENST00000533917.5', 'ENST00000525322.5']","[10.0, 9.0]","[0.5263157894736842, 0.47368421052631576]",19.0,0.5263157894736842,1.1111111111111112
chr11:20364237:+:ATG,5,"['ENST00000451739.7', 'ENST00000532081.1', 'ENST00000530266.5', 'ENST00000443524.6', 'ENST00000421577.6']","[402.0, 48.0, 19.0, 11.0, 5.0]","[0.8288659793814434, 0.09896907216494845, 0.03917525773195876, 0.02268041237113402, 0.010309278350515464]",485.0,0.8288659793814434,8.375
chr11:20364255:+:CTG,3,"['ENST00000451739.7', 'ENST00000532081.1', 'ENST00000419348.6']","[402.0, 48.0, 5.0]","[0.8835164835164835, 0.1054945054945055, 0.01098901098901099]",455.0,0.8835164835164835,8.375
chr11:20364261:+:AAG,3,"['ENST00000451739.7', 'ENST00000532081.1', 'ENST00000419348.6']","[402.0, 48.0, 5.0]","[0.8835164835164835, 0.1054945054945055, 0.01098901098901099]",455.0,0.8835164835164835,8.375
chr11:20387746:+:ATG,2,"['ENST00000331079.11', 'ENST00000437750.2']","[117.0, 7.0]","[0.9435483870967742, 0.056451612903225805]",124.0,0.9435483870967742,16.714285714285715
chr11:237004:+:CTG,2,"['ENST00000532097.6', 'ENST00000431206.6']","[1177.0, 10.0]","[0.991575400168492, 0.008424599831508003]",1187.0,0.991575400168492,117.7
chr11:237049:+:ATG,3,"['ENST00000532097.6', 'ENST00000382671.8', 'ENST00000431206.6']","[1177.0, 14.0, 10.0]","[0.9800166527893422, 0.011656952539550375, 0.00832639467110741]",1201.0,0.9800166527893422,84.07142857142857
chr11:2402386:+:TTG,2,"['ENST00000380996.9', 'ENST00000451491.2']","[14.0, 7.0]","[0.6666666666666666, 0.3333333333333333]",21.0,0.6666666666666666,2.0
chr11:2402612:+:GTG,2,"['ENST00000380996.9', 'ENST00000451491.2']","[14.0, 7.0]","[0.6666666666666666, 0.3333333333333333]",21.0,0.6666666666666666,2.0
chr11:2402633:+:ATG,2,"['ENST00000380996.9', 'ENST00000451491.2']","[14.0, 7.0]","[0.6666666666666666, 0.3333333333333333]",21.0,0.6666666666666666,2.0
chr11:28110358:+:CTG,2,"['ENST00000303459.10', 'ENST00000407364.8']","[4.0, 3.0]","[0.5714285714285714, 0.42857142857142855]",7.0,0.5714285714285714,1.3333333333333333
chr11:2979220:-:ATG,2,"['ENST00000620138.4', 'ENST00000380542.9']","[491.0, 90.0]","[0.8450946643717728, 0.1549053356282272]",581.0,0.8450946643717728,5.455555555555556
chr11:30330948:+:ATG,2,"['ENST00000282032.4', 'ENST00000530909.2']","[127.0, 13.0]","[0.9071428571428571, 0.09285714285714286]",140.0,0.9071428571428571,9.76923076923077
chr11:3057367:-:ATG,3,"['ENST00000397111.9', 'ENST00000380525.9', 'ENST00000278224.13']","[166.0, 77.0, 61.0]","[0.5460526315789473, 0.2532894736842105, 0.20065789473684212]",304.0,0.5460526315789473,2.155844155844156
chr11:32583887:+:ATG,3,"['ENST00000531120.6', 'ENST00000524896.5', 'ENST00000525782.5']","[267.0, 68.0, 15.0]","[0.7628571428571429, 0.19428571428571428, 0.04285714285714286]",350.0,0.7628571428571429,3.926470588235294
chr11:33161325:-:ATG,4,"['ENST00000323959.9', 'ENST00000431742.2', 'ENST00000438862.6', 'ENST00000524827.6']","[273.0, 132.0, 54.0, 4.0]","[0.5896328293736501, 0.28509719222462204, 0.11663066954643629, 0.008639308855291577]",463.0,0.5896328293736501,2.0681818181818183
chr11:33286414:+:ATG,2,"['ENST00000456517.2', 'ENST00000303296.9']","[10.0, 5.0]","[0.6666666666666666, 0.3333333333333333]",15.0,0.6666666666666666,2.0
chr11:33722445:-:ATG,8,"['ENST00000642928.2', 'ENST00000351554.8', 'ENST00000395850.9', 'ENST00000415002.7', 'ENST00000534312.5', 'ENST00000527577.5', 'ENST00000445143.6', 'ENST00000527926.5']","[527.0, 144.0, 52.0, 37.0, 17.0, 13.0, 7.0, 3.0]","[0.65875, 0.18, 0.065, 0.04625, 0.02125, 0.01625, 0.00875, 0.00375]",800.0,0.65875,3.6597222222222223
chr11:33774497:-:ATG,2,"['ENST00000265651.8', 'ENST00000448981.6']","[105.0, 23.0]","[0.8203125, 0.1796875]",128.0,0.8203125,4.565217391304348
chr11:34052420:+:ATG,2,"['ENST00000341394.9', 'ENST00000532820.5']","[18.0, 5.0]","[0.782608695652174, 0.21739130434782608]",23.0,0.782608695652174,3.6
chr11:34052456:+:AAG,2,"['ENST00000341394.9', 'ENST00000532820.5']","[18.0, 5.0]","[0.782608695652174, 0.21739130434782608]",23.0,0.782608695652174,3.6
chr11:34916655:+:ATG,2,"['ENST00000227868.9', 'ENST00000430469.6']","[54.0, 3.0]","[0.9473684210526315, 0.05263157894736842]",57.0,0.9473684210526315,18.0
chr11:35139195:+:CTG,2,"['ENST00000263398.11', 'ENST00000433892.6']","[363.0, 19.0]","[0.9502617801047121, 0.049738219895287955]",382.0,0.9502617801047121,19.105263157894736
chr11:36289412:-:ATG,2,"['ENST00000263401.10', 'ENST00000452374.6']","[97.0, 4.0]","[0.9603960396039604, 0.039603960396039604]",101.0,0.9603960396039604,24.25
chr11:3823915:+:ATC,4,"['ENST00000496834.6', 'ENST00000300730.10', 'ENST00000396993.8', 'ENST00000396986.6']","[16.0, 14.0, 7.0, 5.0]","[0.38095238095238093, 0.3333333333333333, 0.16666666666666666, 0.11904761904761904]",42.0,0.38095238095238093,1.1428571428571428
chr11:43358954:+:ATG,2,"['ENST00000299240.10', 'ENST00000039989.9']","[23.0, 7.0]","[0.7666666666666667, 0.23333333333333334]",30.0,0.7666666666666667,3.2857142857142856
chr11:43414715:+:TTG,2,"['ENST00000299240.10', 'ENST00000039989.9']","[23.0, 7.0]","[0.7666666666666667, 0.23333333333333334]",30.0,0.7666666666666667,3.2857142857142856
chr11:43680827:+:ATG,2,"['ENST00000278353.10', 'ENST00000395700.4']","[279.0, 5.0]","[0.9823943661971831, 0.017605633802816902]",284.0,0.9823943661971831,55.8
chr11:45805840:+:ATG,2,"['ENST00000442528.2', 'ENST00000314134.4']","[121.0, 10.0]","[0.9236641221374046, 0.07633587786259542]",131.0,0.9236641221374046,12.1
chr11:45805894:+:AAG,2,"['ENST00000442528.2', 'ENST00000314134.4']","[121.0, 10.0]","[0.9236641221374046, 0.07633587786259542]",131.0,0.9236641221374046,12.1
chr11:46644291:+:ATG,2,"['ENST00000524625.5', 'ENST00000529655.5']","[19.0, 4.0]","[0.8260869565217391, 0.17391304347826086]",23.0,0.8260869565217391,4.75
chr11:46821231:-:ATG,2,"['ENST00000529230.6', 'ENST00000354558.7']","[39.0, 3.0]","[0.9285714285714286, 0.07142857142857142]",42.0,0.9285714285714286,13.0
chr11:46936805:+:ATG,2,"['ENST00000278460.12', 'ENST00000395460.6']","[49.0, 6.0]","[0.8909090909090909, 0.10909090909090909]",55.0,0.8909090909090909,8.166666666666666
chr11:47176835:-:AAG,4,"['ENST00000524782.6', 'ENST00000426335.6', 'ENST00000525314.6', 'ENST00000530596.5']","[282.0, 6.0, 3.0, 3.0]","[0.9591836734693877, 0.02040816326530612, 0.01020408163265306, 0.01020408163265306]",294.0,0.9591836734693877,47.0
chr11:47176853:-:ATG,4,"['ENST00000524782.6', 'ENST00000426335.6', 'ENST00000525314.6', 'ENST00000530596.5']","[282.0, 6.0, 3.0, 3.0]","[0.9591836734693877, 0.02040816326530612, 0.01020408163265306, 0.01020408163265306]",294.0,0.9591836734693877,47.0
chr11:47484482:-:AAG,2,"['ENST00000310513.10', 'ENST00000395290.6']","[635.0, 69.0]","[0.9019886363636364, 0.09801136363636363]",704.0,0.9019886363636364,9.202898550724637
chr11:47489014:-:ATG,3,"['ENST00000310513.10', 'ENST00000395290.6', 'ENST00000358597.7']","[635.0, 69.0, 19.0]","[0.8782849239280774, 0.0954356846473029, 0.02627939142461964]",723.0,0.8782849239280774,9.202898550724637
chr11:47577999:-:ATG,3,"['ENST00000430070.7', 'ENST00000395288.6', 'ENST00000533290.5']","[186.0, 12.0, 8.0]","[0.9029126213592233, 0.05825242718446602, 0.038834951456310676]",206.0,0.9029126213592233,15.5
chr11:47848300:-:CTG,2,"['ENST00000378460.7', 'ENST00000526870.1']","[141.0, 7.0]","[0.9527027027027027, 0.0472972972972973]",148.0,0.9527027027027027,20.142857142857142
chr11:502150:-:ATC,3,"['ENST00000438658.6', 'ENST00000397615.6', 'ENST00000354420.7']","[88.0, 28.0, 3.0]","[0.7394957983193278, 0.23529411764705882, 0.025210084033613446]",119.0,0.7394957983193278,3.142857142857143
chr11:502162:-:ATG,4,"['ENST00000397604.7', 'ENST00000438658.6', 'ENST00000397615.6', 'ENST00000354420.7']","[103.0, 88.0, 28.0, 3.0]","[0.46396396396396394, 0.3963963963963964, 0.12612612612612611, 0.013513513513513514]",222.0,0.46396396396396394,1.1704545454545454
chr11:5603312:+:ATG,2,"['ENST00000380097.8', 'ENST00000278302.9']","[15.0, 10.0]","[0.6, 0.4]",25.0,0.6,1.5
chr11:57530189:-:ATG,3,"['ENST00000257245.9', 'ENST00000525587.1', 'ENST00000525158.1']","[1051.0, 102.0, 70.0]","[0.8593622240392478, 0.08340147179067865, 0.05723630417007359]",1223.0,0.8593622240392478,10.303921568627452
chr11:57657837:+:CTG,2,"['ENST00000533682.2', 'ENST00000302731.4']","[291.0, 6.0]","[0.9797979797979798, 0.020202020202020204]",297.0,0.9797979797979798,48.5
chr11:57712618:+:ATG,2,"['ENST00000278422.9', 'ENST00000378312.8']","[999.0, 382.0]","[0.723388848660391, 0.27661115133960895]",1381.0,0.723388848660391,2.615183246073298
chr11:61429235:-:ATG,3,"['ENST00000439958.8', 'ENST00000394888.8', 'ENST00000340437.8']","[162.0, 69.0, 3.0]","[0.6923076923076923, 0.2948717948717949, 0.01282051282051282]",234.0,0.6923076923076923,2.347826086956522
chr11:61429268:-:ATC,3,"['ENST00000439958.8', 'ENST00000394888.8', 'ENST00000340437.8']","[162.0, 69.0, 3.0]","[0.6923076923076923, 0.2948717948717949, 0.01282051282051282]",234.0,0.6923076923076923,2.347826086956522
chr11:61430146:+:ATG,2,"['ENST00000301761.7', 'ENST00000542794.5']","[674.0, 3.0]","[0.9955686853766618, 0.004431314623338257]",677.0,0.9955686853766618,224.66666666666666
chr11:61430152:+:GTG,2,"['ENST00000301761.7', 'ENST00000542794.5']","[674.0, 3.0]","[0.9955686853766618, 0.004431314623338257]",677.0,0.9955686853766618,224.66666666666666
chr11:61792558:-:ATG,2,"['ENST00000537328.6', 'ENST00000257262.12']","[600.0, 18.0]","[0.970873786407767, 0.02912621359223301]",618.0,0.970873786407767,33.333333333333336
chr11:61837804:+:CTG,3,"['ENST00000257261.10', 'ENST00000521849.5', 'ENST00000522056.5']","[46.0, 4.0, 4.0]","[0.8518518518518519, 0.07407407407407407, 0.07407407407407407]",54.0,0.8518518518518519,11.5
chr11:62337977:+:ATG,2,"['ENST00000301776.9', 'ENST00000415229.6']","[10.0, 4.0]","[0.7142857142857143, 0.2857142857142857]",14.0,0.7142857142857143,2.5
chr11:62338025:+:AAG,2,"['ENST00000301776.9', 'ENST00000415229.6']","[10.0, 4.0]","[0.7142857142857143, 0.2857142857142857]",14.0,0.7142857142857143,2.5
chr11:62591485:-:ATG,2,"['ENST00000308436.11', 'ENST00000496634.2']","[29.0, 7.0]","[0.8055555555555556, 0.19444444444444445]",36.0,0.8055555555555556,4.142857142857143
chr11:62670031:-:ATG,2,"['ENST00000354588.8', 'ENST00000431002.6']","[36.0, 25.0]","[0.5901639344262295, 0.4098360655737705]",61.0,0.5901639344262295,1.44
chr11:62671727:+:CTG,2,"['ENST00000377953.4', 'ENST00000531323.1']","[36.0, 30.0]","[0.5454545454545454, 0.45454545454545453]",66.0,0.5454545454545454,1.2
chr11:62671745:+:ATG,2,"['ENST00000377953.4', 'ENST00000531323.1']","[36.0, 30.0]","[0.5454545454545454, 0.45454545454545453]",66.0,0.5454545454545454,1.2
chr11:62678923:-:ATG,3,"['ENST00000301935.10', 'ENST00000534176.1', 'ENST00000294119.6']","[521.0, 5.0, 4.0]","[0.9830188679245283, 0.009433962264150943, 0.007547169811320755]",530.0,0.9830188679245283,104.2
chr11:62728848:+:ATG,3,"['ENST00000316461.9', 'ENST00000294161.10', 'ENST00000532583.1']","[302.0, 11.0, 5.0]","[0.949685534591195, 0.03459119496855346, 0.015723270440251572]",318.0,0.949685534591195,27.454545454545453
chr11:62728854:+:AAG,3,"['ENST00000316461.9', 'ENST00000294161.10', 'ENST00000532583.1']","[302.0, 11.0, 5.0]","[0.949685534591195, 0.03459119496855346, 0.015723270440251572]",318.0,0.949685534591195,27.454545454545453
chr11:62805356:-:ATG,2,"['ENST00000294172.7', 'ENST00000531709.6']","[173.0, 30.0]","[0.8522167487684729, 0.1477832512315271]",203.0,0.8522167487684729,5.766666666666667
chr11:62839570:-:ATG,2,"['ENST00000278856.9', 'ENST00000311713.11']","[557.0, 35.0]","[0.9408783783783784, 0.05912162162162162]",592.0,0.9408783783783784,15.914285714285715
chr11:63671335:-:ATG,2,"['ENST00000398868.8', 'ENST00000540699.1']","[1083.0, 3.0]","[0.9972375690607734, 0.0027624309392265192]",1086.0,0.9972375690607734,361.0
chr11:63681555:+:TTG,4,"['ENST00000537981.5', 'ENST00000341307.6', 'ENST00000540798.5', 'ENST00000339997.8']","[500.0, 29.0, 11.0, 5.0]","[0.9174311926605505, 0.05321100917431193, 0.02018348623853211, 0.009174311926605505]",545.0,0.9174311926605505,17.24137931034483
chr11:63986456:+:ATG,2,"['ENST00000428192.6', 'ENST00000538426.6']","[927.0, 454.0]","[0.6712527154236061, 0.3287472845763939]",1381.0,0.6712527154236061,2.041850220264317
chr11:64225860:-:ATG,3,"['ENST00000317459.11', 'ENST00000541278.5', 'ENST00000546089.5']","[40.0, 20.0, 7.0]","[0.5970149253731343, 0.29850746268656714, 0.1044776119402985]",67.0,0.5970149253731343,2.0
chr11:64318215:+:ATG,3,"['ENST00000265462.9', 'ENST00000347941.4', 'ENST00000352435.8']","[3458.0, 29.0, 11.0]","[0.9885648942252716, 0.008290451686678102, 0.0031446540880503146]",3498.0,0.9885648942252716,119.24137931034483
chr11:6480400:-:AAG,2,"['ENST00000396777.8', 'ENST00000254584.6']","[251.0, 5.0]","[0.98046875, 0.01953125]",256.0,0.98046875,50.2
chr11:6480421:-:ATG,2,"['ENST00000396777.8', 'ENST00000254584.6']","[251.0, 5.0]","[0.98046875, 0.01953125]",256.0,0.98046875,50.2
chr11:6481296:-:CTG,2,"['ENST00000396777.8', 'ENST00000423813.6']","[251.0, 3.0]","[0.9881889763779528, 0.011811023622047244]",254.0,0.9881889763779528,83.66666666666667
chr11:6481516:+:ATG,4,"['ENST00000533379.1', 'ENST00000254616.11', 'ENST00000531462.5', 'ENST00000530751.1']","[159.0, 129.0, 32.0, 18.0]","[0.47041420118343197, 0.3816568047337278, 0.09467455621301775, 0.05325443786982249]",338.0,0.47041420118343197,1.2325581395348837
chr11:65014207:+:ATG,2,"['ENST00000246747.9', 'ENST00000529384.5']","[1472.0, 43.0]","[0.9716171617161716, 0.02838283828382838]",1515.0,0.9716171617161716,34.23255813953488
chr11:65121813:-:ATG,3,"['ENST00000529639.6', 'ENST00000279259.7', 'ENST00000434372.2']","[9462.0, 36.0, 4.0]","[0.9957903599242265, 0.003788676068196169, 0.0004209640075773521]",9502.0,0.9957903599242265,262.8333333333333
chr11:65133601:-:ATG,2,"['ENST00000294256.12', 'ENST00000377190.8']","[16.0, 12.0]","[0.5714285714285714, 0.42857142857142855]",28.0,0.5714285714285714,1.3333333333333333
chr11:65182701:+:ATG,3,"['ENST00000279247.11', 'ENST00000533820.5', 'ENST00000524773.5']","[51.0, 8.0, 7.0]","[0.7727272727272727, 0.12121212121212122, 0.10606060606060606]",66.0,0.7727272727272727,6.375
chr11:65182716:+:ATC,2,"['ENST00000533820.5', 'ENST00000524773.5']","[8.0, 7.0]","[0.5333333333333333, 0.4666666666666667]",15.0,0.5333333333333333,1.1428571428571428
chr11:65858099:-:ATG,3,"['ENST00000308162.10', 'ENST00000526975.1', 'ENST00000525451.6']","[1330.0, 335.0, 117.0]","[0.7463524130190797, 0.18799102132435466, 0.06565656565656566]",1782.0,0.7463524130190797,3.970149253731343
chr11:65888418:-:ATG,2,"['ENST00000338369.6', 'ENST00000357519.9']","[923.0, 218.0]","[0.8089395267309377, 0.19106047326906223]",1141.0,0.8089395267309377,4.23394495412844
chr11:6604271:+:ATG,3,"['ENST00000299421.9', 'ENST00000420936.6', 'ENST00000396751.6']","[193.0, 186.0, 49.0]","[0.45093457943925236, 0.43457943925233644, 0.11448598130841121]",428.0,0.45093457943925236,1.0376344086021505
chr11:6612189:-:ATG,2,"['ENST00000527248.3', 'ENST00000299424.9']","[26.0, 7.0]","[0.7878787878787878, 0.21212121212121213]",33.0,0.7878787878787878,3.7142857142857144
chr11:6619400:-:ATG,2,"['ENST00000299427.12', 'ENST00000531754.2']","[156.0, 3.0]","[0.9811320754716981, 0.018867924528301886]",159.0,0.9811320754716981,52.0
chr11:66438754:-:ATG,3,"['ENST00000310999.11', 'ENST00000430466.6', 'ENST00000329819.4']","[154.0, 56.0, 55.0]","[0.5811320754716981, 0.21132075471698114, 0.20754716981132076]",265.0,0.5811320754716981,2.75
chr11:66482200:+:ATG,2,"['ENST00000531863.6', 'ENST00000532677.5']","[139.0, 12.0]","[0.9205298013245033, 0.07947019867549669]",151.0,0.9205298013245033,11.583333333333334
chr11:66616720:+:ATG,3,"['ENST00000310137.5', 'ENST00000412278.2', 'ENST00000500635.2']","[81.0, 10.0, 4.0]","[0.8526315789473684, 0.10526315789473684, 0.042105263157894736]",95.0,0.8526315789473684,8.1
chr11:66639711:+:ATG,6,"['ENST00000310092.12', 'ENST00000398692.8', 'ENST00000483858.5', 'ENST00000506523.6', 'ENST00000530235.1', 'ENST00000396053.9']","[451.0, 262.0, 147.0, 48.0, 25.0, 4.0]","[0.4813233724653148, 0.27961579509071505, 0.1568836712913554, 0.051227321237993596, 0.026680896478121666, 0.004268943436499467]",937.0,0.4813233724653148,1.7213740458015268
chr11:66872159:-:ATG,3,"['ENST00000524491.6', 'ENST00000393958.7', 'ENST00000393955.6']","[44.0, 24.0, 4.0]","[0.6111111111111112, 0.3333333333333333, 0.05555555555555555]",72.0,0.6111111111111112,1.8333333333333333
chr11:67401782:-:ATG,2,"['ENST00000376745.9', 'ENST00000312989.11']","[1074.0, 9.0]","[0.9916897506925207, 0.008310249307479225]",1083.0,0.9916897506925207,119.33333333333333
chr11:67583843:+:ATG,3,"['ENST00000398606.10', 'ENST00000398603.6', 'ENST00000495996.2']","[3743.0, 36.0, 4.0]","[0.9894263811789585, 0.00951625693893735, 0.00105736188210415]",3783.0,0.9894263811789585,103.97222222222223
chr11:68460764:+:ATG,3,"['ENST00000393800.7', 'ENST00000524904.5', 'ENST00000534534.5']","[28.0, 25.0, 5.0]","[0.4827586206896552, 0.43103448275862066, 0.08620689655172414]",58.0,0.4827586206896552,1.12
chr11:68815474:-:ATG,3,"['ENST00000265641.10', 'ENST00000376618.6', 'ENST00000540367.5']","[579.0, 5.0, 3.0]","[0.9863713798977853, 0.008517887563884156, 0.005110732538330494]",587.0,0.9863713798977853,115.8
chr11:72035943:-:ATG,3,"['ENST00000542977.5', 'ENST00000537217.5', 'ENST00000393695.8']","[31.0, 9.0, 7.0]","[0.6595744680851063, 0.19148936170212766, 0.14893617021276595]",47.0,0.6595744680851063,3.4444444444444446
chr11:72111276:-:ATG,6,"['ENST00000227618.9', 'ENST00000538393.5', 'ENST00000535234.5', 'ENST00000545944.5', 'ENST00000545680.5', 'ENST00000543587.5']","[195.0, 195.0, 137.0, 24.0, 9.0, 3.0]","[0.3463587921847247, 0.3463587921847247, 0.2433392539964476, 0.04262877442273535, 0.015985790408525755, 0.0053285968028419185]",563.0,0.3463587921847247,1.0
chr11:72112742:-:ATG,4,"['ENST00000538393.5', 'ENST00000535234.5', 'ENST00000545680.5', 'ENST00000543587.5']","[195.0, 137.0, 9.0, 3.0]","[0.5668604651162791, 0.39825581395348836, 0.02616279069767442, 0.00872093023255814]",344.0,0.5668604651162791,1.4233576642335766
chr11:72192173:+:ATG,2,"['ENST00000393676.5', 'ENST00000312293.9']","[1938.0, 28.0]","[0.9857578840284842, 0.014242115971515769]",1966.0,0.9857578840284842,69.21428571428571
chr11:72434474:-:ATG,3,"['ENST00000542555.3', 'ENST00000538039.6', 'ENST00000340729.9']","[40.0, 31.0, 11.0]","[0.4878048780487805, 0.3780487804878049, 0.13414634146341464]",82.0,0.4878048780487805,1.2903225806451613
chr11:73787971:+:ATG,2,"['ENST00000310614.12', 'ENST00000542303.5']","[97.0, 36.0]","[0.7293233082706767, 0.2706766917293233]",133.0,0.7293233082706767,2.6944444444444446
chr11:73787983:+:TTG,2,"['ENST00000310614.12', 'ENST00000542303.5']","[97.0, 36.0]","[0.7293233082706767, 0.2706766917293233]",133.0,0.7293233082706767,2.6944444444444446
chr11:73787989:+:AAG,2,"['ENST00000310614.12', 'ENST00000542303.5']","[97.0, 36.0]","[0.7293233082706767, 0.2706766917293233]",133.0,0.7293233082706767,2.6944444444444446
chr11:73873378:-:ATG,3,"['ENST00000355693.5', 'ENST00000537289.2', 'ENST00000545127.1']","[804.0, 30.0, 21.0]","[0.9403508771929825, 0.03508771929824561, 0.02456140350877193]",855.0,0.9403508771929825,26.8
chr11:73978378:-:ATG,2,"['ENST00000663595.2', 'ENST00000310473.11']","[1196.0, 3.0]","[0.9974979149291076, 0.0025020850708924102]",1199.0,0.9974979149291076,398.6666666666667
chr11:73981562:-:ATG,2,"['ENST00000663595.2', 'ENST00000310473.11']","[1196.0, 3.0]","[0.9974979149291076, 0.0025020850708924102]",1199.0,0.9974979149291076,398.6666666666667
chr11:747481:+:ATG,2,"['ENST00000319006.8', 'ENST00000528097.5']","[828.0, 31.0]","[0.9639115250291036, 0.03608847497089639]",859.0,0.9639115250291036,26.70967741935484
chr11:75351607:-:ATG,2,"['ENST00000420843.7', 'ENST00000360025.7']","[59.0, 21.0]","[0.7375, 0.2625]",80.0,0.7375,2.8095238095238093
chr11:75399547:+:ATG,3,"['ENST00000531188.6', 'ENST00000524851.5', 'ENST00000527446.5']","[3015.0, 20.0, 9.0]","[0.990473061760841, 0.006570302233902759, 0.002956636005256242]",3044.0,0.990473061760841,150.75
chr11:75399565:+:AAG,3,"['ENST00000531188.6', 'ENST00000524851.5', 'ENST00000527446.5']","[3015.0, 20.0, 9.0]","[0.990473061760841, 0.006570302233902759, 0.002956636005256242]",3044.0,0.990473061760841,150.75
chr11:77842496:+:ATG,2,"['ENST00000393427.7', 'ENST00000526415.5']","[59.0, 38.0]","[0.6082474226804123, 0.3917525773195876]",97.0,0.6082474226804123,1.5526315789473684
chr11:77994643:-:ATG,2,"['ENST00000534064.6', 'ENST00000529807.5']","[46.0, 7.0]","[0.8679245283018868, 0.1320754716981132]",53.0,0.8679245283018868,6.571428571428571
chr11:78079744:-:ATG,4,"['ENST00000281031.5', 'ENST00000534029.5', 'ENST00000530054.1', 'ENST00000525085.1']","[961.0, 27.0, 12.0, 5.0]","[0.9562189054726368, 0.026865671641791045, 0.011940298507462687, 0.004975124378109453]",1005.0,0.9562189054726368,35.592592592592595
chr11:78139588:-:ATG,4,"['ENST00000299626.10', 'ENST00000376156.7', 'ENST00000532440.6', 'ENST00000526849.6']","[652.0, 42.0, 5.0, 4.0]","[0.9274537695590327, 0.059743954480796585, 0.007112375533428165, 0.005689900426742532]",703.0,0.9274537695590327,15.523809523809524
chr11:83157168:+:CTG,2,"['ENST00000690938.1', 'ENST00000298281.8']","[53.0, 12.0]","[0.8153846153846154, 0.18461538461538463]",65.0,0.8153846153846154,4.416666666666667
chr11:83280240:-:AAG,2,"['ENST00000529689.6', 'ENST00000455220.6']","[28.0, 5.0]","[0.8484848484848485, 0.15151515151515152]",33.0,0.8484848484848485,5.6
chr11:834562:+:CTG,2,"['ENST00000397420.9', 'ENST00000322008.9']","[451.0, 65.0]","[0.874031007751938, 0.12596899224806202]",516.0,0.874031007751938,6.938461538461539
chr11:836069:+:ATG,3,"['ENST00000397420.9', 'ENST00000397421.5', 'ENST00000322008.9']","[451.0, 283.0, 65.0]","[0.5644555694618273, 0.3541927409261577, 0.08135168961201501]",799.0,0.5644555694618273,1.5936395759717314
chr11:85628607:+:ATG,6,"['ENST00000358867.11', 'ENST00000393375.5', 'ENST00000529197.1', 'ENST00000526822.5', 'ENST00000534341.1', 'ENST00000528361.5']","[599.0, 197.0, 135.0, 64.0, 22.0, 14.0]","[0.5809893307468477, 0.19107662463627545, 0.1309408341416101, 0.06207565470417071, 0.02133850630455868, 0.013579049466537343]",1031.0,0.5809893307468477,3.0406091370558377
chr11:86068981:-:TTG,2,"['ENST00000532317.5', 'ENST00000526033.5']","[18.0, 3.0]","[0.8571428571428571, 0.14285714285714285]",21.0,0.8571428571428571,6.0
chr11:86068984:-:ATC,2,"['ENST00000532317.5', 'ENST00000526033.5']","[18.0, 3.0]","[0.8571428571428571, 0.14285714285714285]",21.0,0.8571428571428571,6.0
chr11:86068993:-:GTG,2,"['ENST00000532317.5', 'ENST00000526033.5']","[18.0, 3.0]","[0.8571428571428571, 0.14285714285714285]",21.0,0.8571428571428571,6.0
chr11:86245229:+:ATG,3,"['ENST00000263360.11', 'ENST00000327320.8', 'ENST00000351625.10']","[7.0, 6.0, 4.0]","[0.4117647058823529, 0.35294117647058826, 0.23529411764705882]",17.0,0.4117647058823529,1.1666666666666667
chr11:86245283:+:AAG,3,"['ENST00000263360.11', 'ENST00000327320.8', 'ENST00000351625.10']","[7.0, 6.0, 4.0]","[0.4117647058823529, 0.35294117647058826, 0.23529411764705882]",17.0,0.4117647058823529,1.1666666666666667
chr11:88337672:-:ATG,4,"['ENST00000227266.10', 'ENST00000524463.6', 'ENST00000529974.2', 'ENST00000393301.5']","[1581.0, 169.0, 41.0, 8.0]","[0.8788215675375208, 0.09394107837687604, 0.022790439132851583, 0.0044469149527515284]",1799.0,0.8788215675375208,9.355029585798816
chr11:8911449:+:ATG,4,"['ENST00000309377.9', 'ENST00000299576.9', 'ENST00000309357.8', 'ENST00000534147.5']","[63.0, 47.0, 24.0, 3.0]","[0.45985401459854014, 0.34306569343065696, 0.17518248175182483, 0.021897810218978103]",137.0,0.45985401459854014,1.3404255319148937
chr11:90222954:-:ATG,2,"['ENST00000320585.11', 'ENST00000457199.6']","[214.0, 22.0]","[0.9067796610169492, 0.09322033898305085]",236.0,0.9067796610169492,9.727272727272727
chr11:9314531:-:GTG,2,"['ENST00000528080.6', 'ENST00000299596.8']","[26.0, 9.0]","[0.7428571428571429, 0.2571428571428571]",35.0,0.7428571428571429,2.888888888888889
chr11:93747393:+:ATG,2,"['ENST00000331239.8', 'ENST00000617482.4']","[18.0, 9.0]","[0.6666666666666666, 0.3333333333333333]",27.0,0.6666666666666666,2.0
chr11:95790698:+:ATG,4,"['ENST00000325542.10', 'ENST00000325486.9', 'ENST00000538658.5', 'ENST00000540830.5']","[89.0, 18.0, 17.0, 7.0]","[0.6793893129770993, 0.13740458015267176, 0.1297709923664122, 0.05343511450381679]",131.0,0.6793893129770993,4.944444444444445
chr12:100200851:+:ATG,3,"['ENST00000188312.7', 'ENST00000548180.5', 'ENST00000553038.5']","[223.0, 15.0, 5.0]","[0.9176954732510288, 0.06172839506172839, 0.0205761316872428]",243.0,0.9176954732510288,14.866666666666667
chr12:100594904:+:ATG,2,"['ENST00000547754.6', 'ENST00000266754.9']","[27.0, 14.0]","[0.6585365853658537, 0.34146341463414637]",41.0,0.6585365853658537,1.9285714285714286
chr12:102061962:-:ATG,4,"['ENST00000545679.5', 'ENST00000240079.11', 'ENST00000544341.5', 'ENST00000540536.5']","[49.0, 22.0, 4.0, 3.0]","[0.6282051282051282, 0.28205128205128205, 0.05128205128205128, 0.038461538461538464]",78.0,0.6282051282051282,2.227272727272727
chr12:102118518:-:ATG,2,"['ENST00000251074.5', 'ENST00000552283.6']","[425.0, 108.0]","[0.797373358348968, 0.2026266416510319]",533.0,0.797373358348968,3.935185185185185
chr12:102123888:+:ATG,2,"['ENST00000327680.7', 'ENST00000537257.5']","[31.0, 10.0]","[0.7560975609756098, 0.24390243902439024]",41.0,0.7560975609756098,3.1
chr12:10213129:+:ATG,2,"['ENST00000266458.10', 'ENST00000541960.5']","[374.0, 13.0]","[0.9664082687338501, 0.03359173126614987]",387.0,0.9664082687338501,28.76923076923077
chr12:10218122:+:GTG,3,"['ENST00000546017.5', 'ENST00000541960.5', 'ENST00000539170.5']","[47.0, 13.0, 4.0]","[0.734375, 0.203125, 0.0625]",64.0,0.734375,3.6153846153846154
chr12:104019648:-:ATG,2,"['ENST00000360814.9', 'ENST00000548660.5']","[67.0, 23.0]","[0.7444444444444445, 0.25555555555555554]",90.0,0.7444444444444445,2.9130434782608696
chr12:104064560:+:ATG,2,"['ENST00000544223.6', 'ENST00000229330.9']","[9.0, 7.0]","[0.5625, 0.4375]",16.0,0.5625,1.2857142857142858
chr12:104135453:-:ATG,2,"['ENST00000240055.8', 'ENST00000551727.5']","[53.0, 23.0]","[0.6973684210526315, 0.3026315789473684]",76.0,0.6973684210526315,2.3043478260869565
chr12:10420460:-:ATT,2,"['ENST00000396439.7', 'ENST00000381903.2']","[55.0, 4.0]","[0.9322033898305084, 0.06779661016949153]",59.0,0.9322033898305084,13.75
chr12:10420550:-:ATG,2,"['ENST00000396439.7', 'ENST00000381903.2']","[55.0, 4.0]","[0.9322033898305084, 0.06779661016949153]",59.0,0.9322033898305084,13.75
chr12:104288944:+:CTG,4,"['ENST00000503506.6', 'ENST00000526691.5', 'ENST00000527688.5', 'ENST00000525566.6']","[1684.0, 645.0, 66.0, 32.0]","[0.6938607334157396, 0.2657601977750309, 0.027194066749072928, 0.013185002060156572]",2427.0,0.6938607334157396,2.6108527131782946
chr12:104288983:+:CTG,6,"['ENST00000503506.6', 'ENST00000526691.5', 'ENST00000527688.5', 'ENST00000525566.6', 'ENST00000529546.5', 'ENST00000524698.5']","[1684.0, 645.0, 66.0, 32.0, 9.0, 5.0]","[0.6898811962310528, 0.26423596886521916, 0.027038099139696844, 0.013109381401065138, 0.0036870135190495697, 0.0020483408439164277]",2441.0,0.6898811962310528,2.6108527131782946
chr12:104311325:+:ATG,7,"['ENST00000503506.6', 'ENST00000526691.5', 'ENST00000527688.5', 'ENST00000525566.6', 'ENST00000526580.5', 'ENST00000531691.5', 'ENST00000524698.5']","[1684.0, 645.0, 66.0, 32.0, 11.0, 11.0, 5.0]","[0.6862265688671557, 0.2628361858190709, 0.02689486552567237, 0.013039934800325998, 0.004482477587612062, 0.004482477587612062, 0.002037489812550937]",2454.0,0.6862265688671557,2.6108527131782946
chr12:104311349:+:AAG,4,"['ENST00000526691.5', 'ENST00000525566.6', 'ENST00000526580.5', 'ENST00000531691.5']","[645.0, 32.0, 11.0, 11.0]","[0.9227467811158798, 0.045779685264663805, 0.015736766809728183, 0.015736766809728183]",699.0,0.9227467811158798,20.15625
chr12:104986352:+:ATG,2,"['ENST00000552951.7', 'ENST00000280749.5']","[216.0, 47.0]","[0.8212927756653993, 0.17870722433460076]",263.0,0.8212927756653993,4.595744680851064
chr12:10613532:-:ATG,2,"['ENST00000320756.7', 'ENST00000544850.5']","[215.0, 12.0]","[0.947136563876652, 0.05286343612334802]",227.0,0.947136563876652,17.916666666666668
chr12:106774745:+:ATG,2,"['ENST00000392837.9', 'ENST00000392839.6']","[55.0, 7.0]","[0.8870967741935484, 0.11290322580645161]",62.0,0.8870967741935484,7.857142857142857
chr12:10723222:-:ATC,2,"['ENST00000228251.9', 'ENST00000279550.11']","[43.0, 24.0]","[0.6417910447761194, 0.3582089552238806]",67.0,0.6417910447761194,1.7916666666666667
chr12:10723234:-:CTG,2,"['ENST00000228251.9', 'ENST00000279550.11']","[43.0, 24.0]","[0.6417910447761194, 0.3582089552238806]",67.0,0.6417910447761194,1.7916666666666667
chr12:107685899:+:ATG,2,"['ENST00000412830.8', 'ENST00000552760.5']","[199.0, 5.0]","[0.9754901960784313, 0.024509803921568627]",204.0,0.9754901960784313,39.8
chr12:108561154:-:ATG,3,"['ENST00000546815.6', 'ENST00000228284.8', 'ENST00000547528.5']","[43.0, 34.0, 20.0]","[0.44329896907216493, 0.35051546391752575, 0.20618556701030927]",97.0,0.44329896907216493,1.2647058823529411
chr12:109573480:-:ATG,3,"['ENST00000537496.5', 'ENST00000545712.7', 'ENST00000540016.5']","[24.0, 21.0, 3.0]","[0.5, 0.4375, 0.0625]",48.0,0.5,1.1428571428571428
chr12:110127380:+:ATG,2,"['ENST00000242591.10', 'ENST00000552912.5']","[22.0, 12.0]","[0.6470588235294118, 0.35294117647058826]",34.0,0.6470588235294118,1.8333333333333333
chr12:110403627:-:ATG,2,"['ENST00000450008.3', 'ENST00000455511.9']","[86.0, 40.0]","[0.6825396825396826, 0.31746031746031744]",126.0,0.6825396825396826,2.15
chr12:110403687:-:ATC,2,"['ENST00000450008.3', 'ENST00000455511.9']","[86.0, 40.0]","[0.6825396825396826, 0.31746031746031744]",126.0,0.6825396825396826,2.15
chr12:110468203:-:ATG,2,"['ENST00000228827.8', 'ENST00000537466.6']","[169.0, 20.0]","[0.8941798941798942, 0.10582010582010581]",189.0,0.8941798941798942,8.45
chr12:110502051:-:ATG,2,"['ENST00000360579.11', 'ENST00000549578.6']","[344.0, 221.0]","[0.6088495575221239, 0.3911504424778761]",565.0,0.6088495575221239,1.5565610859728507
chr12:110614182:+:ATG,3,"['ENST00000550703.6', 'ENST00000549123.6', 'ENST00000551590.5']","[39.0, 6.0, 3.0]","[0.8125, 0.125, 0.0625]",48.0,0.8125,6.5
chr12:110614185:+:AGG,3,"['ENST00000550703.6', 'ENST00000549123.6', 'ENST00000551590.5']","[39.0, 6.0, 3.0]","[0.8125, 0.125, 0.0625]",48.0,0.8125,6.5
chr12:112907039:+:ATG,3,"['ENST00000452357.7', 'ENST00000445409.7', 'ENST00000202917.10']","[14.0, 9.0, 3.0]","[0.5384615384615384, 0.34615384615384615, 0.11538461538461539]",26.0,0.5384615384615384,1.5555555555555556
chr12:112907042:+:ATG,3,"['ENST00000452357.7', 'ENST00000445409.7', 'ENST00000202917.10']","[14.0, 9.0, 3.0]","[0.5384615384615384, 0.34615384615384615, 0.11538461538461539]",26.0,0.5384615384615384,1.5555555555555556
chr12:112938530:+:ATG,2,"['ENST00000228928.12', 'ENST00000548514.2']","[3.0, 3.0]","[0.5, 0.5]",6.0,0.5,1.0
chr12:113185439:-:AAG,2,"['ENST00000314045.11', 'ENST00000306014.10']","[5.0, 3.0]","[0.625, 0.375]",8.0,0.625,1.6666666666666667
chr12:113185451:-:ATG,2,"['ENST00000314045.11', 'ENST00000306014.10']","[5.0, 3.0]","[0.625, 0.375]",8.0,0.625,1.6666666666666667
chr12:113966227:-:ATG,2,"['ENST00000392561.7', 'ENST00000261741.10']","[49.0, 7.0]","[0.875, 0.125]",56.0,0.875,7.0
chr12:117190456:-:ATG,2,"['ENST00000622495.5', 'ENST00000330622.9']","[102.0, 29.0]","[0.7786259541984732, 0.22137404580152673]",131.0,0.7786259541984732,3.5172413793103448
chr12:120496114:+:ATG,2,"['ENST00000392508.2', 'ENST00000549989.1']","[367.0, 60.0]","[0.8594847775175644, 0.1405152224824356]",427.0,0.8594847775175644,6.116666666666666
chr12:120496421:+:ATG,3,"['ENST00000242577.11', 'ENST00000392508.2', 'ENST00000549989.1']","[4718.0, 367.0, 60.0]","[0.9170068027210885, 0.07133138969873663, 0.011661807580174927]",5145.0,0.9170068027210885,12.85558583106267
chr12:120496433:+:AAG,2,"['ENST00000392508.2', 'ENST00000549989.1']","[367.0, 60.0]","[0.8594847775175644, 0.1405152224824356]",427.0,0.8594847775175644,6.116666666666666
chr12:120694104:+:ATG,2,"['ENST00000228506.8', 'ENST00000545525.6']","[35.0, 7.0]","[0.8333333333333334, 0.16666666666666666]",42.0,0.8333333333333334,5.0
chr12:120694146:+:CTG,2,"['ENST00000228506.8', 'ENST00000545525.6']","[35.0, 7.0]","[0.8333333333333334, 0.16666666666666666]",42.0,0.8333333333333334,5.0
chr12:121793615:-:CTG,2,"['ENST00000267205.7', 'ENST00000537171.5']","[436.0, 11.0]","[0.9753914988814317, 0.024608501118568233]",447.0,0.9753914988814317,39.63636363636363
chr12:121793633:-:ATG,2,"['ENST00000267205.7', 'ENST00000537171.5']","[436.0, 11.0]","[0.9753914988814317, 0.024608501118568233]",447.0,0.9753914988814317,39.63636363636363
chr12:121888856:+:ATG,3,"['ENST00000541212.6', 'ENST00000261817.6', 'ENST00000538613.5']","[140.0, 22.0, 16.0]","[0.7865168539325843, 0.12359550561797752, 0.0898876404494382]",178.0,0.7865168539325843,6.363636363636363
chr12:122266408:-:ATG,3,"['ENST00000267199.9', 'ENST00000451053.3', 'ENST00000544349.7']","[62.0, 16.0, 7.0]","[0.7294117647058823, 0.18823529411764706, 0.08235294117647059]",85.0,0.7294117647058823,3.875
chr12:122530063:+:ATG,2,"['ENST00000333479.12', 'ENST00000450485.6']","[63.0, 3.0]","[0.9545454545454546, 0.045454545454545456]",66.0,0.9545454545454546,21.0
chr12:123253674:+:ATG,4,"['ENST00000253233.6', 'ENST00000543139.2', 'ENST00000429587.2', 'ENST00000366329.7']","[97.0, 9.0, 6.0, 4.0]","[0.8362068965517241, 0.07758620689655173, 0.05172413793103448, 0.034482758620689655]",116.0,0.8362068965517241,10.777777777777779
chr12:123267253:-:ATG,3,"['ENST00000618072.4', 'ENST00000542174.5', 'ENST00000544658.5']","[23.0, 5.0, 3.0]","[0.7419354838709677, 0.16129032258064516, 0.0967741935483871]",31.0,0.7419354838709677,4.6
chr12:123350441:-:ATG,2,"['ENST00000420886.6', 'ENST00000602398.3']","[29.0, 27.0]","[0.5178571428571429, 0.48214285714285715]",56.0,0.5178571428571429,1.0740740740740742
chr12:123633644:-:CTG,2,"['ENST00000424014.7', 'ENST00000537073.1']","[64.0, 5.0]","[0.927536231884058, 0.07246376811594203]",69.0,0.927536231884058,12.8
chr12:12813367:+:ATG,3,"['ENST00000358007.7', 'ENST00000534843.1', 'ENST00000352940.8']","[1108.0, 63.0, 38.0]","[0.9164598842018197, 0.052109181141439205, 0.03143093465674111]",1209.0,0.9164598842018197,17.58730158730159
chr12:131950002:+:CTG,2,"['ENST00000332482.8', 'ENST00000389561.7']","[10.0, 4.0]","[0.7142857142857143, 0.2857142857142857]",14.0,0.7142857142857143,2.5
chr12:132710876:+:ATG,2,"['ENST00000498926.7', 'ENST00000317555.6']","[6.0, 3.0]","[0.6666666666666666, 0.3333333333333333]",9.0,0.6666666666666666,2.0
chr12:15217489:-:ATG,2,"['ENST00000256953.6', 'ENST00000546331.5']","[202.0, 7.0]","[0.9665071770334929, 0.03349282296650718]",209.0,0.9665071770334929,28.857142857142858
chr12:16354252:+:ATG,3,"['ENST00000396210.8', 'ENST00000396209.5', 'ENST00000543076.5']","[6566.0, 19.0, 11.0]","[0.9954517889630079, 0.002880533656761674, 0.0016676773802304426]",6596.0,0.9954517889630079,345.57894736842104
chr12:16354291:+:ATG,2,"['ENST00000396210.8', 'ENST00000396209.5']","[6566.0, 19.0]","[0.9971146545178435, 0.002885345482156416]",6585.0,0.9971146545178435,345.57894736842104
chr12:21499570:-:ATG,3,"['ENST00000444129.7', 'ENST00000421138.6', 'ENST00000536964.5']","[126.0, 17.0, 6.0]","[0.8456375838926175, 0.11409395973154363, 0.040268456375838924]",149.0,0.8456375838926175,7.411764705882353
chr12:21654659:-:AAG,2,"['ENST00000396075.5', 'ENST00000539782.1']","[63.0, 3.0]","[0.9545454545454546, 0.045454545454545456]",66.0,0.9545454545454546,21.0
chr12:21654671:-:ATG,2,"['ENST00000396075.5', 'ENST00000539782.1']","[63.0, 3.0]","[0.9545454545454546, 0.045454545454545456]",66.0,0.9545454545454546,21.0
chr12:27022579:+:ATG,2,"['ENST00000282892.4', 'ENST00000546323.5']","[231.0, 20.0]","[0.9203187250996016, 0.0796812749003984]",251.0,0.9203187250996016,11.55
chr12:27710843:+:ATG,2,"['ENST00000081029.8', 'ENST00000538315.5']","[1155.0, 39.0]","[0.9673366834170855, 0.032663316582914576]",1194.0,0.9673366834170855,29.615384615384617
chr12:27710876:+:CTG,2,"['ENST00000081029.8', 'ENST00000538315.5']","[1155.0, 39.0]","[0.9673366834170855, 0.032663316582914576]",1194.0,0.9673366834170855,29.615384615384617
chr12:27780294:+:CTG,2,"['ENST00000381271.7', 'ENST00000539176.1']","[106.0, 8.0]","[0.9298245614035088, 0.07017543859649122]",114.0,0.9298245614035088,13.25
chr12:27780330:+:ATG,2,"['ENST00000381271.7', 'ENST00000539176.1']","[106.0, 8.0]","[0.9298245614035088, 0.07017543859649122]",114.0,0.9298245614035088,13.25
chr12:29371633:-:ATG,2,"['ENST00000360150.9', 'ENST00000548441.1']","[311.0, 5.0]","[0.9841772151898734, 0.015822784810126583]",316.0,0.9841772151898734,62.2
chr12:32679339:+:CTG,2,"['ENST00000452533.6', 'ENST00000549701.6']","[51.0, 13.0]","[0.796875, 0.203125]",64.0,0.796875,3.923076923076923
chr12:32679363:+:ATG,4,"['ENST00000452533.6', 'ENST00000547312.5', 'ENST00000266481.10', 'ENST00000549701.6']","[51.0, 27.0, 25.0, 13.0]","[0.4396551724137931, 0.23275862068965517, 0.21551724137931033, 0.11206896551724138]",116.0,0.4396551724137931,1.8888888888888888
chr12:389197:-:ATG,2,"['ENST00000399788.7', 'ENST00000544760.1']","[98.0, 48.0]","[0.6712328767123288, 0.3287671232876712]",146.0,0.6712328767123288,2.0416666666666665
chr12:42326228:+:GTG,5,"['ENST00000432191.6', 'ENST00000449194.6', 'ENST00000358314.12', 'ENST00000337898.10', 'ENST00000395568.6']","[79.0, 60.0, 24.0, 10.0, 7.0]","[0.4388888888888889, 0.3333333333333333, 0.13333333333333333, 0.05555555555555555, 0.03888888888888889]",180.0,0.4388888888888889,1.3166666666666667
chr12:42332701:+:ATG,2,"['ENST00000395580.7', 'ENST00000552761.5']","[30.0, 11.0]","[0.7317073170731707, 0.2682926829268293]",41.0,0.7317073170731707,2.727272727272727
chr12:42335902:+:ATG,6,"['ENST00000432191.6', 'ENST00000449194.6', 'ENST00000358314.12', 'ENST00000552761.5', 'ENST00000337898.10', 'ENST00000395568.6']","[79.0, 60.0, 24.0, 11.0, 10.0, 7.0]","[0.41361256544502617, 0.31413612565445026, 0.1256544502617801, 0.05759162303664921, 0.05235602094240838, 0.03664921465968586]",191.0,0.41361256544502617,1.3166666666666667
chr12:43755245:-:ATG,4,"['ENST00000553166.1', 'ENST00000344862.10', 'ENST00000551923.5', 'ENST00000416848.6']","[225.0, 215.0, 13.0, 3.0]","[0.4934210526315789, 0.47149122807017546, 0.02850877192982456, 0.006578947368421052]",456.0,0.4934210526315789,1.0465116279069768
chr12:43806245:-:ATG,2,"['ENST00000395510.7', 'ENST00000548315.5']","[730.0, 24.0]","[0.9681697612732095, 0.03183023872679045]",754.0,0.9681697612732095,30.416666666666668
chr12:4536194:-:ATG,2,"['ENST00000545746.5', 'ENST00000261250.8']","[78.0, 50.0]","[0.609375, 0.390625]",128.0,0.609375,1.56
chr12:4538939:+:ATG,3,"['ENST00000352618.9', 'ENST00000228843.13', 'ENST00000536346.5']","[237.0, 57.0, 8.0]","[0.7847682119205298, 0.18874172185430463, 0.026490066225165563]",302.0,0.7847682119205298,4.157894736842105
chr12:46239797:-:ATG,5,"['ENST00000398637.10', 'ENST00000439706.5', 'ENST00000546893.5', 'ENST00000549049.5', 'ENST00000552197.5']","[205.0, 170.0, 109.0, 16.0, 6.0]","[0.4051383399209486, 0.3359683794466403, 0.21541501976284586, 0.03162055335968379, 0.011857707509881422]",506.0,0.4051383399209486,1.2058823529411764
chr12:46239800:-:ATG,5,"['ENST00000398637.10', 'ENST00000439706.5', 'ENST00000546893.5', 'ENST00000549049.5', 'ENST00000552197.5']","[205.0, 170.0, 109.0, 16.0, 6.0]","[0.4051383399209486, 0.3359683794466403, 0.21541501976284586, 0.03162055335968379, 0.011857707509881422]",506.0,0.4051383399209486,1.2058823529411764
chr12:47702840:-:ATG,2,"['ENST00000005386.8', 'ENST00000380650.4']","[54.0, 54.0]","[0.5, 0.5]",108.0,0.5,1.0
chr12:47964227:+:ATC,3,"['ENST00000429772.7', 'ENST00000256686.10', 'ENST00000449758.6']","[96.0, 32.0, 5.0]","[0.7218045112781954, 0.24060150375939848, 0.03759398496240601]",133.0,0.7218045112781954,3.0
chr12:47964230:+:ACG,4,"['ENST00000429772.7', 'ENST00000256686.10', 'ENST00000552561.5', 'ENST00000449758.6']","[96.0, 32.0, 18.0, 5.0]","[0.6357615894039735, 0.2119205298013245, 0.11920529801324503, 0.033112582781456956]",151.0,0.6357615894039735,3.0
chr12:47964236:+:ATG,4,"['ENST00000429772.7', 'ENST00000256686.10', 'ENST00000552561.5', 'ENST00000449758.6']","[96.0, 32.0, 18.0, 5.0]","[0.6357615894039735, 0.2119205298013245, 0.11920529801324503, 0.033112582781456956]",151.0,0.6357615894039735,3.0
chr12:48098077:-:GTG,2,"['ENST00000448372.6', 'ENST00000549518.6']","[26.0, 6.0]","[0.8125, 0.1875]",32.0,0.8125,4.333333333333333
chr12:48098086:-:GTG,2,"['ENST00000448372.6', 'ENST00000549518.6']","[26.0, 6.0]","[0.8125, 0.1875]",32.0,0.8125,4.333333333333333
chr12:48101472:-:ATG,2,"['ENST00000448372.6', 'ENST00000549518.6']","[26.0, 6.0]","[0.8125, 0.1875]",32.0,0.8125,4.333333333333333
chr12:48153496:-:ATG,2,"['ENST00000317697.8', 'ENST00000536549.5']","[48.0, 18.0]","[0.7272727272727273, 0.2727272727272727]",66.0,0.7272727272727273,2.6666666666666665
chr12:48681626:-:AGG,3,"['ENST00000420613.7', 'ENST00000546701.5', 'ENST00000550347.5']","[21.0, 4.0, 3.0]","[0.75, 0.14285714285714285, 0.10714285714285714]",28.0,0.75,5.25
chr12:48681632:-:ATG,2,"['ENST00000420613.7', 'ENST00000546701.5']","[21.0, 4.0]","[0.84, 0.16]",25.0,0.84,5.25
chr12:48716675:-:ATG,3,"['ENST00000261900.8', 'ENST00000417344.2', 'ENST00000618666.4']","[44.0, 18.0, 17.0]","[0.5569620253164557, 0.22784810126582278, 0.21518987341772153]",79.0,0.5569620253164557,2.4444444444444446
chr12:49018740:-:ATG,2,"['ENST00000548065.7', 'ENST00000316299.9']","[651.0, 7.0]","[0.9893617021276596, 0.010638297872340425]",658.0,0.9893617021276596,93.0
chr12:49227953:+:ATG,2,"['ENST00000541364.5', 'ENST00000552448.1']","[509.0, 6.0]","[0.9883495145631068, 0.011650485436893204]",515.0,0.9883495145631068,84.83333333333333
chr12:49323608:+:ATG,5,"['ENST00000380327.9', 'ENST00000548311.5', 'ENST00000550709.5', 'ENST00000257909.8', 'ENST00000549275.5']","[865.0, 853.0, 125.0, 79.0, 40.0]","[0.44087665647298674, 0.4347604485219164, 0.063710499490316, 0.040265035677879715, 0.020387359836901122]",1962.0,0.44087665647298674,1.0140679953106682
chr12:49461012:+:ATG,4,"['ENST00000321898.10', 'ENST00000552918.6', 'ENST00000549412.5', 'ENST00000548777.5']","[29.0, 13.0, 9.0, 6.0]","[0.5087719298245614, 0.22807017543859648, 0.15789473684210525, 0.10526315789473684]",57.0,0.5087719298245614,2.230769230769231
chr12:49752493:+:ATG,3,"['ENST00000267115.10', 'ENST00000423828.5', 'ENST00000550445.5']","[3103.0, 13.0, 4.0]","[0.9945512820512821, 0.004166666666666667, 0.001282051282051282]",3120.0,0.9945512820512821,238.69230769230768
chr12:50016715:-:ATG,3,"['ENST00000312377.10', 'ENST00000454520.6', 'ENST00000547905.5']","[650.0, 107.0, 3.0]","[0.8552631578947368, 0.14078947368421052, 0.003947368421052632]",760.0,0.8552631578947368,6.074766355140187
chr12:50120043:+:ATG,4,"['ENST00000550487.6', 'ENST00000550654.1', 'ENST00000317943.6', 'ENST00000548985.1']","[2198.0, 78.0, 24.0, 17.0]","[0.9486404833836858, 0.03366422097539922, 0.010358221838584376, 0.0073370738023306]",2317.0,0.9486404833836858,28.17948717948718
chr12:50120055:+:AAG,3,"['ENST00000550654.1', 'ENST00000317943.6', 'ENST00000548985.1']","[78.0, 24.0, 17.0]","[0.6554621848739496, 0.20168067226890757, 0.14285714285714285]",119.0,0.6554621848739496,3.25
chr12:50248772:-:ATT,2,"['ENST00000341247.9', 'ENST00000394943.7']","[97.0, 13.0]","[0.8818181818181818, 0.11818181818181818]",110.0,0.8818181818181818,7.461538461538462
chr12:50401010:+:ATG,4,"['ENST00000398473.7', 'ENST00000522085.5', 'ENST00000293618.12', 'ENST00000347328.9']","[186.0, 12.0, 8.0, 3.0]","[0.8899521531100478, 0.05741626794258373, 0.03827751196172249, 0.014354066985645933]",209.0,0.8899521531100478,15.5
chr12:50401022:+:GTG,4,"['ENST00000398473.7', 'ENST00000522085.5', 'ENST00000293618.12', 'ENST00000347328.9']","[186.0, 12.0, 8.0, 3.0]","[0.8899521531100478, 0.05741626794258373, 0.03827751196172249, 0.014354066985645933]",209.0,0.8899521531100478,15.5
chr12:50925038:+:ATG,2,"['ENST00000547104.1', 'ENST00000332160.5']","[78.0, 9.0]","[0.896551724137931, 0.10344827586206896]",87.0,0.896551724137931,8.666666666666666
chr12:51010728:-:ATG,5,"['ENST00000546636.5', 'ENST00000541174.6', 'ENST00000262052.9', 'ENST00000547198.5', 'ENST00000394904.9']","[88.0, 53.0, 36.0, 15.0, 5.0]","[0.4467005076142132, 0.26903553299492383, 0.18274111675126903, 0.07614213197969544, 0.025380710659898477]",197.0,0.4467005076142132,1.6603773584905661
chr12:51238907:+:ATG,3,"['ENST00000412716.8', 'ENST00000425012.6', 'ENST00000549732.6']","[569.0, 13.0, 3.0]","[0.9726495726495726, 0.022222222222222223, 0.005128205128205128]",585.0,0.9726495726495726,43.76923076923077
chr12:51269278:-:ATG,2,"['ENST00000398453.7', 'ENST00000603798.6']","[11.0, 7.0]","[0.6111111111111112, 0.3888888888888889]",18.0,0.6111111111111112,1.5714285714285714
chr12:52191902:-:ATG,2,"['ENST00000394815.3', 'ENST00000313234.9']","[57.0, 31.0]","[0.6477272727272727, 0.3522727272727273]",88.0,0.6477272727272727,1.8387096774193548
chr12:52904981:-:ATG,2,"['ENST00000692008.1', 'ENST00000552150.5']","[10118.0, 7.0]","[0.9993086419753087, 0.000691358024691358]",10125.0,0.9993086419753087,1445.4285714285713
chr12:53252835:+:ATG,2,"['ENST00000329548.5', 'ENST00000534842.1']","[168.0, 4.0]","[0.9767441860465116, 0.023255813953488372]",172.0,0.9767441860465116,42.0
chr12:53295567:+:ATG,4,"['ENST00000551018.5', 'ENST00000351500.7', 'ENST00000549759.2', 'ENST00000334478.9']","[747.0, 448.0, 21.0, 9.0]","[0.6097959183673469, 0.3657142857142857, 0.017142857142857144, 0.007346938775510204]",1225.0,0.6097959183673469,1.6674107142857142
chr12:53299809:+:ATG,2,"['ENST00000267103.10', 'ENST00000548632.5']","[935.0, 17.0]","[0.9821428571428571, 0.017857142857142856]",952.0,0.9821428571428571,55.0
chr12:53454791:+:CTG,5,"['ENST00000359462.9', 'ENST00000359282.9', 'ENST00000546463.6', 'ENST00000552819.5', 'ENST00000439930.7']","[333.0, 133.0, 57.0, 26.0, 16.0]","[0.5893805309734513, 0.23539823008849559, 0.10088495575221239, 0.04601769911504425, 0.02831858407079646]",565.0,0.5893805309734513,2.5037593984962405
chr12:53454800:+:ATG,5,"['ENST00000359462.9', 'ENST00000359282.9', 'ENST00000546463.6', 'ENST00000552819.5', 'ENST00000439930.7']","[333.0, 133.0, 57.0, 26.0, 16.0]","[0.5893805309734513, 0.23539823008849559, 0.10088495575221239, 0.04601769911504425, 0.02831858407079646]",565.0,0.5893805309734513,2.5037593984962405
chr12:53601000:-:ATG,3,"['ENST00000591397.1', 'ENST00000548118.6', 'ENST00000420353.7']","[424.0, 47.0, 25.0]","[0.8548387096774194, 0.09475806451612903, 0.05040322580645161]",496.0,0.8548387096774194,9.02127659574468
chr12:54257644:-:AAG,2,"['ENST00000439541.6', 'ENST00000550411.5']","[40.0, 7.0]","[0.851063829787234, 0.14893617021276595]",47.0,0.851063829787234,5.714285714285714
chr12:54257650:-:ATG,3,"['ENST00000209875.9', 'ENST00000439541.6', 'ENST00000550411.5']","[197.0, 40.0, 7.0]","[0.8073770491803278, 0.16393442622950818, 0.028688524590163935]",244.0,0.8073770491803278,4.925
chr12:54325163:+:ATG,2,"['ENST00000262061.7', 'ENST00000549116.5']","[2192.0, 29.0]","[0.9869428185502026, 0.013057181449797388]",2221.0,0.9869428185502026,75.58620689655173
chr12:55716051:+:ATG,2,"['ENST00000548925.6', 'ENST00000550412.5']","[1464.0, 30.0]","[0.9799196787148594, 0.020080321285140562]",1494.0,0.9799196787148594,48.8
chr12:55728341:-:ATG,6,"['ENST00000552692.5', 'ENST00000257857.9', 'ENST00000549117.5', 'ENST00000546457.1', 'ENST00000552164.5', 'ENST00000551173.5']","[764.0, 673.0, 128.0, 14.0, 8.0, 5.0]","[0.4798994974874372, 0.42273869346733667, 0.08040201005025126, 0.008793969849246231, 0.005025125628140704, 0.00314070351758794]",1592.0,0.4798994974874372,1.1352154531946508
chr12:55997330:+:CTG,2,"['ENST00000266971.8', 'ENST00000394115.6']","[53.0, 11.0]","[0.828125, 0.171875]",64.0,0.828125,4.818181818181818
chr12:56002221:+:ATG,4,"['ENST00000266971.8', 'ENST00000356124.8', 'ENST00000394115.6', 'ENST00000394109.7']","[53.0, 36.0, 11.0, 4.0]","[0.5096153846153846, 0.34615384615384615, 0.10576923076923077, 0.038461538461538464]",104.0,0.5096153846153846,1.4722222222222223
chr12:56002224:+:CTG,3,"['ENST00000266971.8', 'ENST00000394115.6', 'ENST00000394109.7']","[53.0, 11.0, 4.0]","[0.7794117647058824, 0.16176470588235295, 0.058823529411764705]",68.0,0.7794117647058824,4.818181818181818
chr12:56002227:+:CTG,3,"['ENST00000266971.8', 'ENST00000394115.6', 'ENST00000394109.7']","[53.0, 11.0, 4.0]","[0.7794117647058824, 0.16176470588235295, 0.058823529411764705]",68.0,0.7794117647058824,4.818181818181818
chr12:56002251:+:AGG,3,"['ENST00000266971.8', 'ENST00000394115.6', 'ENST00000394109.7']","[53.0, 11.0, 4.0]","[0.7794117647058824, 0.16176470588235295, 0.058823529411764705]",68.0,0.7794117647058824,4.818181818181818
chr12:56158401:+:ATG,6,"['ENST00000547649.5', 'ENST00000550697.6', 'ENST00000548580.5', 'ENST00000548400.5', 'ENST00000547408.5', 'ENST00000551589.5']","[7754.0, 4598.0, 793.0, 88.0, 48.0, 4.0]","[0.5836657884832518, 0.34610462928114416, 0.05969138125705683, 0.006624012043658261, 0.0036130974783590516, 0.000301091456529921]",13285.0,0.5836657884832518,1.6863853849499784
chr12:56189425:-:AAG,3,"['ENST00000550164.6', 'ENST00000267064.8', 'ENST00000394023.7']","[468.0, 46.0, 4.0]","[0.9034749034749034, 0.0888030888030888, 0.007722007722007722]",518.0,0.9034749034749034,10.173913043478262
chr12:56189461:-:ATG,3,"['ENST00000550164.6', 'ENST00000267064.8', 'ENST00000394023.7']","[468.0, 46.0, 4.0]","[0.9034749034749034, 0.0888030888030888, 0.007722007722007722]",518.0,0.9034749034749034,10.173913043478262
chr12:56224856:+:ATG,3,"['ENST00000267023.9', 'ENST00000380198.6', 'ENST00000341463.5']","[306.0, 124.0, 12.0]","[0.6923076923076923, 0.28054298642533937, 0.027149321266968326]",442.0,0.6923076923076923,2.467741935483871
chr12:56724521:-:ATG,2,"['ENST00000356769.7', 'ENST00000454682.6']","[13905.0, 13.0]","[0.9990659577525507, 0.0009340422474493462]",13918.0,0.9990659577525507,1069.6153846153845
chr12:57108278:-:ATG,3,"['ENST00000300134.8', 'ENST00000454075.7', 'ENST00000555318.2']","[37.0, 3.0, 3.0]","[0.8604651162790697, 0.06976744186046512, 0.06976744186046512]",43.0,0.8604651162790697,12.333333333333334
chr12:57488090:+:ATG,2,"['ENST00000262027.10', 'ENST00000537638.6']","[695.0, 4.0]","[0.994277539341917, 0.005722460658082976]",699.0,0.994277539341917,173.75
chr12:57591289:+:ATG,2,"['ENST00000354947.10', 'ENST00000540759.6']","[140.0, 6.0]","[0.958904109589041, 0.0410958904109589]",146.0,0.958904109589041,23.333333333333332
chr12:57694161:+:ATG,4,"['ENST00000552285.6', 'ENST00000315970.12', 'ENST00000257966.13', 'ENST00000389146.11']","[145.0, 77.0, 55.0, 9.0]","[0.506993006993007, 0.2692307692307692, 0.19230769230769232, 0.03146853146853147]",286.0,0.506993006993007,1.8831168831168832
chr12:57782801:+:ATG,3,"['ENST00000652027.2', 'ENST00000323833.12', 'ENST00000540550.6']","[100.0, 8.0, 4.0]","[0.8928571428571429, 0.07142857142857142, 0.03571428571428571]",112.0,0.8928571428571429,12.5
chr12:62260414:+:ATG,3,"['ENST00000312635.10', 'ENST00000280377.10', 'ENST00000353364.7']","[51.0, 29.0, 25.0]","[0.4857142857142857, 0.2761904761904762, 0.23809523809523808]",105.0,0.4857142857142857,1.7586206896551724
chr12:62325877:+:GTG,2,"['ENST00000280377.10', 'ENST00000353364.7']","[29.0, 25.0]","[0.5370370370370371, 0.46296296296296297]",54.0,0.5370370370370371,1.16
chr12:64222237:-:ATG,3,"['ENST00000398055.8', 'ENST00000544871.1', 'ENST00000311915.12']","[20.0, 7.0, 6.0]","[0.6060606060606061, 0.21212121212121213, 0.18181818181818182]",33.0,0.6060606060606061,2.857142857142857
chr12:6492895:-:ATG,2,"['ENST00000543164.5', 'ENST00000537701.5']","[590.0, 542.0]","[0.5212014134275619, 0.4787985865724382]",1132.0,0.5212014134275619,1.088560885608856
chr12:6492952:-:ATA,2,"['ENST00000543164.5', 'ENST00000537701.5']","[590.0, 542.0]","[0.5212014134275619, 0.4787985865724382]",1132.0,0.5212014134275619,1.088560885608856
chr12:6534832:+:ATG,2,"['ENST00000229239.10', 'ENST00000396859.5']","[69478.0, 135.0]","[0.9980607070518438, 0.0019392929481562352]",69613.0,0.9980607070518438,514.6518518518518
chr12:6567918:-:ATG,5,"['ENST00000541778.5', 'ENST00000322166.10', 'ENST00000399466.6', 'ENST00000545200.5', 'ENST00000382421.7']","[217.0, 202.0, 93.0, 6.0, 3.0]","[0.4165067178502879, 0.3877159309021113, 0.1785028790786948, 0.011516314779270634, 0.005758157389635317]",521.0,0.4165067178502879,1.0742574257425743
chr12:66169951:-:ATG,5,"['ENST00000358230.8', 'ENST00000633367.1', 'ENST00000539652.1', 'ENST00000398033.8', 'ENST00000542724.5']","[169.0, 22.0, 15.0, 11.0, 5.0]","[0.7612612612612613, 0.0990990990990991, 0.06756756756756757, 0.04954954954954955, 0.02252252252252252]",222.0,0.7612612612612613,7.681818181818182
chr12:6663083:-:TTG,2,"['ENST00000396807.8', 'ENST00000341550.9']","[38.0, 7.0]","[0.8444444444444444, 0.15555555555555556]",45.0,0.8444444444444444,5.428571428571429
chr12:6663101:-:ATG,2,"['ENST00000396807.8', 'ENST00000341550.9']","[38.0, 7.0]","[0.8444444444444444, 0.15555555555555556]",45.0,0.8444444444444444,5.428571428571429
chr12:6679520:-:ATG,3,"['ENST00000355772.8', 'ENST00000396801.7', 'ENST00000319770.7']","[9.0, 5.0, 4.0]","[0.5, 0.2777777777777778, 0.2222222222222222]",18.0,0.5,1.8
chr12:6688212:-:CTG,3,"['ENST00000355772.8', 'ENST00000396801.7', 'ENST00000319770.7']","[9.0, 5.0, 4.0]","[0.5, 0.2777777777777778, 0.2222222222222222]",18.0,0.5,1.8
chr12:6724656:+:ATG,4,"['ENST00000543155.6', 'ENST00000534947.5', 'ENST00000229251.7', 'ENST00000538410.5']","[121.0, 63.0, 16.0, 3.0]","[0.5960591133004927, 0.3103448275862069, 0.07881773399014778, 0.014778325123152709]",203.0,0.5960591133004927,1.9206349206349207
chr12:6850952:-:ATG,4,"['ENST00000538862.7', 'ENST00000540683.1', 'ENST00000535406.5', 'ENST00000229265.10']","[767.0, 141.0, 96.0, 37.0]","[0.7367915465898175, 0.13544668587896252, 0.09221902017291066, 0.03554274735830932]",1041.0,0.7367915465898175,5.439716312056738
chr12:6852179:+:ATG,3,"['ENST00000389231.9', 'ENST00000229268.13', 'ENST00000542087.1']","[63.0, 25.0, 3.0]","[0.6923076923076923, 0.27472527472527475, 0.03296703296703297]",91.0,0.6923076923076923,2.52
chr12:6867566:+:ATG,2,"['ENST00000613953.4', 'ENST00000396705.10']","[67.0, 3.0]","[0.9571428571428572, 0.04285714285714286]",70.0,0.9571428571428572,22.333333333333332
chr12:68809226:+:ATG,2,"['ENST00000258149.11', 'ENST00000539479.6']","[126.0, 21.0]","[0.8571428571428571, 0.14285714285714285]",147.0,0.8571428571428571,6.0
chr12:6915832:+:ATG,2,"['ENST00000229277.6', 'ENST00000541477.5']","[14.0, 5.0]","[0.7368421052631579, 0.2631578947368421]",19.0,0.7368421052631579,2.8
chr12:69239646:+:ATG,2,"['ENST00000435070.7', 'ENST00000266679.8']","[68.0, 34.0]","[0.6666666666666666, 0.3333333333333333]",102.0,0.6666666666666666,2.0
chr12:7018424:-:ATG,2,"['ENST00000261407.9', 'ENST00000535479.5']","[177.0, 9.0]","[0.9516129032258065, 0.04838709677419355]",186.0,0.9516129032258065,19.666666666666668
chr12:7061912:+:ATG,2,"['ENST00000328916.7', 'ENST00000360817.10']","[198.0, 80.0]","[0.7122302158273381, 0.28776978417266186]",278.0,0.7122302158273381,2.475
chr12:76084589:-:CTG,2,"['ENST00000544816.5', 'ENST00000431879.7']","[15.0, 8.0]","[0.6521739130434783, 0.34782608695652173]",23.0,0.6521739130434783,1.875
chr12:76084619:-:CTG,2,"['ENST00000544816.5', 'ENST00000431879.7']","[15.0, 8.0]","[0.6521739130434783, 0.34782608695652173]",23.0,0.6521739130434783,1.875
chr12:8713833:+:ATA,2,"['ENST00000544257.5', 'ENST00000535829.6']","[11.0, 8.0]","[0.5789473684210527, 0.42105263157894735]",19.0,0.5789473684210527,1.375
chr12:8713866:+:ATG,2,"['ENST00000544257.5', 'ENST00000535829.6']","[11.0, 8.0]","[0.5789473684210527, 0.42105263157894735]",19.0,0.5789473684210527,1.375
chr12:88035648:+:ATG,2,"['ENST00000356891.4', 'ENST00000550333.5']","[149.0, 71.0]","[0.6772727272727272, 0.32272727272727275]",220.0,0.6772727272727272,2.0985915492957745
chr12:88580388:-:ATG,2,"['ENST00000644744.1', 'ENST00000347404.10']","[130.0, 62.0]","[0.6770833333333334, 0.3229166666666667]",192.0,0.6770833333333334,2.096774193548387
chr12:88580436:-:CTG,2,"['ENST00000644744.1', 'ENST00000347404.10']","[130.0, 62.0]","[0.6770833333333334, 0.3229166666666667]",192.0,0.6770833333333334,2.096774193548387
chr12:93469285:+:ATG,3,"['ENST00000549982.6', 'ENST00000552217.6', 'ENST00000393128.8']","[100.0, 69.0, 4.0]","[0.5780346820809249, 0.3988439306358382, 0.023121387283236993]",173.0,0.5780346820809249,1.4492753623188406
chr12:95217850:+:ATG,2,"['ENST00000551994.5', 'ENST00000436874.6']","[33.0, 23.0]","[0.5892857142857143, 0.4107142857142857]",56.0,0.5892857142857143,1.434782608695652
chr12:95474179:+:ATG,3,"['ENST00000323666.10', 'ENST00000535095.5', 'ENST00000261220.13']","[197.0, 13.0, 5.0]","[0.9162790697674419, 0.06046511627906977, 0.023255813953488372]",215.0,0.9162790697674419,15.153846153846153
chr12:95474218:+:CTG,2,"['ENST00000323666.10', 'ENST00000535095.5']","[197.0, 13.0]","[0.9380952380952381, 0.06190476190476191]",210.0,0.9380952380952381,15.153846153846153
chr12:98593978:+:ATG,6,"['ENST00000552981.6', 'ENST00000188376.9', 'ENST00000547534.5', 'ENST00000401722.7', 'ENST00000551123.5', 'ENST00000549338.5']","[757.0, 81.0, 65.0, 44.0, 12.0, 6.0]","[0.7844559585492228, 0.08393782383419689, 0.06735751295336788, 0.04559585492227979, 0.012435233160621761, 0.0062176165803108805]",965.0,0.7844559585492228,9.345679012345679
chr12:98593990:+:GTG,2,"['ENST00000188376.9', 'ENST00000549338.5']","[81.0, 6.0]","[0.9310344827586207, 0.06896551724137931]",87.0,0.9310344827586207,13.5
chr12:98644701:-:ATG,3,"['ENST00000299157.5', 'ENST00000342502.6', 'ENST00000393042.3']","[289.0, 117.0, 38.0]","[0.6509009009009009, 0.2635135135135135, 0.08558558558558559]",444.0,0.6509009009009009,2.47008547008547
chr13:102597038:+:ATG,2,"['ENST00000376065.8', 'ENST00000376052.5']","[41.0, 5.0]","[0.8913043478260869, 0.10869565217391304]",46.0,0.8913043478260869,8.2
chr13:108211268:-:ATG,2,"['ENST00000442234.6', 'ENST00000405925.2']","[20.0, 7.0]","[0.7407407407407407, 0.25925925925925924]",27.0,0.7407407407407407,2.857142857142857
chr13:113208634:-:ATG,3,"['ENST00000375479.6', 'ENST00000375477.5', 'ENST00000337344.9']","[98.0, 53.0, 47.0]","[0.494949494949495, 0.2676767676767677, 0.23737373737373738]",198.0,0.494949494949495,1.849056603773585
chr13:21176477:-:ATG,3,"['ENST00000314759.6', 'ENST00000298260.8', 'ENST00000400018.7']","[26.0, 13.0, 6.0]","[0.5777777777777777, 0.28888888888888886, 0.13333333333333333]",45.0,0.5777777777777777,2.0
chr13:36335794:-:ATT,2,"['ENST00000451493.5', 'ENST00000438666.7']","[35.0, 5.0]","[0.875, 0.125]",40.0,0.875,7.0
chr13:36335830:-:ATG,2,"['ENST00000451493.5', 'ENST00000438666.7']","[35.0, 5.0]","[0.875, 0.125]",40.0,0.875,7.0
chr13:36432621:+:ATG,2,"['ENST00000255465.8', 'ENST00000625767.2']","[27.0, 4.0]","[0.8709677419354839, 0.12903225806451613]",31.0,0.8709677419354839,6.75
chr13:36433056:+:ATG,2,"['ENST00000255465.8', 'ENST00000625767.2']","[27.0, 4.0]","[0.8709677419354839, 0.12903225806451613]",31.0,0.8709677419354839,6.75
chr13:39655726:+:ATG,2,"['ENST00000455146.8', 'ENST00000356576.8']","[15.0, 3.0]","[0.8333333333333334, 0.16666666666666666]",18.0,0.8333333333333334,5.0
chr13:44436046:-:ATG,2,"['ENST00000261489.7', 'ENST00000622051.1']","[200.0, 10.0]","[0.9523809523809523, 0.047619047619047616]",210.0,0.9523809523809523,20.0
chr13:46791413:-:ATG,2,"['ENST00000378720.8', 'ENST00000471867.3']","[813.0, 17.0]","[0.9795180722891567, 0.020481927710843374]",830.0,0.9795180722891567,47.8235294117647
chr13:46793433:-:ATT,2,"['ENST00000378720.8', 'ENST00000471867.3']","[813.0, 17.0]","[0.9795180722891567, 0.020481927710843374]",830.0,0.9795180722891567,47.8235294117647
chr13:49006190:+:ATG,3,"['ENST00000541916.5', 'ENST00000492622.6', 'ENST00000378383.5']","[32.0, 12.0, 5.0]","[0.6530612244897959, 0.24489795918367346, 0.10204081632653061]",49.0,0.6530612244897959,2.6666666666666665
chr13:50910076:+:ATG,2,"['ENST00000336617.8', 'ENST00000616907.2']","[9.0, 6.0]","[0.6, 0.4]",15.0,0.6,1.5
chr13:52455556:+:ATG,3,"['ENST00000258607.10', 'ENST00000378034.7', 'ENST00000378037.9']","[108.0, 57.0, 50.0]","[0.5023255813953489, 0.2651162790697674, 0.23255813953488372]",215.0,0.5023255813953489,1.894736842105263
chr13:72781832:-:ATG,2,"['ENST00000377767.9', 'ENST00000377780.8']","[15.0, 15.0]","[0.5, 0.5]",30.0,0.5,1.0
chr13:75760998:+:CTG,3,"['ENST00000465261.6', 'ENST00000377499.9', 'ENST00000526202.5']","[14.0, 6.0, 6.0]","[0.5384615384615384, 0.23076923076923078, 0.23076923076923078]",26.0,0.5384615384615384,2.3333333333333335
chr13:79405762:-:ATG,2,"['ENST00000438724.5', 'ENST00000267229.11']","[6.0, 5.0]","[0.5454545454545454, 0.45454545454545453]",11.0,0.5454545454545454,1.2
chr13:79405774:-:ATG,2,"['ENST00000438724.5', 'ENST00000267229.11']","[6.0, 5.0]","[0.5454545454545454, 0.45454545454545453]",11.0,0.5454545454545454,1.2
chr13:79481485:+:ATG,2,"['ENST00000620924.1', 'ENST00000218652.12']","[258.0, 177.0]","[0.593103448275862, 0.4068965517241379]",435.0,0.593103448275862,1.4576271186440677
chr13:96053312:-:ATG,2,"['ENST00000397618.7', 'ENST00000376747.8']","[36.0, 7.0]","[0.8372093023255814, 0.16279069767441862]",43.0,0.8372093023255814,5.142857142857143
chr14:100369185:-:ATG,2,"['ENST00000355338.6', 'ENST00000392882.7']","[469.0, 7.0]","[0.9852941176470589, 0.014705882352941176]",476.0,0.9852941176470589,67.0
chr14:100380924:+:ATG,2,"['ENST00000402312.8', 'ENST00000335290.10']","[13.0, 5.0]","[0.7222222222222222, 0.2777777777777778]",18.0,0.7222222222222222,2.6
chr14:100380948:+:ATG,2,"['ENST00000402312.8', 'ENST00000335290.10']","[13.0, 5.0]","[0.7222222222222222, 0.2777777777777778]",18.0,0.7222222222222222,2.6
chr14:102362851:-:ATG,2,"['ENST00000216756.11', 'ENST00000559514.5']","[783.0, 25.0]","[0.969059405940594, 0.03094059405940594]",808.0,0.969059405940594,31.32
chr14:103335738:+:ATG,3,"['ENST00000216554.8', 'ENST00000558506.1', 'ENST00000560338.5']","[77.0, 37.0, 3.0]","[0.6581196581196581, 0.3162393162393162, 0.02564102564102564]",117.0,0.6581196581196581,2.081081081081081
chr14:103563001:+:ATG,2,"['ENST00000409074.8', 'ENST00000472726.3']","[147.0, 9.0]","[0.9423076923076923, 0.057692307692307696]",156.0,0.9423076923076923,16.333333333333332
chr14:103563022:+:AAG,2,"['ENST00000409074.8', 'ENST00000472726.3']","[147.0, 9.0]","[0.9423076923076923, 0.057692307692307696]",156.0,0.9423076923076923,16.333333333333332
chr14:103715841:+:ATG,2,"['ENST00000311141.7', 'ENST00000216602.10']","[84.0, 6.0]","[0.9333333333333333, 0.06666666666666667]",90.0,0.9333333333333333,14.0
chr14:103915177:-:ATT,3,"['ENST00000286953.8', 'ENST00000414262.6', 'ENST00000557040.5']","[1446.0, 36.0, 4.0]","[0.9730820995962315, 0.024226110363391656, 0.0026917900403768506]",1486.0,0.9730820995962315,40.166666666666664
chr14:103915189:-:ATG,2,"['ENST00000286953.8', 'ENST00000557040.5']","[1446.0, 4.0]","[0.9972413793103448, 0.002758620689655172]",1450.0,0.9972413793103448,361.5
chr14:104701365:+:ATG,2,"['ENST00000398337.8', 'ENST00000617571.5']","[187.0, 17.0]","[0.9166666666666666, 0.08333333333333333]",204.0,0.9166666666666666,11.0
chr14:104753201:+:ATG,3,"['ENST00000329967.11', 'ENST00000347067.9', 'ENST00000535554.4']","[1927.0, 79.0, 3.0]","[0.9591836734693877, 0.039323046291687404, 0.0014932802389248383]",2009.0,0.9591836734693877,24.39240506329114
chr14:104753267:+:AGG,3,"['ENST00000329967.11', 'ENST00000347067.9', 'ENST00000535554.4']","[1927.0, 79.0, 3.0]","[0.9591836734693877, 0.039323046291687404, 0.0014932802389248383]",2009.0,0.9591836734693877,24.39240506329114
chr14:20455645:+:ATG,4,"['ENST00000216714.8', 'ENST00000555414.5', 'ENST00000398030.8', 'ENST00000553681.5']","[2129.0, 371.0, 114.0, 6.0]","[0.8125954198473282, 0.1416030534351145, 0.04351145038167939, 0.0022900763358778627]",2620.0,0.8125954198473282,5.738544474393531
chr14:20990002:+:ATG,3,"['ENST00000382985.8', 'ENST00000339374.11', 'ENST00000556670.6']","[314.0, 184.0, 11.0]","[0.6168958742632613, 0.3614931237721022, 0.021611001964636542]",509.0,0.6168958742632613,1.7065217391304348
chr14:22589157:-:ATG,2,"['ENST00000250498.9', 'ENST00000538631.1']","[3470.0, 33.0]","[0.9905795032829003, 0.009420496717099628]",3503.0,0.9905795032829003,105.15151515151516
chr14:22955154:-:ATG,3,"['ENST00000206474.11', 'ENST00000541587.6', 'ENST00000342454.12']","[99.0, 64.0, 10.0]","[0.5722543352601156, 0.3699421965317919, 0.057803468208092484]",173.0,0.5722543352601156,1.546875
chr14:23953788:+:ATG,2,"['ENST00000313250.10', 'ENST00000558581.5']","[126.0, 7.0]","[0.9473684210526315, 0.05263157894736842]",133.0,0.9473684210526315,18.0
chr14:23988947:+:ATG,2,"['ENST00000397071.5', 'ENST00000335125.11']","[91.0, 59.0]","[0.6066666666666667, 0.3933333333333333]",150.0,0.6066666666666667,1.5423728813559323
chr14:23988953:+:ATG,2,"['ENST00000397071.5', 'ENST00000335125.11']","[91.0, 59.0]","[0.6066666666666667, 0.3933333333333333]",150.0,0.6066666666666667,1.5423728813559323
chr14:24094405:+:ATG,2,"['ENST00000216780.9', 'ENST00000396973.8']","[106.0, 24.0]","[0.8153846153846154, 0.18461538461538463]",130.0,0.8153846153846154,4.416666666666667
chr14:24136262:+:ATG,3,"['ENST00000206451.11', 'ENST00000382708.7', 'ENST00000561435.5']","[1648.0, 20.0, 16.0]","[0.9786223277909739, 0.011876484560570071, 0.009501187648456057]",1684.0,0.9786223277909739,82.4
chr14:24146581:-:ATG,2,"['ENST00000216802.10', 'ENST00000560410.5']","[1734.0, 31.0]","[0.9824362606232294, 0.017563739376770537]",1765.0,0.9824362606232294,55.935483870967744
chr14:24233253:+:ATG,4,"['ENST00000559836.5', 'ENST00000355299.8', 'ENST00000399440.7', 'ENST00000420554.6']","[126.0, 39.0, 33.0, 15.0]","[0.5915492957746479, 0.18309859154929578, 0.15492957746478872, 0.07042253521126761]",213.0,0.5915492957746479,3.230769230769231
chr14:24271115:-:ATG,2,"['ENST00000216840.11', 'ENST00000399409.7']","[70.0, 11.0]","[0.8641975308641975, 0.13580246913580246]",81.0,0.8641975308641975,6.363636363636363
chr14:30559182:+:ATG,2,"['ENST00000206595.11', 'ENST00000438909.6']","[38.0, 8.0]","[0.8260869565217391, 0.17391304347826086]",46.0,0.8260869565217391,4.75
chr14:30622338:+:ATG,4,"['ENST00000458591.7', 'ENST00000544052.6', 'ENST00000469043.2', 'ENST00000557076.6']","[111.0, 38.0, 12.0, 7.0]","[0.6607142857142857, 0.2261904761904762, 0.07142857142857142, 0.041666666666666664]",168.0,0.6607142857142857,2.9210526315789473
chr14:30622380:+:ATT,2,"['ENST00000458591.7', 'ENST00000469043.2']","[111.0, 12.0]","[0.9024390243902439, 0.0975609756097561]",123.0,0.9024390243902439,9.25
chr14:30630545:+:ATG,2,"['ENST00000544052.6', 'ENST00000469043.2']","[38.0, 12.0]","[0.76, 0.24]",50.0,0.76,3.1666666666666665
chr14:34630113:-:ATG,3,"['ENST00000362031.10', 'ENST00000557265.6', 'ENST00000555416.6']","[14.0, 5.0, 3.0]","[0.6363636363636364, 0.22727272727272727, 0.13636363636363635]",22.0,0.6363636363636364,2.8
chr14:34630116:-:ATG,3,"['ENST00000362031.10', 'ENST00000557265.6', 'ENST00000555416.6']","[14.0, 5.0, 3.0]","[0.6363636363636364, 0.22727272727272727, 0.13636363636363635]",22.0,0.6363636363636364,2.8
chr14:34714540:-:ATG,2,"['ENST00000298159.11', 'ENST00000422678.2']","[179.0, 30.0]","[0.8564593301435407, 0.14354066985645933]",209.0,0.8564593301435407,5.966666666666667
chr14:35046463:+:ATG,2,"['ENST00000554052.2', 'ENST00000280987.9']","[152.0, 63.0]","[0.7069767441860465, 0.2930232558139535]",215.0,0.7069767441860465,2.4126984126984126
chr14:35122567:+:ATG,4,"['ENST00000557565.1', 'ENST00000321130.14', 'ENST00000250377.11', 'ENST00000604948.5']","[91.0, 52.0, 7.0, 6.0]","[0.5833333333333334, 0.3333333333333333, 0.04487179487179487, 0.038461538461538464]",156.0,0.5833333333333334,1.75
chr14:35292476:+:ATG,2,"['ENST00000261479.9', 'ENST00000554961.5']","[4934.0, 9.0]","[0.998179243374469, 0.001820756625531054]",4943.0,0.998179243374469,548.2222222222222
chr14:36320588:-:ATG,3,"['ENST00000416007.9', 'ENST00000359527.11', 'ENST00000318473.11']","[228.0, 42.0, 31.0]","[0.7574750830564784, 0.13953488372093023, 0.10299003322259136]",301.0,0.7574750830564784,5.428571428571429
chr14:39114338:+:ATG,2,"['ENST00000308317.12', 'ENST00000250379.13']","[117.0, 4.0]","[0.9669421487603306, 0.03305785123966942]",121.0,0.9669421487603306,29.25
chr14:45247286:-:ATG,3,"['ENST00000451174.1', 'ENST00000310806.9', 'ENST00000454990.5']","[9.0, 5.0, 4.0]","[0.5, 0.2777777777777778, 0.2222222222222222]",18.0,0.5,1.8
chr14:49599020:+:ATG,2,"['ENST00000318317.8', 'ENST00000298288.11']","[616.0, 315.0]","[0.6616541353383458, 0.3383458646616541]",931.0,0.6616541353383458,1.9555555555555555
chr14:49635149:-:ATG,2,"['ENST00000298292.13', 'ENST00000406043.3']","[69.0, 26.0]","[0.7263157894736842, 0.2736842105263158]",95.0,0.7263157894736842,2.6538461538461537
chr14:49852753:-:ATG,2,"['ENST00000298310.10', 'ENST00000555970.5']","[21.0, 3.0]","[0.875, 0.125]",24.0,0.875,7.0
chr14:50321487:+:ATG,2,"['ENST00000557421.7', 'ENST00000554438.6']","[11.0, 3.0]","[0.7857142857142857, 0.21428571428571427]",14.0,0.7857142857142857,3.6666666666666665
chr14:52784650:-:ATG,2,"['ENST00000216410.8', 'ENST00000557604.1']","[82.0, 7.0]","[0.9213483146067416, 0.07865168539325842]",89.0,0.9213483146067416,11.714285714285714
chr14:54397053:+:GTG,2,"['ENST00000335183.11', 'ENST00000442975.6']","[553.0, 10.0]","[0.9822380106571936, 0.017761989342806393]",563.0,0.9822380106571936,55.3
chr14:54397068:+:ATG,2,"['ENST00000335183.11', 'ENST00000442975.6']","[553.0, 10.0]","[0.9822380106571936, 0.017761989342806393]",563.0,0.9822380106571936,55.3
chr14:54441327:-:ATG,3,"['ENST00000216416.9', 'ENST00000395573.8', 'ENST00000556113.1']","[563.0, 385.0, 8.0]","[0.5889121338912134, 0.4027196652719665, 0.008368200836820083]",956.0,0.5889121338912134,1.4623376623376623
chr14:55189179:-:ATG,2,"['ENST00000247191.7', 'ENST00000395425.6']","[417.0, 98.0]","[0.8097087378640777, 0.19029126213592232]",515.0,0.8097087378640777,4.255102040816326
chr14:55191530:-:GTG,2,"['ENST00000247191.7', 'ENST00000395425.6']","[417.0, 98.0]","[0.8097087378640777, 0.19029126213592232]",515.0,0.8097087378640777,4.255102040816326
chr14:55612048:+:ATG,2,"['ENST00000459737.5', 'ENST00000395314.8']","[6.0, 3.0]","[0.6666666666666666, 0.3333333333333333]",9.0,0.6666666666666666,2.0
chr14:58244920:+:ATG,2,"['ENST00000216455.9', 'ENST00000412908.6']","[5272.0, 40.0]","[0.9924698795180723, 0.007530120481927711]",5312.0,0.9924698795180723,131.8
chr14:60734862:+:ATG,2,"['ENST00000261245.9', 'ENST00000539616.6']","[60.0, 4.0]","[0.9375, 0.0625]",64.0,0.9375,15.0
chr14:64388394:+:GTG,3,"['ENST00000652337.1', 'ENST00000545908.6', 'ENST00000557370.3']","[519.0, 22.0, 9.0]","[0.9436363636363636, 0.04, 0.016363636363636365]",550.0,0.9436363636363636,23.59090909090909
chr14:64388427:+:ATG,3,"['ENST00000652337.1', 'ENST00000545908.6', 'ENST00000557370.3']","[519.0, 22.0, 9.0]","[0.9436363636363636, 0.04, 0.016363636363636365]",550.0,0.9436363636363636,23.59090909090909
chr14:65102339:-:ATG,3,"['ENST00000358664.9', 'ENST00000358402.8', 'ENST00000284165.10']","[75.0, 36.0, 4.0]","[0.6521739130434783, 0.3130434782608696, 0.034782608695652174]",115.0,0.6521739130434783,2.0833333333333335
chr14:67695703:-:ATG,2,"['ENST00000381346.9', 'ENST00000553384.5']","[212.0, 15.0]","[0.933920704845815, 0.06607929515418502]",227.0,0.933920704845815,14.133333333333333
chr14:67695742:-:CTG,2,"['ENST00000381346.9', 'ENST00000553384.5']","[212.0, 15.0]","[0.933920704845815, 0.06607929515418502]",227.0,0.933920704845815,14.133333333333333
chr14:69152975:-:AAG,2,"['ENST00000341516.10', 'ENST00000557386.5']","[8.0, 3.0]","[0.7272727272727273, 0.2727272727272727]",11.0,0.7272727272727273,2.6666666666666665
chr14:69152978:-:ATG,2,"['ENST00000341516.10', 'ENST00000557386.5']","[8.0, 3.0]","[0.7272727272727273, 0.2727272727272727]",11.0,0.7272727272727273,2.6666666666666665
chr14:69209470:+:ATG,3,"['ENST00000409018.7', 'ENST00000685843.1', 'ENST00000409242.5']","[14.0, 7.0, 4.0]","[0.56, 0.28, 0.16]",25.0,0.56,2.0
chr14:69398713:+:ATG,2,"['ENST00000336643.10', 'ENST00000556605.5']","[182.0, 19.0]","[0.9054726368159204, 0.0945273631840796]",201.0,0.9054726368159204,9.578947368421053
chr14:69768156:+:ATG,3,"['ENST00000557154.6', 'ENST00000553521.5', 'ENST00000394366.6']","[269.0, 84.0, 10.0]","[0.7410468319559229, 0.23140495867768596, 0.027548209366391185]",363.0,0.7410468319559229,3.2023809523809526
chr14:70907746:+:GTG,2,"['ENST00000304743.7', 'ENST00000439984.7']","[50.0, 19.0]","[0.7246376811594203, 0.2753623188405797]",69.0,0.7246376811594203,2.6315789473684212
chr14:73071641:+:ATG,4,"['ENST00000261973.12', 'ENST00000531500.5', 'ENST00000525321.5', 'ENST00000527432.5']","[202.0, 16.0, 10.0, 4.0]","[0.8706896551724138, 0.06896551724137931, 0.04310344827586207, 0.017241379310344827]",232.0,0.8706896551724138,12.625
chr14:73147869:+:AAG,3,"['ENST00000357710.8', 'ENST00000556951.6', 'ENST00000324501.10']","[186.0, 19.0, 3.0]","[0.8942307692307693, 0.09134615384615384, 0.014423076923076924]",208.0,0.8942307692307693,9.789473684210526
chr14:73148019:+:ATG,3,"['ENST00000357710.8', 'ENST00000556951.6', 'ENST00000324501.10']","[186.0, 19.0, 3.0]","[0.8942307692307693, 0.09134615384615384, 0.014423076923076924]",208.0,0.8942307692307693,9.789473684210526
chr14:73858862:+:ATG,2,"['ENST00000267568.8', 'ENST00000555661.6']","[10.0, 4.0]","[0.7142857142857143, 0.2857142857142857]",14.0,0.7142857142857143,2.5
chr14:74084394:-:ATG,2,"['ENST00000553458.6', 'ENST00000350259.8']","[24.0, 3.0]","[0.8888888888888888, 0.1111111111111111]",27.0,0.8888888888888888,8.0
chr14:74493274:-:ATG,3,"['ENST00000555619.6', 'ENST00000553490.5', 'ENST00000238633.6']","[2332.0, 445.0, 7.0]","[0.8376436781609196, 0.1598419540229885, 0.002514367816091954]",2784.0,0.8376436781609196,5.240449438202247
chr14:77458189:+:ATG,2,"['ENST00000216479.8', 'ENST00000535854.6']","[170.0, 6.0]","[0.9659090909090909, 0.03409090909090909]",176.0,0.9659090909090909,28.333333333333332
chr14:77707965:-:CTG,2,"['ENST00000216489.8', 'ENST00000557057.5']","[30.0, 4.0]","[0.8823529411764706, 0.11764705882352941]",34.0,0.8823529411764706,7.5
chr14:77708004:-:ATG,2,"['ENST00000216489.8', 'ENST00000557057.5']","[30.0, 4.0]","[0.8823529411764706, 0.11764705882352941]",34.0,0.8823529411764706,7.5
chr14:77818978:+:ATG,2,"['ENST00000238561.10', 'ENST00000341211.5']","[9.0, 4.0]","[0.6923076923076923, 0.3076923076923077]",13.0,0.6923076923076923,2.25
chr14:77818987:+:AAG,2,"['ENST00000238561.10', 'ENST00000341211.5']","[9.0, 4.0]","[0.6923076923076923, 0.3076923076923077]",13.0,0.6923076923076923,2.25
chr14:88563133:+:ATG,2,"['ENST00000251038.10', 'ENST00000302216.12']","[40.0, 3.0]","[0.9302325581395349, 0.06976744186046512]",43.0,0.9302325581395349,13.333333333333334
chr14:88824707:+:ATG,4,"['ENST00000346301.8', 'ENST00000380656.7', 'ENST00000622513.4', 'ENST00000338104.10']","[113.0, 32.0, 14.0, 3.0]","[0.6975308641975309, 0.19753086419753085, 0.08641975308641975, 0.018518518518518517]",162.0,0.6975308641975309,3.53125
chr14:89963114:+:ATG,2,"['ENST00000393454.6', 'ENST00000335725.9']","[65.0, 5.0]","[0.9285714285714286, 0.07142857142857142]",70.0,0.9285714285714286,13.0
chr14:90401263:+:AAG,2,"['ENST00000356978.9', 'ENST00000544280.6']","[496.0, 82.0]","[0.8581314878892734, 0.14186851211072665]",578.0,0.8581314878892734,6.048780487804878
chr14:92093290:-:AAG,2,"['ENST00000644486.2', 'ENST00000359366.10']","[9.0, 6.0]","[0.6, 0.4]",15.0,0.6,1.5
chr14:92106552:-:ATG,5,"['ENST00000340660.10', 'ENST00000644486.2', 'ENST00000359366.10', 'ENST00000503767.5', 'ENST00000532032.5']","[10.0, 9.0, 6.0, 6.0, 4.0]","[0.2857142857142857, 0.2571428571428571, 0.17142857142857143, 0.17142857142857143, 0.11428571428571428]",35.0,0.2857142857142857,1.1111111111111112
chr14:94081401:+:CTG,2,"['ENST00000555523.6', 'ENST00000557218.5']","[106.0, 6.0]","[0.9464285714285714, 0.05357142857142857]",112.0,0.9464285714285714,17.666666666666668
chr14:94096937:+:ATG,2,"['ENST00000555523.6', 'ENST00000557218.5']","[106.0, 6.0]","[0.9464285714285714, 0.05357142857142857]",112.0,0.9464285714285714,17.666666666666668
chr14:96833471:+:ATG,2,"['ENST00000216639.8', 'ENST00000553683.2']","[109.0, 5.0]","[0.956140350877193, 0.043859649122807015]",114.0,0.956140350877193,21.8
chr14:99465805:-:ATG,2,"['ENST00000331768.10', 'ENST00000329331.7']","[60.0, 20.0]","[0.75, 0.25]",80.0,0.75,3.0
chr15:101277417:-:ATG,2,"['ENST00000526049.6', 'ENST00000398226.8']","[630.0, 15.0]","[0.9767441860465116, 0.023255813953488372]",645.0,0.9767441860465116,42.0
chr15:101650135:-:ATG,5,"['ENST00000347970.7', 'ENST00000333202.8', 'ENST00000560013.5', 'ENST00000428002.6', 'ENST00000561373.1']","[350.0, 128.0, 31.0, 5.0, 4.0]","[0.6756756756756757, 0.2471042471042471, 0.059845559845559844, 0.009652509652509652, 0.007722007722007722]",518.0,0.6756756756756757,2.734375
chr15:101652361:-:ATG,4,"['ENST00000347970.7', 'ENST00000333202.8', 'ENST00000560013.5', 'ENST00000428002.6']","[350.0, 128.0, 31.0, 5.0]","[0.6809338521400778, 0.2490272373540856, 0.06031128404669261, 0.009727626459143969]",514.0,0.6809338521400778,2.734375
chr15:23039543:-:ATG,2,"['ENST00000615383.5', 'ENST00000620435.4']","[59.0, 6.0]","[0.9076923076923077, 0.09230769230769231]",65.0,0.9076923076923077,9.833333333333334
chr15:34225114:+:ATG,2,"['ENST00000267750.9', 'ENST00000249209.8']","[2113.0, 453.0]","[0.823460639127046, 0.17653936087295402]",2566.0,0.823460639127046,4.664459161147903
chr15:34969682:-:GTG,2,"['ENST00000156471.10', 'ENST00000543879.6']","[37.0, 4.0]","[0.9024390243902439, 0.0975609756097561]",41.0,0.9024390243902439,9.25
chr15:38454161:+:ATG,2,"['ENST00000397609.6', 'ENST00000491535.5']","[44.0, 13.0]","[0.7719298245614035, 0.22807017543859648]",57.0,0.7719298245614035,3.3846153846153846
chr15:38454194:+:ATG,2,"['ENST00000397609.6', 'ENST00000491535.5']","[44.0, 13.0]","[0.7719298245614035, 0.22807017543859648]",57.0,0.7719298245614035,3.3846153846153846
chr15:40382835:+:ATG,3,"['ENST00000249776.13', 'ENST00000448395.6', 'ENST00000416151.6']","[420.0, 13.0, 6.0]","[0.9567198177676538, 0.029612756264236904, 0.01366742596810934]",439.0,0.9567198177676538,32.30769230769231
chr15:40563015:-:ATG,3,"['ENST00000416810.7', 'ENST00000558871.1', 'ENST00000358005.7']","[222.0, 8.0, 3.0]","[0.9527896995708155, 0.034334763948497854, 0.012875536480686695]",233.0,0.9527896995708155,27.75
chr15:40594337:+:GTG,2,"['ENST00000399668.7', 'ENST00000346991.9']","[59.0, 5.0]","[0.921875, 0.078125]",64.0,0.921875,11.8
chr15:40754783:-:ATG,3,"['ENST00000338376.8', 'ENST00000260385.10', 'ENST00000560905.1']","[151.0, 7.0, 4.0]","[0.9320987654320988, 0.043209876543209874, 0.024691358024691357]",162.0,0.9320987654320988,21.571428571428573
chr15:41332957:+:ATG,5,"['ENST00000414849.6', 'ENST00000559596.6', 'ENST00000260359.10', 'ENST00000560747.5', 'ENST00000560177.5']","[338.0, 222.0, 185.0, 33.0, 6.0]","[0.43112244897959184, 0.28316326530612246, 0.23596938775510204, 0.042091836734693876, 0.007653061224489796]",784.0,0.43112244897959184,1.5225225225225225
chr15:41397059:-:ATG,2,"['ENST00000260361.9', 'ENST00000560978.2']","[83.0, 5.0]","[0.9431818181818182, 0.056818181818181816]",88.0,0.9431818181818182,16.6
chr15:42273398:-:ATG,2,"['ENST00000307216.10', 'ENST00000389834.9']","[99.0, 62.0]","[0.6149068322981367, 0.38509316770186336]",161.0,0.6149068322981367,1.596774193548387
chr15:42511846:+:ATG,2,"['ENST00000249647.8', 'ENST00000349777.5']","[201.0, 15.0]","[0.9305555555555556, 0.06944444444444445]",216.0,0.9305555555555556,13.4
chr15:42548401:-:ACG,2,"['ENST00000563454.5', 'ENST00000397130.8']","[72.0, 22.0]","[0.7659574468085106, 0.23404255319148937]",94.0,0.7659574468085106,3.272727272727273
chr15:42548434:-:ATG,2,"['ENST00000563454.5', 'ENST00000397130.8']","[72.0, 22.0]","[0.7659574468085106, 0.23404255319148937]",94.0,0.7659574468085106,3.272727272727273
chr15:42548872:+:ATG,4,"['ENST00000260372.8', 'ENST00000391623.8', 'ENST00000568846.6', 'ENST00000563479.5']","[159.0, 38.0, 21.0, 6.0]","[0.7098214285714286, 0.16964285714285715, 0.09375, 0.026785714285714284]",224.0,0.7098214285714286,4.184210526315789
chr15:43106022:-:ATG,2,"['ENST00000546274.6', 'ENST00000290650.9']","[27.0, 18.0]","[0.6, 0.4]",45.0,0.6,1.5
chr15:43827032:+:ATG,2,"['ENST00000381246.6', 'ENST00000263795.11']","[178.0, 48.0]","[0.7876106194690266, 0.21238938053097345]",226.0,0.7876106194690266,3.7083333333333335
chr15:44711546:+:ATG,2,"['ENST00000648006.3', 'ENST00000561424.5']","[34323.0, 262.0]","[0.9924244614717364, 0.007575538528263698]",34585.0,0.9924244614717364,131.00381679389312
chr15:45402429:+:ATG,2,"['ENST00000305560.11', 'ENST00000531970.5']","[28.0, 10.0]","[0.7368421052631579, 0.2631578947368421]",38.0,0.7368421052631579,2.8
chr15:47759798:+:ATG,2,"['ENST00000389425.7', 'ENST00000536845.7']","[7.0, 6.0]","[0.5384615384615384, 0.46153846153846156]",13.0,0.5384615384615384,1.1666666666666667
chr15:48805616:-:GTG,4,"['ENST00000380950.7', 'ENST00000560322.5', 'ENST00000325747.9', 'ENST00000399334.7']","[82.0, 21.0, 18.0, 3.0]","[0.6612903225806451, 0.1693548387096774, 0.14516129032258066, 0.024193548387096774]",124.0,0.6612903225806451,3.9047619047619047
chr15:48805649:-:ATG,4,"['ENST00000380950.7', 'ENST00000560322.5', 'ENST00000325747.9', 'ENST00000399334.7']","[82.0, 21.0, 18.0, 3.0]","[0.6612903225806451, 0.1693548387096774, 0.14516129032258066, 0.024193548387096774]",124.0,0.6612903225806451,3.9047619047619047
chr15:48878176:+:ATG,2,"['ENST00000530028.3', 'ENST00000560490.1']","[588.0, 12.0]","[0.98, 0.02]",600.0,0.98,49.0
chr15:49155527:-:CTG,2,"['ENST00000299259.10', 'ENST00000388901.10']","[398.0, 151.0]","[0.7249544626593807, 0.2750455373406193]",549.0,0.7249544626593807,2.6357615894039736
chr15:49155578:-:ATG,4,"['ENST00000299259.10', 'ENST00000388901.10', 'ENST00000558843.5', 'ENST00000542928.5']","[398.0, 151.0, 14.0, 12.0]","[0.6921739130434783, 0.26260869565217393, 0.02434782608695652, 0.020869565217391306]",575.0,0.6921739130434783,2.6357615894039736
chr15:49201180:+:ATG,2,"['ENST00000396509.6', 'ENST00000544523.5']","[57.0, 25.0]","[0.6951219512195121, 0.3048780487804878]",82.0,0.6951219512195121,2.28
chr15:49201192:+:AAG,4,"['ENST00000396509.6', 'ENST00000544523.5', 'ENST00000560031.6', 'ENST00000327171.7']","[57.0, 25.0, 7.0, 6.0]","[0.6, 0.2631578947368421, 0.07368421052631578, 0.06315789473684211]",95.0,0.6,2.28
chr15:50439073:+:ATG,2,"['ENST00000396444.7', 'ENST00000307179.9']","[36.0, 28.0]","[0.5625, 0.4375]",64.0,0.5625,1.2857142857142858
chr15:51971745:-:ATG,2,"['ENST00000299601.10', 'ENST00000315141.5']","[391.0, 3.0]","[0.9923857868020305, 0.007614213197969543]",394.0,0.9923857868020305,130.33333333333334
chr15:52153984:-:ATG,2,"['ENST00000396335.8', 'ENST00000261837.12']","[30.0, 15.0]","[0.6666666666666666, 0.3333333333333333]",45.0,0.6666666666666666,2.0
chr15:52179834:-:AAG,2,"['ENST00000396335.8', 'ENST00000261837.12']","[30.0, 15.0]","[0.6666666666666666, 0.3333333333333333]",45.0,0.6666666666666666,2.0
chr15:52179879:-:ATG,3,"['ENST00000358784.11', 'ENST00000396335.8', 'ENST00000560116.1']","[39.0, 30.0, 25.0]","[0.4148936170212766, 0.3191489361702128, 0.26595744680851063]",94.0,0.4148936170212766,1.3
chr15:52557207:-:GTG,5,"['ENST00000249822.9', 'ENST00000566423.5', 'ENST00000567669.5', 'ENST00000563277.5', 'ENST00000564163.5']","[45.0, 27.0, 7.0, 6.0, 3.0]","[0.5113636363636364, 0.3068181818181818, 0.07954545454545454, 0.06818181818181818, 0.03409090909090909]",88.0,0.5113636363636364,1.6666666666666667
chr15:52568892:-:ATG,4,"['ENST00000249822.9', 'ENST00000566423.5', 'ENST00000567669.5', 'ENST00000564163.5']","[45.0, 27.0, 7.0, 3.0]","[0.5487804878048781, 0.32926829268292684, 0.08536585365853659, 0.036585365853658534]",82.0,0.5487804878048781,1.6666666666666667
chr15:58771395:+:ATG,2,"['ENST00000559228.6', 'ENST00000450403.3']","[38.0, 4.0]","[0.9047619047619048, 0.09523809523809523]",42.0,0.9047619047619048,9.5
chr15:59030822:+:ATG,2,"['ENST00000348370.9', 'ENST00000561186.5']","[3.0, 3.0]","[0.5, 0.5]",6.0,0.5,1.0
chr15:59030873:+:ATG,2,"['ENST00000348370.9', 'ENST00000561186.5']","[3.0, 3.0]","[0.5, 0.5]",6.0,0.5,1.0
chr15:59105268:+:ATG,2,"['ENST00000288207.7', 'ENST00000621385.1']","[1457.0, 4.0]","[0.9972621492128679, 0.0027378507871321013]",1461.0,0.9972621492128679,364.25
chr15:59652277:-:ATG,3,"['ENST00000396060.7', 'ENST00000396064.7', 'ENST00000396063.5']","[330.0, 74.0, 26.0]","[0.7674418604651163, 0.17209302325581396, 0.06046511627906977]",430.0,0.7674418604651163,4.45945945945946
chr15:59657451:-:GTG,2,"['ENST00000396060.7', 'ENST00000396064.7']","[330.0, 74.0]","[0.8168316831683168, 0.18316831683168316]",404.0,0.8168316831683168,4.45945945945946
chr15:60386075:-:ATG,6,"['ENST00000421017.6', 'ENST00000451270.7', 'ENST00000332680.8', 'ENST00000396024.7', 'ENST00000559780.6', 'ENST00000560014.5']","[3050.0, 2244.0, 192.0, 21.0, 14.0, 6.0]","[0.5518364392979916, 0.40600687533924373, 0.03473855617875882, 0.003799529582051746, 0.0025330197213678306, 0.001085579880586213]",5527.0,0.5518364392979916,1.3591800356506238
chr15:63121871:+:ATG,2,"['ENST00000261893.9', 'ENST00000413507.3']","[58.0, 23.0]","[0.7160493827160493, 0.2839506172839506]",81.0,0.7160493827160493,2.5217391304347827
chr15:64096013:+:ATG,2,"['ENST00000559844.6', 'ENST00000261889.9']","[65.0, 19.0]","[0.7738095238095238, 0.2261904761904762]",84.0,0.7738095238095238,3.4210526315789473
chr15:64096052:+:CTG,2,"['ENST00000559844.6', 'ENST00000261889.9']","[65.0, 19.0]","[0.7738095238095238, 0.2261904761904762]",84.0,0.7738095238095238,3.4210526315789473
chr15:64381371:-:ATG,3,"['ENST00000300035.9', 'ENST00000559519.5', 'ENST00000380258.6']","[1030.0, 137.0, 85.0]","[0.8226837060702875, 0.10942492012779553, 0.06789137380191693]",1252.0,0.8226837060702875,7.518248175182482
chr15:64983569:-:ATG,2,"['ENST00000204566.7', 'ENST00000433215.6']","[102.0, 15.0]","[0.8717948717948718, 0.1282051282051282]",117.0,0.8717948717948718,6.8
chr15:65512484:-:ATT,2,"['ENST00000341861.9', 'ENST00000300141.11']","[8.0, 4.0]","[0.6666666666666666, 0.3333333333333333]",12.0,0.6666666666666666,2.0
chr15:65512553:-:ATG,2,"['ENST00000341861.9', 'ENST00000300141.11']","[8.0, 4.0]","[0.6666666666666666, 0.3333333333333333]",12.0,0.6666666666666666,2.0
chr15:66497731:-:ATG,2,"['ENST00000316634.6', 'ENST00000562411.5']","[59.0, 13.0]","[0.8194444444444444, 0.18055555555555555]",72.0,0.8194444444444444,4.538461538461538
chr15:69414387:+:CTG,4,"['ENST00000352331.8', 'ENST00000260363.9', 'ENST00000679126.1', 'ENST00000561089.5']","[297.0, 38.0, 17.0, 5.0]","[0.8319327731092437, 0.10644257703081232, 0.047619047619047616, 0.014005602240896359]",357.0,0.8319327731092437,7.815789473684211
chr15:72375972:-:ATG,2,"['ENST00000268097.10', 'ENST00000566304.5']","[145.0, 5.0]","[0.9666666666666667, 0.03333333333333333]",150.0,0.9666666666666667,29.0
chr15:72686227:+:ATG,2,"['ENST00000268057.9', 'ENST00000562084.5']","[64.0, 7.0]","[0.9014084507042254, 0.09859154929577464]",71.0,0.9014084507042254,9.142857142857142
chr15:73633215:-:ATG,2,"['ENST00000351217.10', 'ENST00000345330.9']","[1011.0, 7.0]","[0.9931237721021611, 0.0068762278978389]",1018.0,0.9931237721021611,144.42857142857142
chr15:73684421:+:CTG,2,"['ENST00000318443.10', 'ENST00000561213.5']","[41.0, 4.0]","[0.9111111111111111, 0.08888888888888889]",45.0,0.9111111111111111,10.25
chr15:74202267:-:ATG,4,"['ENST00000432245.6', 'ENST00000395105.9', 'ENST00000563965.5', 'ENST00000616000.4']","[58.0, 23.0, 4.0, 4.0]","[0.651685393258427, 0.25842696629213485, 0.0449438202247191, 0.0449438202247191]",89.0,0.651685393258427,2.5217391304347827
chr15:74458867:-:ATG,3,"['ENST00000395081.7', 'ENST00000567435.5', 'ENST00000564488.5']","[153.0, 17.0, 8.0]","[0.8595505617977528, 0.09550561797752809, 0.0449438202247191]",178.0,0.8595505617977528,9.0
chr15:74675124:-:ATG,2,"['ENST00000315127.9', 'ENST00000568176.5']","[151.0, 3.0]","[0.9805194805194806, 0.01948051948051948]",154.0,0.9805194805194806,50.333333333333336
chr15:74890073:+:ATG,4,"['ENST00000566377.5', 'ENST00000565576.5', 'ENST00000352410.9', 'ENST00000323744.10']","[41.0, 29.0, 28.0, 11.0]","[0.3761467889908257, 0.26605504587155965, 0.25688073394495414, 0.10091743119266056]",109.0,0.3761467889908257,1.4137931034482758
chr15:74938014:-:ATG,4,"['ENST00000567270.5', 'ENST00000322347.11', 'ENST00000562233.5', 'ENST00000568783.5']","[56.0, 25.0, 5.0, 3.0]","[0.6292134831460674, 0.2808988764044944, 0.056179775280898875, 0.033707865168539325]",89.0,0.6292134831460674,2.24
chr15:75043525:+:ATG,2,"['ENST00000342932.8', 'ENST00000563393.1']","[15.0, 13.0]","[0.5357142857142857, 0.4642857142857143]",28.0,0.5357142857142857,1.1538461538461537
chr15:75206048:+:ATG,2,"['ENST00000567617.1', 'ENST00000394987.5']","[13.0, 4.0]","[0.7647058823529411, 0.23529411764705882]",17.0,0.7647058823529411,3.25
chr15:75336089:+:ATG,5,"['ENST00000267935.13', 'ENST00000338995.10', 'ENST00000567195.5', 'ENST00000562610.5', 'ENST00000564815.5']","[895.0, 225.0, 14.0, 3.0, 3.0]","[0.7850877192982456, 0.19736842105263158, 0.012280701754385965, 0.002631578947368421, 0.002631578947368421]",1140.0,0.7850877192982456,3.977777777777778
chr15:75430375:-:ATG,2,"['ENST00000394947.8', 'ENST00000564778.6']","[33.0, 7.0]","[0.825, 0.175]",40.0,0.825,4.714285714285714
chr15:76311388:-:ATG,3,"['ENST00000433983.6', 'ENST00000557943.6', 'ENST00000560595.6']","[21.0, 11.0, 5.0]","[0.5675675675675675, 0.2972972972972973, 0.13513513513513514]",37.0,0.5675675675675675,1.9090909090909092
chr15:77070954:-:ATG,2,"['ENST00000267970.9', 'ENST00000424443.7']","[32.0, 5.0]","[0.8648648648648649, 0.13513513513513514]",37.0,0.8648648648648649,6.4
chr15:77458407:+:ATG,2,"['ENST00000336216.9', 'ENST00000381714.7']","[14.0, 3.0]","[0.8235294117647058, 0.17647058823529413]",17.0,0.8235294117647058,4.666666666666667
chr15:78149403:+:ATG,2,"['ENST00000299518.7', 'ENST00000558554.5']","[149.0, 29.0]","[0.8370786516853933, 0.16292134831460675]",178.0,0.8370786516853933,5.137931034482759
chr15:78295686:-:ATG,2,"['ENST00000267973.7', 'ENST00000558459.5']","[1576.0, 6.0]","[0.9962073324905183, 0.0037926675094816687]",1582.0,0.9962073324905183,262.6666666666667
chr15:78541927:+:ATG,2,"['ENST00000044462.12', 'ENST00000558281.5']","[863.0, 20.0]","[0.9773499433748585, 0.022650056625141562]",883.0,0.9773499433748585,43.15
chr15:78880526:+:ATA,2,"['ENST00000379535.8', 'ENST00000331268.9']","[51.0, 27.0]","[0.6538461538461539, 0.34615384615384615]",78.0,0.6538461538461539,1.8888888888888888
chr15:79311249:+:ATG,3,"['ENST00000299705.10', 'ENST00000424155.6', 'ENST00000543455.1']","[402.0, 26.0, 3.0]","[0.9327146171693735, 0.060324825986078884, 0.0069605568445475635]",431.0,0.9327146171693735,15.461538461538462
chr15:79889267:-:AAG,2,"['ENST00000258874.4', 'ENST00000559722.2']","[67.0, 57.0]","[0.5403225806451613, 0.4596774193548387]",124.0,0.5403225806451613,1.1754385964912282
chr15:80059736:+:ATT,3,"['ENST00000558494.5', 'ENST00000564367.5', 'ENST00000561060.5']","[371.0, 49.0, 9.0]","[0.8648018648018648, 0.11421911421911422, 0.02097902097902098]",429.0,0.8648018648018648,7.571428571428571
chr15:80120344:+:ATG,6,"['ENST00000558494.5', 'ENST00000564367.5', 'ENST00000261749.11', 'ENST00000561060.5', 'ENST00000559835.5', 'ENST00000613266.4']","[371.0, 49.0, 29.0, 9.0, 3.0, 3.0]","[0.7995689655172413, 0.10560344827586207, 0.0625, 0.01939655172413793, 0.00646551724137931, 0.00646551724137931]",464.0,0.7995689655172413,7.571428571428571
chr15:80989791:-:ATG,2,"['ENST00000261758.6', 'ENST00000619987.4']","[156.0, 5.0]","[0.968944099378882, 0.031055900621118012]",161.0,0.968944099378882,31.2
chr15:82540428:-:ATG,2,"['ENST00000647841.1', 'ENST00000561157.5']","[36950.0, 38.0]","[0.9989726397750622, 0.0010273602249378177]",36988.0,0.9989726397750622,972.3684210526316
chr15:84691617:-:ATG,3,"['ENST00000268220.12', 'ENST00000455959.7', 'ENST00000559729.5']","[2265.0, 123.0, 84.0]","[0.9162621359223301, 0.04975728155339806, 0.03398058252427184]",2472.0,0.9162621359223301,18.414634146341463
chr15:84716075:-:ATG,2,"['ENST00000268220.12', 'ENST00000559729.5']","[2265.0, 84.0]","[0.9642401021711366, 0.035759897828863345]",2349.0,0.9642401021711366,26.964285714285715
chr15:89247647:+:ATG,2,"['ENST00000310775.12', 'ENST00000567996.5']","[41.0, 17.0]","[0.7068965517241379, 0.29310344827586204]",58.0,0.7068965517241379,2.411764705882353
chr15:90233688:-:ACG,2,"['ENST00000328649.11', 'ENST00000612800.1']","[158.0, 61.0]","[0.7214611872146118, 0.2785388127853881]",219.0,0.7214611872146118,2.5901639344262297
chr15:90233858:-:AAG,2,"['ENST00000328649.11', 'ENST00000612800.1']","[158.0, 61.0]","[0.7214611872146118, 0.2785388127853881]",219.0,0.7214611872146118,2.5901639344262297
chr15:90233885:-:ATG,2,"['ENST00000328649.11', 'ENST00000612800.1']","[158.0, 61.0]","[0.7214611872146118, 0.2785388127853881]",219.0,0.7214611872146118,2.5901639344262297
chr15:90994447:-:CTG,2,"['ENST00000394249.8', 'ENST00000361188.9']","[149.0, 138.0]","[0.519163763066202, 0.4808362369337979]",287.0,0.519163763066202,1.0797101449275361
chr15:90994453:-:CTG,2,"['ENST00000394249.8', 'ENST00000361188.9']","[149.0, 138.0]","[0.519163763066202, 0.4808362369337979]",287.0,0.519163763066202,1.0797101449275361
chr15:90994534:-:ACG,2,"['ENST00000394249.8', 'ENST00000361188.9']","[149.0, 138.0]","[0.519163763066202, 0.4808362369337979]",287.0,0.519163763066202,1.0797101449275361
chr16:10547617:-:ATG,2,"['ENST00000359543.8', 'ENST00000536829.1']","[338.0, 48.0]","[0.8756476683937824, 0.12435233160621761]",386.0,0.8756476683937824,7.041666666666667
chr16:11556730:-:ATG,3,"['ENST00000622633.5', 'ENST00000571976.1', 'ENST00000413364.6']","[240.0, 13.0, 6.0]","[0.9266409266409267, 0.05019305019305019, 0.023166023166023165]",259.0,0.9266409266409267,18.46153846153846
chr16:11851512:-:ATG,3,"['ENST00000571133.6', 'ENST00000355674.9', 'ENST00000573251.5']","[493.0, 88.0, 11.0]","[0.8327702702702703, 0.14864864864864866, 0.018581081081081082]",592.0,0.8327702702702703,5.6022727272727275
chr16:12803776:-:ATG,2,"['ENST00000381774.9', 'ENST00000433677.6']","[43.0, 8.0]","[0.8431372549019608, 0.1568627450980392]",51.0,0.8431372549019608,5.375
chr16:12803800:-:GTG,2,"['ENST00000381774.9', 'ENST00000433677.6']","[43.0, 8.0]","[0.8431372549019608, 0.1568627450980392]",51.0,0.8431372549019608,5.375
chr16:1314030:+:ATG,5,"['ENST00000397514.8', 'ENST00000355803.9', 'ENST00000325437.10', 'ENST00000397515.7', 'ENST00000566587.6']","[164.0, 10.0, 8.0, 5.0, 3.0]","[0.8631578947368421, 0.05263157894736842, 0.042105263157894736, 0.02631578947368421, 0.015789473684210527]",190.0,0.8631578947368421,16.4
chr16:13920165:+:ATG,2,"['ENST00000311895.8', 'ENST00000575156.5']","[5.0, 5.0]","[0.5, 0.5]",10.0,0.5,1.0
chr16:13920198:+:ATG,2,"['ENST00000311895.8', 'ENST00000575156.5']","[5.0, 5.0]","[0.5, 0.5]",10.0,0.5,1.0
chr16:14975199:+:ATG,4,"['ENST00000569715.5', 'ENST00000455313.6', 'ENST00000396410.9', 'ENST00000535621.6']","[50.0, 28.0, 27.0, 25.0]","[0.38461538461538464, 0.2153846153846154, 0.2076923076923077, 0.19230769230769232]",130.0,0.38461538461538464,1.7857142857142858
chr16:1678312:+:ATG,3,"['ENST00000248098.8', 'ENST00000561516.5', 'ENST00000562684.5']","[173.0, 32.0, 12.0]","[0.7972350230414746, 0.14746543778801843, 0.055299539170506916]",217.0,0.7972350230414746,5.40625
chr16:1827238:+:ATG,2,"['ENST00000427358.5', 'ENST00000382666.6']","[176.0, 3.0]","[0.9832402234636871, 0.01675977653631285]",179.0,0.9832402234636871,58.666666666666664
chr16:18801466:-:ATG,2,"['ENST00000304414.12', 'ENST00000567078.2']","[3265.0, 9.0]","[0.9972510690287111, 0.002748930971288943]",3274.0,0.9972510690287111,362.77777777777777
chr16:19527881:+:ATG,3,"['ENST00000381396.9', 'ENST00000396212.6', 'ENST00000694978.1']","[12.0, 10.0, 3.0]","[0.48, 0.4, 0.12]",25.0,0.48,1.2
chr16:1959624:+:ATG,3,"['ENST00000268668.11', 'ENST00000569148.1', 'ENST00000543683.6']","[1839.0, 49.0, 48.0]","[0.949896694214876, 0.0253099173553719, 0.024793388429752067]",1936.0,0.949896694214876,37.53061224489796
chr16:20741739:-:ATG,2,"['ENST00000396083.7', 'ENST00000381337.6']","[63.0, 23.0]","[0.7325581395348837, 0.26744186046511625]",86.0,0.7325581395348837,2.739130434782609
chr16:20806430:-:ATG,2,"['ENST00000357967.9', 'ENST00000569729.5']","[16.0, 12.0]","[0.5714285714285714, 0.42857142857142855]",28.0,0.5714285714285714,1.3333333333333333
chr16:2206085:+:ATG,3,"['ENST00000382450.8', 'ENST00000569417.6', 'ENST00000564088.5']","[61.0, 58.0, 33.0]","[0.40131578947368424, 0.3815789473684211, 0.21710526315789475]",152.0,0.40131578947368424,1.0517241379310345
chr16:2206127:+:CTG,2,"['ENST00000382450.8', 'ENST00000564088.5']","[61.0, 33.0]","[0.648936170212766, 0.35106382978723405]",94.0,0.648936170212766,1.8484848484848484
chr16:2251566:-:ATG,2,"['ENST00000301729.9', 'ENST00000562238.5']","[13.0, 3.0]","[0.8125, 0.1875]",16.0,0.8125,4.333333333333333
chr16:23641542:+:ATG,2,"['ENST00000300087.7', 'ENST00000563998.5']","[159.0, 4.0]","[0.9754601226993865, 0.024539877300613498]",163.0,0.9754601226993865,39.75
chr16:2429481:+:ATG,2,"['ENST00000397066.9', 'ENST00000293968.11']","[28.0, 5.0]","[0.8484848484848485, 0.15151515151515152]",33.0,0.8484848484848485,5.6
chr16:2756364:+:ATG,2,"['ENST00000301740.13', 'ENST00000574340.1']","[76.0, 4.0]","[0.95, 0.05]",80.0,0.95,19.0
chr16:28823259:+:ATG,4,"['ENST00000340394.12', 'ENST00000325215.10', 'ENST00000382686.8', 'ENST00000570200.5']","[25.0, 11.0, 10.0, 9.0]","[0.45454545454545453, 0.2, 0.18181818181818182, 0.16363636363636364]",55.0,0.45454545454545453,2.272727272727273
chr16:29679197:+:ATG,2,"['ENST00000449759.2', 'ENST00000395384.9']","[94.0, 4.0]","[0.9591836734693877, 0.04081632653061224]",98.0,0.9591836734693877,23.5
chr16:29996310:+:ATG,2,"['ENST00000563197.6', 'ENST00000304516.11']","[75.0, 8.0]","[0.9036144578313253, 0.0963855421686747]",83.0,0.9036144578313253,9.375
chr16:30053493:+:ATG,2,"['ENST00000338110.11', 'ENST00000566897.6']","[820.0, 212.0]","[0.7945736434108527, 0.2054263565891473]",1032.0,0.7945736434108527,3.8679245283018866
chr16:30064469:+:CTG,3,"['ENST00000338110.11', 'ENST00000563060.6', 'ENST00000566897.6']","[820.0, 550.0, 212.0]","[0.5183312262958281, 0.347661188369153, 0.13400758533501897]",1582.0,0.5183312262958281,1.490909090909091
chr16:30067254:+:ATG,6,"['ENST00000338110.11', 'ENST00000563060.6', 'ENST00000566897.6', 'ENST00000412304.6', 'ENST00000642816.3', 'ENST00000569798.5']","[820.0, 550.0, 212.0, 87.0, 53.0, 14.0]","[0.47235023041474655, 0.31682027649769584, 0.12211981566820276, 0.05011520737327189, 0.03052995391705069, 0.008064516129032258]",1736.0,0.47235023041474655,1.490909090909091
chr16:3020397:+:ATG,2,"['ENST00000326577.9', 'ENST00000341627.5']","[65.0, 44.0]","[0.5963302752293578, 0.4036697247706422]",109.0,0.5963302752293578,1.4772727272727273
chr16:3023505:-:ATG,2,"['ENST00000248089.8', 'ENST00000572355.5']","[181.0, 6.0]","[0.9679144385026738, 0.03208556149732621]",187.0,0.9679144385026738,30.166666666666668
chr16:30354681:-:ATG,2,"['ENST00000569466.1', 'ENST00000305596.8']","[99.0, 65.0]","[0.6036585365853658, 0.39634146341463417]",164.0,0.6036585365853658,1.523076923076923
chr16:30651645:+:ATG,2,"['ENST00000542965.2', 'ENST00000300835.9']","[5.0, 3.0]","[0.625, 0.375]",8.0,0.625,1.6666666666666667
chr16:3065811:+:ATG,13,"['ENST00000528163.6', 'ENST00000440815.7', 'ENST00000526464.6', 'ENST00000548476.5', 'ENST00000525643.7', 'ENST00000533097.6', 'ENST00000325568.9', 'ENST00000396890.6', 'ENST00000534507.5', 'ENST00000530890.5', 'ENST00000008180.13', 'ENST00000444393.7', 'ENST00000548652.5']","[168.0, 101.0, 101.0, 77.0, 37.0, 29.0, 26.0, 21.0, 19.0, 17.0, 15.0, 14.0, 6.0]","[0.2662440570522979, 0.1600633914421553, 0.1600633914421553, 0.12202852614896989, 0.058637083993660855, 0.04595879556259905, 0.04120443740095087, 0.03328050713153724, 0.030110935023771792, 0.02694136291600634, 0.02377179080824089, 0.022187004754358162, 0.009508716323296355]",631.0,0.2662440570522979,1.6633663366336633
chr16:31109046:+:ATG,3,"['ENST00000394950.7', 'ENST00000219794.11', 'ENST00000287507.7']","[39.0, 7.0, 3.0]","[0.7959183673469388, 0.14285714285714285, 0.061224489795918366]",49.0,0.7959183673469388,5.571428571428571
chr16:31180214:+:ATG,3,"['ENST00000254108.12', 'ENST00000380244.8', 'ENST00000566605.5']","[756.0, 63.0, 27.0]","[0.8936170212765957, 0.07446808510638298, 0.031914893617021274]",846.0,0.8936170212765957,12.0
chr16:3233740:-:GTG,3,"['ENST00000414144.7', 'ENST00000431561.7', 'ENST00000396870.8']","[34.0, 8.0, 3.0]","[0.7555555555555555, 0.17777777777777778, 0.06666666666666667]",45.0,0.7555555555555555,4.25
chr16:3233755:-:ATG,3,"['ENST00000414144.7', 'ENST00000431561.7', 'ENST00000396870.8']","[34.0, 8.0, 3.0]","[0.7555555555555555, 0.17777777777777778, 0.06666666666666667]",45.0,0.7555555555555555,4.25
chr16:3233803:-:GTG,3,"['ENST00000414144.7', 'ENST00000431561.7', 'ENST00000396870.8']","[34.0, 8.0, 3.0]","[0.7555555555555555, 0.17777777777777778, 0.06666666666666667]",45.0,0.7555555555555555,4.25
chr16:370206:-:AAG,2,"['ENST00000450882.1', 'ENST00000389675.6']","[21.0, 3.0]","[0.875, 0.125]",24.0,0.875,7.0
chr16:370218:-:ATG,3,"['ENST00000199706.13', 'ENST00000450882.1', 'ENST00000389675.6']","[53.0, 21.0, 3.0]","[0.6883116883116883, 0.2727272727272727, 0.03896103896103896]",77.0,0.6883116883116883,2.5238095238095237
chr16:4474132:-:ATG,3,"['ENST00000404295.7', 'ENST00000283429.11', 'ENST00000574425.5']","[123.0, 80.0, 40.0]","[0.5061728395061729, 0.3292181069958848, 0.1646090534979424]",243.0,0.5061728395061729,1.5375
chr16:46683570:-:AAG,2,"['ENST00000299138.12', 'ENST00000568784.6']","[61.0, 15.0]","[0.8026315789473685, 0.19736842105263158]",76.0,0.8026315789473685,4.066666666666666
chr16:46689133:-:ATG,2,"['ENST00000299138.12', 'ENST00000568784.6']","[61.0, 15.0]","[0.8026315789473685, 0.19736842105263158]",76.0,0.8026315789473685,4.066666666666666
chr16:46831149:-:ATG,2,"['ENST00000285697.9', 'ENST00000394806.6']","[27.0, 21.0]","[0.5625, 0.4375]",48.0,0.5625,1.2857142857142858
chr16:4847265:-:ATG,2,"['ENST00000321919.14', 'ENST00000436648.9']","[60.0, 11.0]","[0.8450704225352113, 0.15492957746478872]",71.0,0.8450704225352113,5.454545454545454
chr16:50025315:+:ATG,2,"['ENST00000427478.7', 'ENST00000458059.7']","[46.0, 11.0]","[0.8070175438596491, 0.19298245614035087]",57.0,0.8070175438596491,4.181818181818182
chr16:50026466:+:ATG,2,"['ENST00000427478.7', 'ENST00000458059.7']","[46.0, 11.0]","[0.8070175438596491, 0.19298245614035087]",57.0,0.8070175438596491,4.181818181818182
chr16:53700723:-:ATG,2,"['ENST00000566096.5', 'ENST00000562230.5']","[21.0, 15.0]","[0.5833333333333334, 0.4166666666666667]",36.0,0.5833333333333334,1.4
chr16:56932172:+:TTG,2,"['ENST00000439977.7', 'ENST00000300302.9']","[33.0, 31.0]","[0.515625, 0.484375]",64.0,0.515625,1.064516129032258
chr16:56932244:+:ATG,2,"['ENST00000439977.7', 'ENST00000300302.9']","[33.0, 31.0]","[0.515625, 0.484375]",64.0,0.515625,1.064516129032258
chr16:56961979:+:ATG,2,"['ENST00000200676.8', 'ENST00000379780.6']","[33.0, 13.0]","[0.717391304347826, 0.2826086956521739]",46.0,0.717391304347826,2.5384615384615383
chr16:57173818:-:AAG,4,"['ENST00000309137.13', 'ENST00000568671.5', 'ENST00000567439.5', 'ENST00000562324.5']","[79.0, 32.0, 27.0, 9.0]","[0.5374149659863946, 0.21768707482993196, 0.1836734693877551, 0.061224489795918366]",147.0,0.5374149659863946,2.46875
chr16:57173854:-:ATG,4,"['ENST00000309137.13', 'ENST00000568671.5', 'ENST00000567439.5', 'ENST00000562324.5']","[79.0, 32.0, 27.0, 9.0]","[0.5374149659863946, 0.21768707482993196, 0.1836734693877551, 0.061224489795918366]",147.0,0.5374149659863946,2.46875
chr16:57440928:-:ATG,2,"['ENST00000394391.9', 'ENST00000567518.5']","[197.0, 33.0]","[0.8565217391304348, 0.14347826086956522]",230.0,0.8565217391304348,5.96969696969697
chr16:57447505:+:ATG,2,"['ENST00000262507.11', 'ENST00000567933.5']","[324.0, 3.0]","[0.9908256880733946, 0.009174311926605505]",327.0,0.9908256880733946,108.0
chr16:58392742:+:CTG,2,"['ENST00000328514.11', 'ENST00000318129.6']","[126.0, 69.0]","[0.6461538461538462, 0.35384615384615387]",195.0,0.6461538461538462,1.826086956521739
chr16:66552715:+:ATG,5,"['ENST00000351137.8', 'ENST00000264001.9', 'ENST00000345436.8', 'ENST00000362093.4', 'ENST00000534692.1']","[1082.0, 896.0, 128.0, 31.0, 5.0]","[0.5051353874883286, 0.41830065359477125, 0.059757236227824466, 0.014472455648926238, 0.002334267040149393]",2142.0,0.5051353874883286,1.2075892857142858
chr16:67660202:-:CTG,2,"['ENST00000620761.6', 'ENST00000219251.13']","[71.0, 10.0]","[0.8765432098765432, 0.12345679012345678]",81.0,0.8765432098765432,7.1
chr16:67660220:-:ATG,2,"['ENST00000620761.6', 'ENST00000219251.13']","[71.0, 10.0]","[0.8765432098765432, 0.12345679012345678]",81.0,0.8765432098765432,7.1
chr16:67865130:+:ATG,2,"['ENST00000219169.9', 'ENST00000569436.7']","[265.0, 6.0]","[0.977859778597786, 0.02214022140221402]",271.0,0.977859778597786,44.166666666666664
chr16:68038023:+:ATG,2,"['ENST00000565263.6', 'ENST00000358896.10']","[106.0, 38.0]","[0.7361111111111112, 0.2638888888888889]",144.0,0.7361111111111112,2.789473684210526
chr16:68236045:-:ATG,2,"['ENST00000473183.7', 'ENST00000565858.5']","[30.0, 3.0]","[0.9090909090909091, 0.09090909090909091]",33.0,0.9090909090909091,10.0
chr16:68236078:-:GTG,2,"['ENST00000473183.7', 'ENST00000565858.5']","[30.0, 3.0]","[0.9090909090909091, 0.09090909090909091]",33.0,0.9090909090909091,10.0
chr16:69187166:+:ATG,2,"['ENST00000336278.9', 'ENST00000467311.5']","[112.0, 10.0]","[0.9180327868852459, 0.08196721311475409]",122.0,0.9180327868852459,11.2
chr16:69339829:+:ATG,3,"['ENST00000254940.10', 'ENST00000569637.6', 'ENST00000254941.6']","[342.0, 11.0, 8.0]","[0.9473684210526315, 0.030470914127423823, 0.0221606648199446]",361.0,0.9473684210526315,31.09090909090909
chr16:70346937:+:TTG,2,"['ENST00000302243.12', 'ENST00000569771.5']","[310.0, 4.0]","[0.9872611464968153, 0.012738853503184714]",314.0,0.9872611464968153,77.5
chr16:70346991:+:ATG,2,"['ENST00000302243.12', 'ENST00000569771.5']","[310.0, 4.0]","[0.9872611464968153, 0.012738853503184714]",314.0,0.9872611464968153,77.5
chr16:74661449:-:ATG,2,"['ENST00000361070.9', 'ENST00000571750.5']","[83.0, 3.0]","[0.9651162790697675, 0.03488372093023256]",86.0,0.9651162790697675,27.666666666666668
chr16:75647639:-:ATG,2,"['ENST00000302445.8', 'ENST00000319410.9']","[1239.0, 80.0]","[0.9393479909021987, 0.060652009097801364]",1319.0,0.9393479909021987,15.4875
chr16:80997394:-:ATG,4,"['ENST00000219400.8', 'ENST00000486645.5', 'ENST00000570195.5', 'ENST00000570086.5']","[180.0, 58.0, 24.0, 5.0]","[0.6741573033707865, 0.21722846441947566, 0.0898876404494382, 0.018726591760299626]",267.0,0.6741573033707865,3.103448275862069
chr16:81011939:+:ATG,2,"['ENST00000305850.10', 'ENST00000439957.7']","[136.0, 33.0]","[0.8047337278106509, 0.1952662721893491]",169.0,0.8047337278106509,4.121212121212121
chr16:84700090:+:ATG,2,"['ENST00000219473.12', 'ENST00000563048.5']","[344.0, 3.0]","[0.9913544668587896, 0.008645533141210375]",347.0,0.9913544668587896,114.66666666666667
chr16:85801205:+:ATG,2,"['ENST00000253452.8', 'ENST00000561569.5']","[1199.0, 47.0]","[0.9622792937399679, 0.0377207062600321]",1246.0,0.9622792937399679,25.51063829787234
chr16:85801217:+:AGG,2,"['ENST00000253452.8', 'ENST00000561569.5']","[1199.0, 47.0]","[0.9622792937399679, 0.0377207062600321]",1246.0,0.9622792937399679,25.51063829787234
chr16:8621759:+:CTG,2,"['ENST00000163678.11', 'ENST00000381920.8']","[27.0, 18.0]","[0.6, 0.4]",45.0,0.6,1.5
chr16:87765890:-:ATG,2,"['ENST00000270583.10', 'ENST00000347925.9']","[53.0, 5.0]","[0.9137931034482759, 0.08620689655172414]",58.0,0.9137931034482759,10.6
chr16:88811899:-:ATG,2,"['ENST00000426324.6', 'ENST00000378364.8']","[703.0, 202.0]","[0.7767955801104972, 0.22320441988950276]",905.0,0.7767955801104972,3.48019801980198
chr16:88857150:+:ATG,6,"['ENST00000696289.1', 'ENST00000301021.7', 'ENST00000567312.5', 'ENST00000564404.5', 'ENST00000625770.2', 'ENST00000565205.5']","[107.0, 82.0, 57.0, 21.0, 16.0, 6.0]","[0.370242214532872, 0.2837370242214533, 0.1972318339100346, 0.0726643598615917, 0.05536332179930796, 0.020761245674740483]",289.0,0.370242214532872,1.3048780487804879
chr16:89093953:+:GTG,2,"['ENST00000378345.8', 'ENST00000406948.7']","[7.0, 4.0]","[0.6363636363636364, 0.36363636363636365]",11.0,0.6363636363636364,1.75
chr16:89816615:-:ATG,2,"['ENST00000389302.7', 'ENST00000563673.5']","[58.0, 19.0]","[0.7532467532467533, 0.24675324675324675]",77.0,0.7532467532467533,3.0526315789473686
chr17:1400206:-:ATT,2,"['ENST00000264335.13', 'ENST00000571732.5']","[1059.0, 493.0]","[0.6823453608247423, 0.3176546391752577]",1552.0,0.6823453608247423,2.1480730223123734
chr17:15260727:-:ATG,4,"['ENST00000612492.5', 'ENST00000312280.9', 'ENST00000426385.4', 'ENST00000395938.7']","[64.0, 51.0, 23.0, 9.0]","[0.43537414965986393, 0.3469387755102041, 0.1564625850340136, 0.061224489795918366]",147.0,0.43537414965986393,1.2549019607843137
chr17:15262512:-:TTG,3,"['ENST00000612492.5', 'ENST00000426385.4', 'ENST00000395938.7']","[64.0, 23.0, 9.0]","[0.6666666666666666, 0.23958333333333334, 0.09375]",96.0,0.6666666666666666,2.782608695652174
chr17:15999594:-:ATG,2,"['ENST00000472495.5', 'ENST00000399277.6']","[99.0, 9.0]","[0.9166666666666666, 0.08333333333333333]",108.0,0.9166666666666666,11.0
chr17:15999645:-:CTG,2,"['ENST00000472495.5', 'ENST00000399277.6']","[99.0, 9.0]","[0.9166666666666666, 0.08333333333333333]",108.0,0.9166666666666666,11.0
chr17:16194569:-:ATG,3,"['ENST00000411510.5', 'ENST00000436828.5', 'ENST00000582357.5']","[13.0, 3.0, 3.0]","[0.6842105263157895, 0.15789473684210525, 0.15789473684210525]",19.0,0.6842105263157895,4.333333333333333
chr17:17577012:-:ATG,2,"['ENST00000255389.10', 'ENST00000395783.5']","[292.0, 5.0]","[0.9831649831649831, 0.016835016835016835]",297.0,0.9831649831649831,58.4
chr17:18355981:-:ATG,2,"['ENST00000316694.8', 'ENST00000354098.7']","[73.0, 30.0]","[0.7087378640776699, 0.2912621359223301]",103.0,0.7087378640776699,2.433333333333333
chr17:20096651:+:ATG,2,"['ENST00000395529.7', 'ENST00000467722.3']","[48.0, 3.0]","[0.9411764705882353, 0.058823529411764705]",51.0,0.9411764705882353,16.0
chr17:2666087:+:AAG,2,"['ENST00000397195.10', 'ENST00000570400.2']","[55.0, 4.0]","[0.9322033898305084, 0.06779661016949153]",59.0,0.9322033898305084,13.75
chr17:28325517:+:AAG,2,"['ENST00000226230.8', 'ENST00000336687.6']","[311.0, 192.0]","[0.6182902584493042, 0.3817097415506958]",503.0,0.6182902584493042,1.6197916666666667
chr17:28571496:-:ATG,2,"['ENST00000308360.8', 'ENST00000395346.6']","[125.0, 83.0]","[0.6009615384615384, 0.39903846153846156]",208.0,0.6009615384615384,1.5060240963855422
chr17:28598946:-:ATG,2,"['ENST00000321765.10', 'ENST00000578479.1']","[407.0, 3.0]","[0.9926829268292683, 0.007317073170731708]",410.0,0.9926829268292683,135.66666666666666
chr17:28598998:-:ATG,2,"['ENST00000321765.10', 'ENST00000578479.1']","[407.0, 3.0]","[0.9926829268292683, 0.007317073170731708]",410.0,0.9926829268292683,135.66666666666666
chr17:28673401:+:ATG,2,"['ENST00000314616.11', 'ENST00000347486.8']","[32.0, 14.0]","[0.6956521739130435, 0.30434782608695654]",46.0,0.6956521739130435,2.2857142857142856
chr17:28717266:-:ATG,4,"['ENST00000301043.10', 'ENST00000395245.9', 'ENST00000450529.5', 'ENST00000415040.6']","[133.0, 31.0, 8.0, 7.0]","[0.7430167597765364, 0.17318435754189945, 0.0446927374301676, 0.03910614525139665]",179.0,0.7430167597765364,4.290322580645161
chr17:28718165:-:ATG,2,"['ENST00000450529.5', 'ENST00000583538.5']","[8.0, 3.0]","[0.7272727272727273, 0.2727272727272727]",11.0,0.7272727272727273,2.6666666666666665
chr17:30477433:+:ATG,2,"['ENST00000225724.9', 'ENST00000451249.7']","[18.0, 9.0]","[0.6666666666666666, 0.3333333333333333]",27.0,0.6666666666666666,2.0
chr17:30481147:+:AGG,2,"['ENST00000225724.9', 'ENST00000451249.7']","[18.0, 9.0]","[0.6666666666666666, 0.3333333333333333]",27.0,0.6666666666666666,2.0
chr17:30484268:+:ATG,2,"['ENST00000225724.9', 'ENST00000451249.7']","[18.0, 9.0]","[0.6666666666666666, 0.3333333333333333]",27.0,0.6666666666666666,2.0
chr17:30906198:-:ATG,3,"['ENST00000581216.6', 'ENST00000580840.1', 'ENST00000306049.9']","[184.0, 27.0, 6.0]","[0.847926267281106, 0.12442396313364056, 0.027649769585253458]",217.0,0.847926267281106,6.814814814814815
chr17:35119532:-:GTG,2,"['ENST00000335858.11', 'ENST00000345365.11']","[16.0, 3.0]","[0.8421052631578947, 0.15789473684210525]",19.0,0.8421052631578947,5.333333333333333
chr17:35809569:+:ATG,3,"['ENST00000605844.6', 'ENST00000603393.6', 'ENST00000604841.5']","[14.0, 3.0, 3.0]","[0.7, 0.15, 0.15]",20.0,0.7,4.666666666666667
chr17:36486699:+:ATG,2,"['ENST00000617429.5', 'ENST00000620324.4']","[534.0, 18.0]","[0.967391304347826, 0.03260869565217391]",552.0,0.967391304347826,29.666666666666668
chr17:3664777:-:CTG,2,"['ENST00000225525.4', 'ENST00000550383.1']","[367.0, 49.0]","[0.8822115384615384, 0.11778846153846154]",416.0,0.8822115384615384,7.489795918367347
chr17:3669146:+:ATG,2,"['ENST00000248378.6', 'ENST00000397133.2']","[278.0, 28.0]","[0.9084967320261438, 0.0915032679738562]",306.0,0.9084967320261438,9.928571428571429
chr17:3669164:+:AAG,2,"['ENST00000248378.6', 'ENST00000397133.2']","[278.0, 28.0]","[0.9084967320261438, 0.0915032679738562]",306.0,0.9084967320261438,9.928571428571429
chr17:37339813:-:ATT,2,"['ENST00000614428.4', 'ENST00000616317.5']","[45.0, 13.0]","[0.7758620689655172, 0.22413793103448276]",58.0,0.7758620689655172,3.4615384615384617
chr17:37411365:+:ATG,2,"['ENST00000615182.5', 'ENST00000612272.4']","[10.0, 6.0]","[0.625, 0.375]",16.0,0.625,1.6666666666666667
chr17:37643420:-:ATG,3,"['ENST00000617633.5', 'ENST00000620209.4', 'ENST00000612255.4']","[67.0, 42.0, 3.0]","[0.5982142857142857, 0.375, 0.026785714285714284]",112.0,0.5982142857142857,1.5952380952380953
chr17:38297183:+:ATG,2,"['ENST00000613675.5', 'ENST00000619548.1']","[786.0, 28.0]","[0.9656019656019657, 0.0343980343980344]",814.0,0.9656019656019657,28.071428571428573
chr17:38752826:+:ATG,3,"['ENST00000619426.5', 'ENST00000620309.4', 'ENST00000613870.4']","[4930.0, 259.0, 5.0]","[0.9491721216788602, 0.04986522911051213, 0.0009626492106276473]",5194.0,0.9491721216788602,19.034749034749034
chr17:39451245:-:ATG,3,"['ENST00000300651.11', 'ENST00000577831.5', 'ENST00000394287.7']","[215.0, 168.0, 155.0]","[0.3996282527881041, 0.31226765799256506, 0.28810408921933084]",538.0,0.3996282527881041,1.2797619047619047
chr17:39924164:-:ACG,2,"['ENST00000304046.7', 'ENST00000579695.5']","[108.0, 34.0]","[0.7605633802816901, 0.23943661971830985]",142.0,0.7605633802816901,3.176470588235294
chr17:39924203:-:ATG,2,"['ENST00000304046.7', 'ENST00000579695.5']","[108.0, 34.0]","[0.7605633802816901, 0.23943661971830985]",142.0,0.7605633802816901,3.176470588235294
chr17:40645802:-:ATG,2,"['ENST00000348513.12', 'ENST00000447024.6']","[42.0, 7.0]","[0.8571428571428571, 0.14285714285714285]",49.0,0.8571428571428571,6.0
chr17:40818441:-:GTG,2,"['ENST00000269576.6', 'ENST00000635956.2']","[75.0, 24.0]","[0.7575757575757576, 0.24242424242424243]",99.0,0.7575757575757576,3.125
chr17:40818453:-:ATT,2,"['ENST00000269576.6', 'ENST00000635956.2']","[75.0, 24.0]","[0.7575757575757576, 0.24242424242424243]",99.0,0.7575757575757576,3.125
chr17:41913873:-:ATG,3,"['ENST00000352035.7', 'ENST00000590151.5', 'ENST00000393896.6']","[100.0, 72.0, 20.0]","[0.5208333333333334, 0.375, 0.10416666666666667]",192.0,0.5208333333333334,1.3888888888888888
chr17:41918915:-:CTG,2,"['ENST00000590151.5', 'ENST00000393896.6']","[72.0, 20.0]","[0.782608695652174, 0.21739130434782608]",92.0,0.782608695652174,3.6
chr17:41968121:+:AAG,2,"['ENST00000393888.1', 'ENST00000393892.8']","[1659.0, 35.0]","[0.9793388429752066, 0.02066115702479339]",1694.0,0.9793388429752066,47.4
chr17:41968124:+:ATG,2,"['ENST00000393888.1', 'ENST00000393892.8']","[1659.0, 35.0]","[0.9793388429752066, 0.02066115702479339]",1694.0,0.9793388429752066,47.4
chr17:42017416:-:ATG,2,"['ENST00000457167.9', 'ENST00000586335.2']","[529.0, 6.0]","[0.9887850467289719, 0.011214953271028037]",535.0,0.9887850467289719,88.16666666666667
chr17:42021577:+:ATG,3,"['ENST00000393881.7', 'ENST00000393885.9', 'ENST00000449471.8']","[73.0, 71.0, 3.0]","[0.4965986394557823, 0.48299319727891155, 0.02040816326530612]",147.0,0.4965986394557823,1.028169014084507
chr17:42021583:+:AAG,3,"['ENST00000393881.7', 'ENST00000393885.9', 'ENST00000449471.8']","[73.0, 71.0, 3.0]","[0.4965986394557823, 0.48299319727891155, 0.02040816326530612]",147.0,0.4965986394557823,1.028169014084507
chr17:42348516:-:ATG,3,"['ENST00000404395.3', 'ENST00000264657.10', 'ENST00000588969.5']","[104.0, 31.0, 7.0]","[0.7323943661971831, 0.21830985915492956, 0.04929577464788732]",142.0,0.7323943661971831,3.3548387096774195
chr17:42388403:-:AGG,2,"['ENST00000404395.3', 'ENST00000588969.5']","[104.0, 7.0]","[0.9369369369369369, 0.06306306306306306]",111.0,0.9369369369369369,14.857142857142858
chr17:42388409:-:CTG,2,"['ENST00000404395.3', 'ENST00000588969.5']","[104.0, 7.0]","[0.9369369369369369, 0.06306306306306306]",111.0,0.9369369369369369,14.857142857142858
chr17:42562622:+:ATG,2,"['ENST00000393818.3', 'ENST00000421097.6']","[444.0, 244.0]","[0.6453488372093024, 0.3546511627906977]",688.0,0.6453488372093024,1.819672131147541
chr17:42567124:+:ATG,3,"['ENST00000435881.7', 'ENST00000346833.8', 'ENST00000246912.8']","[95.0, 25.0, 10.0]","[0.7307692307692307, 0.19230769230769232, 0.07692307692307693]",130.0,0.7307692307692307,3.8
chr17:42567127:+:ACG,3,"['ENST00000435881.7', 'ENST00000346833.8', 'ENST00000246912.8']","[95.0, 25.0, 10.0]","[0.7307692307692307, 0.19230769230769232, 0.07692307692307693]",130.0,0.7307692307692307,3.8
chr17:42567163:+:AAG,2,"['ENST00000435881.7', 'ENST00000346833.8']","[95.0, 25.0]","[0.7916666666666666, 0.20833333333333334]",120.0,0.7916666666666666,3.8
chr17:42567618:+:GTG,2,"['ENST00000435881.7', 'ENST00000346833.8']","[95.0, 25.0]","[0.7916666666666666, 0.20833333333333334]",120.0,0.7916666666666666,3.8
chr17:42609737:+:ATG,2,"['ENST00000251413.8', 'ENST00000591509.5']","[1646.0, 4.0]","[0.9975757575757576, 0.0024242424242424242]",1650.0,0.9975757575757576,411.5
chr17:42823865:-:AAG,2,"['ENST00000590099.6', 'ENST00000361523.8']","[121.0, 39.0]","[0.75625, 0.24375]",160.0,0.75625,3.1025641025641026
chr17:42823877:-:ATG,2,"['ENST00000590099.6', 'ENST00000361523.8']","[121.0, 39.0]","[0.75625, 0.24375]",160.0,0.75625,3.1025641025641026
chr17:42998750:+:ATG,3,"['ENST00000253788.12', 'ENST00000589913.6', 'ENST00000589037.5']","[18712.0, 6114.0, 23.0]","[0.7530282908768965, 0.24604611855607872, 0.00092559056702483]",24849.0,0.7530282908768965,3.060516846581616
chr17:42998762:+:ATG,2,"['ENST00000589913.6', 'ENST00000589037.5']","[6114.0, 23.0]","[0.9962522405083917, 0.0037477594916082778]",6137.0,0.9962522405083917,265.82608695652175
chr17:43124096:-:ATG,4,"['ENST00000618469.2', 'ENST00000471181.7', 'ENST00000494123.6', 'ENST00000357654.9']","[13.0, 4.0, 4.0, 3.0]","[0.5416666666666666, 0.16666666666666666, 0.16666666666666666, 0.125]",24.0,0.5416666666666666,3.25
chr17:43484037:+:ATG,2,"['ENST00000262415.8', 'ENST00000540306.5']","[39.0, 22.0]","[0.639344262295082, 0.36065573770491804]",61.0,0.639344262295082,1.7727272727272727
chr17:43484055:+:ATG,2,"['ENST00000262415.8', 'ENST00000540306.5']","[39.0, 22.0]","[0.639344262295082, 0.36065573770491804]",61.0,0.639344262295082,1.7727272727272727
chr17:43661381:-:CTG,2,"['ENST00000318579.9', 'ENST00000393661.2']","[307.0, 3.0]","[0.9903225806451613, 0.00967741935483871]",310.0,0.9903225806451613,102.33333333333333
chr17:44689753:-:ATG,2,"['ENST00000315286.13', 'ENST00000457422.6']","[162.0, 17.0]","[0.9050279329608939, 0.09497206703910614]",179.0,0.9050279329608939,9.529411764705882
chr17:44894521:-:ATG,2,"['ENST00000426333.7', 'ENST00000592576.5']","[138.0, 23.0]","[0.8571428571428571, 0.14285714285714285]",161.0,0.8571428571428571,6.0
chr17:45162793:+:ATG,4,"['ENST00000592695.1', 'ENST00000307275.7', 'ENST00000589230.6', 'ENST00000591576.5']","[11.0, 10.0, 8.0, 3.0]","[0.34375, 0.3125, 0.25, 0.09375]",32.0,0.34375,1.1
chr17:46923192:+:ATG,4,"['ENST00000640051.2', 'ENST00000640621.1', 'ENST00000575949.6', 'ENST00000640608.1']","[68.0, 17.0, 5.0, 3.0]","[0.7311827956989247, 0.1827956989247312, 0.053763440860215055, 0.03225806451612903]",93.0,0.7311827956989247,4.0
chr17:46923201:+:CTG,4,"['ENST00000640051.2', 'ENST00000640621.1', 'ENST00000575949.6', 'ENST00000640608.1']","[68.0, 17.0, 5.0, 3.0]","[0.7311827956989247, 0.1827956989247312, 0.053763440860215055, 0.03225806451612903]",93.0,0.7311827956989247,4.0
chr17:47840843:-:ATG,2,"['ENST00000290216.14', 'ENST00000407215.7']","[33.0, 16.0]","[0.673469387755102, 0.32653061224489793]",49.0,0.673469387755102,2.0625
chr17:4796194:+:ATG,2,"['ENST00000270586.8', 'ENST00000614486.4']","[4877.0, 11.0]","[0.9977495908346972, 0.0022504091653027824]",4888.0,0.9977495908346972,443.3636363636364
chr17:48077004:-:ATG,2,"['ENST00000225603.9', 'ENST00000393408.7']","[249.0, 5.0]","[0.9803149606299213, 0.01968503937007874]",254.0,0.9803149606299213,49.8
chr17:48077016:-:CTG,2,"['ENST00000225603.9', 'ENST00000393408.7']","[249.0, 5.0]","[0.9803149606299213, 0.01968503937007874]",254.0,0.9803149606299213,49.8
chr17:48893417:+:ATG,4,"['ENST00000355938.9', 'ENST00000503641.5', 'ENST00000514808.5', 'ENST00000506855.1']","[4342.0, 63.0, 48.0, 27.0]","[0.9691964285714286, 0.0140625, 0.010714285714285714, 0.0060267857142857146]",4480.0,0.9691964285714286,68.92063492063492
chr17:48944734:-:ATG,2,"['ENST00000290330.7', 'ENST00000502492.6']","[67.0, 10.0]","[0.8701298701298701, 0.12987012987012986]",77.0,0.8701298701298701,6.7
chr17:49413264:-:ATG,2,"['ENST00000300408.8', 'ENST00000512041.7']","[571.0, 6.0]","[0.9896013864818024, 0.010398613518197574]",577.0,0.9896013864818024,95.16666666666667
chr17:49622810:-:ATG,2,"['ENST00000504102.6', 'ENST00000393328.6']","[56.0, 5.0]","[0.9180327868852459, 0.08196721311475409]",61.0,0.9180327868852459,11.2
chr17:49622816:-:CTG,2,"['ENST00000504102.6', 'ENST00000393328.6']","[56.0, 5.0]","[0.9180327868852459, 0.08196721311475409]",61.0,0.9180327868852459,11.2
chr17:4967765:-:AAG,2,"['ENST00000206020.8', 'ENST00000575142.5']","[471.0, 20.0]","[0.9592668024439919, 0.04073319755600815]",491.0,0.9592668024439919,23.55
chr17:50373170:-:ATG,2,"['ENST00000225969.9', 'ENST00000442592.3']","[1881.0, 18.0]","[0.990521327014218, 0.009478672985781991]",1899.0,0.990521327014218,104.5
chr17:50719732:+:ATG,4,"['ENST00000240304.5', 'ENST00000505658.6', 'ENST00000393227.6', 'ENST00000505619.5']","[267.0, 57.0, 39.0, 7.0]","[0.7216216216216216, 0.15405405405405406, 0.10540540540540541, 0.01891891891891892]",370.0,0.7216216216216216,4.684210526315789
chr17:51155654:+:ATG,2,"['ENST00000393196.8', 'ENST00000393193.6']","[1472.0, 170.0]","[0.8964677222898904, 0.10353227771010962]",1642.0,0.8964677222898904,8.658823529411764
chr17:51166830:+:ATG,3,"['ENST00000512737.6', 'ENST00000393190.4', 'ENST00000393183.7']","[9066.0, 1228.0, 369.0]","[0.8502297664822283, 0.11516458782706555, 0.03460564569070618]",10663.0,0.8502297664822283,7.3827361563517915
chr17:5420210:+:ATG,2,"['ENST00000381209.8', 'ENST00000381208.9']","[153.0, 50.0]","[0.7536945812807881, 0.24630541871921183]",203.0,0.7536945812807881,3.06
chr17:54900865:+:ATG,3,"['ENST00000575882.6', 'ENST00000575333.5', 'ENST00000445275.6']","[130.0, 37.0, 20.0]","[0.6951871657754011, 0.19786096256684493, 0.10695187165775401]",187.0,0.6951871657754011,3.5135135135135136
chr17:58007179:-:GTG,2,"['ENST00000258962.5', 'ENST00000582730.6']","[403.0, 172.0]","[0.7008695652173913, 0.2991304347826087]",575.0,0.7008695652173913,2.3430232558139537
chr17:59707714:+:ATC,3,"['ENST00000262291.9', 'ENST00000589823.7', 'ENST00000591877.2']","[51.0, 3.0, 3.0]","[0.8947368421052632, 0.05263157894736842, 0.05263157894736842]",57.0,0.8947368421052632,17.0
chr17:59893184:+:ATG,2,"['ENST00000225577.9', 'ENST00000406116.7']","[16.0, 3.0]","[0.8421052631578947, 0.15789473684210525]",19.0,0.8421052631578947,5.333333333333333
chr17:61861539:-:ATG,2,"['ENST00000259008.7', 'ENST00000584322.2']","[8.0, 5.0]","[0.6153846153846154, 0.38461538461538464]",13.0,0.6153846153846154,1.6
chr17:63009559:+:ATG,2,"['ENST00000424789.6', 'ENST00000689528.1']","[11.0, 5.0]","[0.6875, 0.3125]",16.0,0.6875,2.2
chr17:63766175:-:ATG,2,"['ENST00000225726.10', 'ENST00000403162.7']","[270.0, 12.0]","[0.9574468085106383, 0.0425531914893617]",282.0,0.9574468085106383,22.5
chr17:63827490:+:ATG,2,"['ENST00000310144.11', 'ENST00000582130.5']","[2246.0, 4.0]","[0.9982222222222222, 0.0017777777777777779]",2250.0,0.9982222222222222,561.5
chr17:6444481:+:GTG,2,"['ENST00000250056.12', 'ENST00000572447.6']","[74.0, 12.0]","[0.8604651162790697, 0.13953488372093023]",86.0,0.8604651162790697,6.166666666666667
chr17:6445110:+:ATG,2,"['ENST00000250056.12', 'ENST00000572447.6']","[74.0, 12.0]","[0.8604651162790697, 0.13953488372093023]",86.0,0.8604651162790697,6.166666666666667
chr17:6641082:+:ATG,2,"['ENST00000570330.5', 'ENST00000250101.10']","[385.0, 199.0]","[0.6592465753424658, 0.3407534246575342]",584.0,0.6592465753424658,1.934673366834171
chr17:68037132:+:ATG,2,"['ENST00000330459.8', 'ENST00000537025.6']","[4205.0, 63.0]","[0.9852389878163074, 0.014761012183692596]",4268.0,0.9852389878163074,66.74603174603175
chr17:68250187:+:ATG,3,"['ENST00000392720.6', 'ENST00000359904.8', 'ENST00000612294.4']","[105.0, 65.0, 17.0]","[0.5614973262032086, 0.34759358288770054, 0.09090909090909091]",187.0,0.5614973262032086,1.6153846153846154
chr17:68278320:-:ATG,2,"['ENST00000580666.6', 'ENST00000327268.8']","[101.0, 10.0]","[0.9099099099099099, 0.09009009009009009]",111.0,0.9099099099099099,10.1
chr17:68515399:+:ATG,3,"['ENST00000589228.6', 'ENST00000588188.7', 'ENST00000589017.6']","[45.0, 10.0, 3.0]","[0.7758620689655172, 0.1724137931034483, 0.05172413793103448]",58.0,0.7758620689655172,4.5
chr17:69314415:-:ATG,3,"['ENST00000587607.5', 'ENST00000593253.5', 'ENST00000392676.8']","[36.0, 13.0, 6.0]","[0.6545454545454545, 0.23636363636363636, 0.10909090909090909]",55.0,0.6545454545454545,2.769230769230769
chr17:7012683:+:ATG,3,"['ENST00000548577.5', 'ENST00000552039.2', 'ENST00000593646.6']","[1914.0, 754.0, 3.0]","[0.7165855484837139, 0.2822912766754025, 0.0011231748408835642]",2671.0,0.7165855484837139,2.5384615384615383
chr17:7239393:-:CTG,2,"['ENST00000320316.8', 'ENST00000571362.5']","[126.0, 13.0]","[0.9064748201438849, 0.09352517985611511]",139.0,0.9064748201438849,9.692307692307692
chr17:7309635:+:ATG,5,"['ENST00000419711.6', 'ENST00000336458.13', 'ENST00000336452.11', 'ENST00000416016.2', 'ENST00000573542.5']","[138.0, 75.0, 24.0, 23.0, 5.0]","[0.5207547169811321, 0.2830188679245283, 0.09056603773584905, 0.08679245283018867, 0.018867924528301886]",265.0,0.5207547169811321,1.84
chr17:7315052:-:ATG,2,"['ENST00000380728.7', 'ENST00000389167.9']","[104.0, 38.0]","[0.7323943661971831, 0.2676056338028169]",142.0,0.7323943661971831,2.736842105263158
chr17:73232306:-:ATG,2,"['ENST00000403627.7', 'ENST00000405159.8']","[110.0, 24.0]","[0.8208955223880597, 0.1791044776119403]",134.0,0.8208955223880597,4.583333333333333
chr17:73233239:+:CTG,5,"['ENST00000268942.12', 'ENST00000535032.7', 'ENST00000426147.6', 'ENST00000255557.8', 'ENST00000577615.5']","[15.0, 10.0, 8.0, 6.0, 5.0]","[0.3409090909090909, 0.22727272727272727, 0.18181818181818182, 0.13636363636363635, 0.11363636363636363]",44.0,0.3409090909090909,1.5
chr17:732647:+:ATG,2,"['ENST00000308278.13', 'ENST00000301324.8']","[30.0, 13.0]","[0.6976744186046512, 0.3023255813953488]",43.0,0.6976744186046512,2.3076923076923075
chr17:732650:+:CTG,2,"['ENST00000308278.13', 'ENST00000301324.8']","[30.0, 13.0]","[0.6976744186046512, 0.3023255813953488]",43.0,0.6976744186046512,2.3076923076923075
chr17:732653:+:CTG,2,"['ENST00000308278.13', 'ENST00000301324.8']","[30.0, 13.0]","[0.6976744186046512, 0.3023255813953488]",43.0,0.6976744186046512,2.3076923076923075
chr17:74203955:+:ATG,3,"['ENST00000311111.11', 'ENST00000533498.1', 'ENST00000439590.6']","[1979.0, 1073.0, 44.0]","[0.6392118863049095, 0.3465762273901809, 0.014211886304909561]",3096.0,0.6392118863049095,1.8443616029822927
chr17:74775698:-:ATG,2,"['ENST00000357814.8', 'ENST00000580301.5']","[11.0, 6.0]","[0.6470588235294118, 0.35294117647058826]",17.0,0.6470588235294118,1.8333333333333333
chr17:75154442:-:TTG,2,"['ENST00000409753.8', 'ENST00000356033.8']","[785.0, 9.0]","[0.9886649874055415, 0.011335012594458438]",794.0,0.9886649874055415,87.22222222222223
chr17:75154493:-:GTG,2,"['ENST00000409753.8', 'ENST00000356033.8']","[785.0, 9.0]","[0.9886649874055415, 0.011335012594458438]",794.0,0.9886649874055415,87.22222222222223
chr17:75205761:+:ATG,2,"['ENST00000245544.9', 'ENST00000581104.5']","[783.0, 75.0]","[0.9125874125874126, 0.08741258741258741]",858.0,0.9125874125874126,10.44
chr17:75208526:+:TTG,2,"['ENST00000245544.9', 'ENST00000581104.5']","[783.0, 75.0]","[0.9125874125874126, 0.08741258741258741]",858.0,0.9125874125874126,10.44
chr17:75261900:+:ATG,2,"['ENST00000245539.11', 'ENST00000579761.5']","[921.0, 4.0]","[0.9956756756756757, 0.004324324324324324]",925.0,0.9956756756756757,230.25
chr17:75270195:-:ATG,3,"['ENST00000325102.13', 'ENST00000579297.5', 'ENST00000245551.9']","[71.0, 9.0, 3.0]","[0.8554216867469879, 0.10843373493975904, 0.03614457831325301]",83.0,0.8554216867469879,7.888888888888889
chr17:75270234:-:ATT,3,"['ENST00000325102.13', 'ENST00000579297.5', 'ENST00000245551.9']","[71.0, 9.0, 3.0]","[0.8554216867469879, 0.10843373493975904, 0.03614457831325301]",83.0,0.8554216867469879,7.888888888888889
chr17:75286764:-:ATG,2,"['ENST00000416858.7', 'ENST00000402418.7']","[38.0, 3.0]","[0.926829268292683, 0.07317073170731707]",41.0,0.926829268292683,12.666666666666666
chr17:75543426:+:ATG,2,"['ENST00000578363.5', 'ENST00000375227.8']","[4.0, 3.0]","[0.5714285714285714, 0.42857142857142855]",7.0,0.5714285714285714,1.3333333333333333
chr17:75667372:+:ATG,2,"['ENST00000584667.6', 'ENST00000582022.5']","[80.0, 4.0]","[0.9523809523809523, 0.047619047619047616]",84.0,0.9523809523809523,20.0
chr17:75667381:+:AAG,2,"['ENST00000584667.6', 'ENST00000582022.5']","[80.0, 4.0]","[0.9523809523809523, 0.047619047619047616]",84.0,0.9523809523809523,20.0
chr17:7572841:+:ATG,2,"['ENST00000293831.13', 'ENST00000577269.5']","[2770.0, 112.0]","[0.9611380985426787, 0.0388619014573213]",2882.0,0.9611380985426787,24.732142857142858
chr17:75779174:-:ATG,2,"['ENST00000254810.8', 'ENST00000589599.5']","[1278.0, 262.0]","[0.8298701298701299, 0.17012987012987013]",1540.0,0.8298701298701299,4.877862595419847
chr17:75784880:+:ATG,2,"['ENST00000586527.1', 'ENST00000587501.1']","[91.0, 7.0]","[0.9285714285714286, 0.07142857142857142]",98.0,0.9285714285714286,13.0
chr17:75855297:-:ATG,2,"['ENST00000254806.8', 'ENST00000590221.5']","[64.0, 13.0]","[0.8311688311688312, 0.16883116883116883]",77.0,0.8311688311688312,4.923076923076923
chr17:76072479:-:AAG,2,"['ENST00000592704.5', 'ENST00000307877.7']","[12.0, 6.0]","[0.6666666666666666, 0.3333333333333333]",18.0,0.6666666666666666,2.0
chr17:76072491:-:ATG,2,"['ENST00000592704.5', 'ENST00000307877.7']","[12.0, 6.0]","[0.6666666666666666, 0.3333333333333333]",18.0,0.6666666666666666,2.0
chr17:76103692:-:ATG,2,"['ENST00000589210.6', 'ENST00000406660.4']","[11.0, 9.0]","[0.55, 0.45]",20.0,0.55,1.2222222222222223
chr17:76726517:-:CTG,3,"['ENST00000397625.9', 'ENST00000445478.6', 'ENST00000542934.5']","[234.0, 7.0, 7.0]","[0.9435483870967742, 0.028225806451612902, 0.028225806451612902]",248.0,0.9435483870967742,33.42857142857143
chr17:76737265:-:GTG,2,"['ENST00000585202.5', 'ENST00000359995.10']","[26.0, 7.0]","[0.7878787878787878, 0.21212121212121213]",33.0,0.7878787878787878,3.7142857142857144
chr17:7687453:-:CTG,2,"['ENST00000269305.9', 'ENST00000620739.4']","[183.0, 77.0]","[0.7038461538461539, 0.29615384615384616]",260.0,0.7038461538461539,2.3766233766233764
chr17:7688648:+:ATG,2,"['ENST00000396463.7', 'ENST00000316024.9']","[200.0, 125.0]","[0.6153846153846154, 0.38461538461538464]",325.0,0.6153846153846154,1.6
chr17:78186994:-:ATG,2,"['ENST00000301634.12', 'ENST00000588734.6']","[1839.0, 14.0]","[0.9924446842957366, 0.007555315704263357]",1853.0,0.9924446842957366,131.35714285714286
chr17:78214316:+:ATG,3,"['ENST00000350051.8', 'ENST00000374948.6', 'ENST00000301633.8']","[396.0, 64.0, 46.0]","[0.782608695652174, 0.12648221343873517, 0.09090909090909091]",506.0,0.782608695652174,6.1875
chr17:782255:-:ATG,2,"['ENST00000301329.11', 'ENST00000301328.9']","[187.0, 7.0]","[0.9639175257731959, 0.03608247422680412]",194.0,0.9639175257731959,26.714285714285715
chr17:7857463:-:ATG,2,"['ENST00000575771.6', 'ENST00000575071.5']","[1058.0, 386.0]","[0.7326869806094183, 0.2673130193905817]",1444.0,0.7326869806094183,2.7409326424870466
chr17:78979920:-:CTG,2,"['ENST00000262776.8', 'ENST00000585407.5']","[659.0, 11.0]","[0.9835820895522388, 0.016417910447761194]",670.0,0.9835820895522388,59.90909090909091
chr17:7931829:-:ATG,2,"['ENST00000303731.9', 'ENST00000540486.5']","[560.0, 122.0]","[0.8211143695014663, 0.17888563049853373]",682.0,0.8211143695014663,4.590163934426229
chr17:81035254:+:ATG,3,"['ENST00000428708.7', 'ENST00000575712.5', 'ENST00000435091.7']","[10.0, 6.0, 5.0]","[0.47619047619047616, 0.2857142857142857, 0.23809523809523808]",21.0,0.47619047619047616,1.6666666666666667
chr17:81512354:-:ATG,2,"['ENST00000573283.7', 'ENST00000575842.5']","[12404.0, 86.0]","[0.9931144915932746, 0.00688550840672538]",12490.0,0.9931144915932746,144.2325581395349
chr17:8176286:-:ATG,3,"['ENST00000316425.9', 'ENST00000437139.7', 'ENST00000431792.2']","[35.0, 16.0, 3.0]","[0.6481481481481481, 0.2962962962962963, 0.05555555555555555]",54.0,0.6481481481481481,2.1875
chr17:81869930:-:ATG,4,"['ENST00000269321.12', 'ENST00000541078.7', 'ENST00000580685.5', 'ENST00000400721.8']","[399.0, 21.0, 15.0, 3.0]","[0.910958904109589, 0.04794520547945205, 0.03424657534246575, 0.00684931506849315]",438.0,0.910958904109589,19.0
chr17:81894477:+:ATG,9,"['ENST00000579978.5', 'ENST00000344877.10', 'ENST00000571874.6', 'ENST00000571024.6', 'ENST00000574924.6', 'ENST00000572851.6', 'ENST00000392376.7', 'ENST00000572639.5', 'ENST00000583839.1']","[570.0, 506.0, 182.0, 106.0, 53.0, 33.0, 14.0, 3.0, 3.0]","[0.3877551020408163, 0.3442176870748299, 0.12380952380952381, 0.07210884353741497, 0.03605442176870748, 0.022448979591836733, 0.009523809523809525, 0.0020408163265306124, 0.0020408163265306124]",1470.0,0.3877551020408163,1.1264822134387351
chr17:81936814:-:ATG,4,"['ENST00000619204.4', 'ENST00000403172.8', 'ENST00000329875.13', 'ENST00000337943.9']","[99.0, 44.0, 33.0, 8.0]","[0.5380434782608695, 0.2391304347826087, 0.1793478260869565, 0.043478260869565216]",184.0,0.5380434782608695,2.25
chr17:81977646:+:ATG,2,"['ENST00000581647.5', 'ENST00000306739.9']","[26.0, 17.0]","[0.6046511627906976, 0.3953488372093023]",43.0,0.6046511627906976,1.5294117647058822
chr17:81977688:+:CTG,2,"['ENST00000581647.5', 'ENST00000306739.9']","[26.0, 17.0]","[0.6046511627906976, 0.3953488372093023]",43.0,0.6046511627906976,1.5294117647058822
chr17:8207819:-:CTG,3,"['ENST00000585124.6', 'ENST00000534871.5', 'ENST00000316199.10']","[531.0, 275.0, 35.0]","[0.6313912009512486, 0.3269916765755054, 0.041617122473246136]",841.0,0.6313912009512486,1.930909090909091
chr17:8210224:-:ATG,2,"['ENST00000585124.6', 'ENST00000316199.10']","[531.0, 35.0]","[0.9381625441696113, 0.061837455830388695]",566.0,0.9381625441696113,15.17142857142857
chr17:82449254:-:ATG,3,"['ENST00000306645.10', 'ENST00000578919.6', 'ENST00000434650.6']","[5.0, 4.0, 3.0]","[0.4166666666666667, 0.3333333333333333, 0.25]",12.0,0.4166666666666667,1.25
chr17:82458803:+:ATG,2,"['ENST00000309794.16', 'ENST00000345415.11']","[62.0, 9.0]","[0.8732394366197183, 0.1267605633802817]",71.0,0.8732394366197183,6.888888888888889
chr17:8253865:+:ATT,2,"['ENST00000314666.11', 'ENST00000580356.5']","[12.0, 3.0]","[0.8, 0.2]",15.0,0.8,4.0
chr17:8253889:+:ATC,2,"['ENST00000314666.11', 'ENST00000580356.5']","[12.0, 3.0]","[0.8, 0.2]",15.0,0.8,4.0
chr18:11908236:-:CTG,2,"['ENST00000588072.6', 'ENST00000317235.11']","[33.0, 6.0]","[0.8461538461538461, 0.15384615384615385]",39.0,0.8461538461538461,5.5
chr18:12703107:+:ATG,2,"['ENST00000317615.11', 'ENST00000590217.5']","[874.0, 12.0]","[0.9864559819413092, 0.013544018058690745]",886.0,0.9864559819413092,72.83333333333333
chr18:12884141:-:ATG,3,"['ENST00000327283.7', 'ENST00000309660.10', 'ENST00000591115.5']","[378.0, 20.0, 12.0]","[0.9219512195121952, 0.04878048780487805, 0.02926829268292683]",410.0,0.9219512195121952,18.9
chr18:13730627:+:ATG,2,"['ENST00000383314.7', 'ENST00000592764.5']","[64.0, 15.0]","[0.810126582278481, 0.189873417721519]",79.0,0.810126582278481,4.266666666666667
chr18:13731517:+:ATG,4,"['ENST00000383314.7', 'ENST00000591746.1', 'ENST00000592764.5', 'ENST00000543302.6']","[64.0, 37.0, 15.0, 14.0]","[0.49230769230769234, 0.2846153846153846, 0.11538461538461539, 0.1076923076923077]",130.0,0.49230769230769234,1.7297297297297298
chr18:22936851:+:ATG,3,"['ENST00000327155.10', 'ENST00000399722.6', 'ENST00000399721.6']","[29.0, 23.0, 15.0]","[0.43283582089552236, 0.34328358208955223, 0.22388059701492538]",67.0,0.43283582089552236,1.2608695652173914
chr18:26090569:-:ATG,2,"['ENST00000415083.7', 'ENST00000269137.11']","[44.0, 9.0]","[0.8301886792452831, 0.16981132075471697]",53.0,0.8301886792452831,4.888888888888889
chr18:32092776:+:ATG,2,"['ENST00000261593.8', 'ENST00000257190.9']","[80.0, 20.0]","[0.8, 0.2]",100.0,0.8,4.0
chr18:3253247:+:ATG,3,"['ENST00000217652.8', 'ENST00000578611.5', 'ENST00000579226.5']","[2689.0, 67.0, 57.0]","[0.9559189477426235, 0.023817987913259866, 0.0202630643441166]",2813.0,0.9559189477426235,40.134328358208954
chr18:3272898:+:ATG,2,"['ENST00000237500.10', 'ENST00000400175.9']","[1006.0, 3.0]","[0.9970267591674926, 0.002973240832507433]",1009.0,0.9970267591674926,335.3333333333333
chr18:3450360:+:ACG,2,"['ENST00000407501.6', 'ENST00000343820.10']","[103.0, 41.0]","[0.7152777777777778, 0.2847222222222222]",144.0,0.7152777777777778,2.5121951219512195
chr18:3456397:+:ATG,2,"['ENST00000618001.4', 'ENST00000472042.1']","[6.0, 3.0]","[0.6666666666666666, 0.3333333333333333]",9.0,0.6666666666666666,2.0
chr18:3456409:+:TTG,3,"['ENST00000343820.10', 'ENST00000618001.4', 'ENST00000472042.1']","[41.0, 6.0, 3.0]","[0.82, 0.12, 0.06]",50.0,0.82,6.833333333333333
chr18:35340650:-:ATG,2,"['ENST00000399061.3', 'ENST00000261332.11']","[68.0, 3.0]","[0.9577464788732394, 0.04225352112676056]",71.0,0.9577464788732394,22.666666666666668
chr18:35497874:-:ATG,3,"['ENST00000334598.12', 'ENST00000590757.1', 'ENST00000592173.5']","[111.0, 6.0, 4.0]","[0.9173553719008265, 0.049586776859504134, 0.03305785123966942]",121.0,0.9173553719008265,18.5
chr18:35972728:+:ATG,2,"['ENST00000592875.6', 'ENST00000610527.4']","[103.0, 34.0]","[0.7518248175182481, 0.24817518248175183]",137.0,0.7518248175182481,3.0294117647058822
chr18:36129933:+:ATG,3,"['ENST00000358232.11', 'ENST00000442325.6', 'ENST00000351393.10']","[46.0, 7.0, 3.0]","[0.8214285714285714, 0.125, 0.05357142857142857]",56.0,0.8214285714285714,6.571428571428571
chr18:36129948:+:CTG,3,"['ENST00000358232.11', 'ENST00000442325.6', 'ENST00000351393.10']","[46.0, 7.0, 3.0]","[0.8214285714285714, 0.125, 0.05357142857142857]",56.0,0.8214285714285714,6.571428571428571
chr18:36828728:-:AAG,4,"['ENST00000334295.9', 'ENST00000589049.5', 'ENST00000590842.5', 'ENST00000383056.7']","[68.0, 34.0, 9.0, 4.0]","[0.591304347826087, 0.2956521739130435, 0.0782608695652174, 0.034782608695652174]",115.0,0.591304347826087,2.0
chr18:36828767:-:ATG,4,"['ENST00000334295.9', 'ENST00000589049.5', 'ENST00000590842.5', 'ENST00000383056.7']","[68.0, 34.0, 9.0, 4.0]","[0.591304347826087, 0.2956521739130435, 0.0782608695652174, 0.034782608695652174]",115.0,0.591304347826087,2.0
chr18:41955291:+:ATG,2,"['ENST00000262039.9', 'ENST00000589056.6']","[12.0, 7.0]","[0.631578947368421, 0.3684210526315789]",19.0,0.631578947368421,1.7142857142857142
chr18:46917446:-:ATG,2,"['ENST00000585916.6', 'ENST00000324794.11']","[55.0, 8.0]","[0.873015873015873, 0.12698412698412698]",63.0,0.873015873015873,6.875
chr18:47896606:-:AAG,3,"['ENST00000262160.11', 'ENST00000356825.8', 'ENST00000402690.6']","[73.0, 52.0, 11.0]","[0.5367647058823529, 0.38235294117647056, 0.08088235294117647]",136.0,0.5367647058823529,1.4038461538461537
chr18:47896612:-:GTG,3,"['ENST00000262160.11', 'ENST00000356825.8', 'ENST00000402690.6']","[73.0, 52.0, 11.0]","[0.5367647058823529, 0.38235294117647056, 0.08088235294117647]",136.0,0.5367647058823529,1.4038461538461537
chr18:47896723:-:GTG,3,"['ENST00000262160.11', 'ENST00000356825.8', 'ENST00000402690.6']","[73.0, 52.0, 11.0]","[0.5367647058823529, 0.38235294117647056, 0.08088235294117647]",136.0,0.5367647058823529,1.4038461538461537
chr18:47896756:-:ATG,4,"['ENST00000262160.11', 'ENST00000356825.8', 'ENST00000402690.6', 'ENST00000587269.5']","[73.0, 52.0, 11.0, 3.0]","[0.5251798561151079, 0.37410071942446044, 0.07913669064748201, 0.02158273381294964]",139.0,0.5251798561151079,1.4038461538461537
chr18:50375830:+:ATG,2,"['ENST00000285116.8', 'ENST00000398452.6']","[29.0, 8.0]","[0.7837837837837838, 0.21621621621621623]",37.0,0.7837837837837838,3.625
chr18:5293246:-:ATG,2,"['ENST00000357006.8', 'ENST00000400143.7']","[17.0, 6.0]","[0.7391304347826086, 0.2608695652173913]",23.0,0.7391304347826086,2.8333333333333335
chr18:59139948:+:ATG,3,"['ENST00000587834.6', 'ENST00000588875.2', 'ENST00000509791.7']","[254.0, 26.0, 3.0]","[0.8975265017667845, 0.09187279151943463, 0.01060070671378092]",283.0,0.8975265017667845,9.76923076923077
chr18:657742:+:ATG,2,"['ENST00000323224.7', 'ENST00000323274.15']","[4570.0, 59.0]","[0.987254266580255, 0.012745733419745085]",4629.0,0.987254266580255,77.45762711864407
chr18:68714981:-:ATG,2,"['ENST00000299608.7', 'ENST00000562706.5']","[83.0, 3.0]","[0.9651162790697675, 0.03488372093023256]",86.0,0.9651162790697675,27.666666666666668
chr18:68715026:-:ATC,2,"['ENST00000299608.7', 'ENST00000562706.5']","[83.0, 3.0]","[0.9651162790697675, 0.03488372093023256]",86.0,0.9651162790697675,27.666666666666668
chr18:9614484:-:ATG,2,"['ENST00000400556.8', 'ENST00000400555.7']","[37.0, 21.0]","[0.6379310344827587, 0.3620689655172414]",58.0,0.6379310344827587,1.7619047619047619
chr19:10194899:-:ATG,2,"['ENST00000340748.8', 'ENST00000359526.9']","[16.0, 9.0]","[0.64, 0.36]",25.0,0.64,1.7777777777777777
chr19:1026661:+:ATG,4,"['ENST00000263097.9', 'ENST00000348419.7', 'ENST00000565096.6', 'ENST00000562958.6']","[513.0, 64.0, 23.0, 3.0]","[0.8507462686567164, 0.10613598673300166, 0.03814262023217247, 0.004975124378109453]",603.0,0.8507462686567164,8.015625
chr19:10500033:-:ATG,2,"['ENST00000393623.6', 'ENST00000171111.10']","[15.0, 8.0]","[0.6521739130434783, 0.34782608695652173]",23.0,0.6521739130434783,1.875
chr19:10500054:-:TTG,2,"['ENST00000393623.6', 'ENST00000171111.10']","[15.0, 8.0]","[0.6521739130434783, 0.34782608695652173]",23.0,0.6521739130434783,1.875
chr19:10500057:-:GTG,2,"['ENST00000393623.6', 'ENST00000171111.10']","[15.0, 8.0]","[0.6521739130434783, 0.34782608695652173]",23.0,0.6521739130434783,1.875
chr19:10670605:+:ATG,4,"['ENST00000589998.6', 'ENST00000407004.8', 'ENST00000588657.6', 'ENST00000250241.12']","[85.0, 77.0, 14.0, 4.0]","[0.4722222222222222, 0.42777777777777776, 0.07777777777777778, 0.022222222222222223]",180.0,0.4722222222222222,1.103896103896104
chr19:10928410:-:ATG,2,"['ENST00000253031.6', 'ENST00000586748.6']","[12.0, 12.0]","[0.5, 0.5]",24.0,0.5,1.0
chr19:1095315:-:ATG,4,"['ENST00000215587.11', 'ENST00000615234.5', 'ENST00000586746.5', 'ENST00000612655.4']","[454.0, 286.0, 11.0, 3.0]","[0.6021220159151194, 0.3793103448275862, 0.014588859416445624, 0.003978779840848806]",754.0,0.6021220159151194,1.5874125874125875
chr19:11436041:+:GTG,2,"['ENST00000677123.1', 'ENST00000591946.5']","[123.0, 14.0]","[0.8978102189781022, 0.10218978102189781]",137.0,0.8978102189781022,8.785714285714286
chr19:11436117:+:ATG,5,"['ENST00000677123.1', 'ENST00000591946.5', 'ENST00000589838.5', 'ENST00000592741.5', 'ENST00000587327.5']","[123.0, 14.0, 10.0, 6.0, 3.0]","[0.7884615384615384, 0.08974358974358974, 0.0641025641025641, 0.038461538461538464, 0.019230769230769232]",156.0,0.7884615384615384,8.785714285714286
chr19:12669403:-:ATG,2,"['ENST00000596731.7', 'ENST00000222190.9']","[1372.0, 27.0]","[0.9807005003573981, 0.01929949964260186]",1399.0,0.9807005003573981,50.81481481481482
chr19:12681766:-:ATG,3,"['ENST00000210060.12', 'ENST00000601537.5', 'ENST00000351660.9']","[281.0, 98.0, 3.0]","[0.7356020942408377, 0.25654450261780104, 0.007853403141361256]",382.0,0.7356020942408377,2.86734693877551
chr19:1269395:+:CTG,4,"['ENST00000320936.9', 'ENST00000628979.2', 'ENST00000589235.5', 'ENST00000586636.5']","[480.0, 9.0, 8.0, 5.0]","[0.9561752988047809, 0.017928286852589643, 0.01593625498007968, 0.0099601593625498]",502.0,0.9561752988047809,53.333333333333336
chr19:1270933:+:ATG,4,"['ENST00000320936.9', 'ENST00000628979.2', 'ENST00000589235.5', 'ENST00000586636.5']","[480.0, 9.0, 8.0, 5.0]","[0.9561752988047809, 0.017928286852589643, 0.01593625498007968, 0.0099601593625498]",502.0,0.9561752988047809,53.333333333333336
chr19:12801261:-:ATG,2,"['ENST00000301522.3', 'ENST00000334482.9']","[6254.0, 204.0]","[0.9684112728398885, 0.03158872716011149]",6458.0,0.9684112728398885,30.65686274509804
chr19:12881375:-:ATG,2,"['ENST00000222219.8', 'ENST00000592506.2']","[74.0, 28.0]","[0.7254901960784313, 0.27450980392156865]",102.0,0.7254901960784313,2.642857142857143
chr19:12881399:-:CTG,2,"['ENST00000222219.8', 'ENST00000592506.2']","[74.0, 28.0]","[0.7254901960784313, 0.27450980392156865]",102.0,0.7254901960784313,2.642857142857143
chr19:12891304:+:ATG,2,"['ENST00000222214.10', 'ENST00000591470.5']","[196.0, 11.0]","[0.9468599033816425, 0.05314009661835749]",207.0,0.9468599033816425,17.818181818181817
chr19:12933672:-:CTG,2,"['ENST00000314606.9', 'ENST00000423140.6']","[626.0, 4.0]","[0.9936507936507937, 0.006349206349206349]",630.0,0.9936507936507937,156.5
chr19:12933696:-:ATG,2,"['ENST00000314606.9', 'ENST00000423140.6']","[626.0, 4.0]","[0.9936507936507937, 0.006349206349206349]",630.0,0.9936507936507937,156.5
chr19:12938658:+:TTG,3,"['ENST00000316448.10', 'ENST00000586967.2', 'ENST00000588454.6']","[5104.0, 40.0, 26.0]","[0.9872340425531915, 0.007736943907156673, 0.005029013539651838]",5170.0,0.9872340425531915,127.6
chr19:12938679:+:ATG,3,"['ENST00000316448.10', 'ENST00000586967.2', 'ENST00000588454.6']","[5104.0, 40.0, 26.0]","[0.9872340425531915, 0.007736943907156673, 0.005029013539651838]",5170.0,0.9872340425531915,127.6
chr19:12945948:+:ATG,2,"['ENST00000586534.6', 'ENST00000316856.7']","[558.0, 70.0]","[0.8885350318471338, 0.11146496815286625]",628.0,0.8885350318471338,7.9714285714285715
chr19:1383926:+:ATG,2,"['ENST00000233627.14', 'ENST00000313408.11']","[806.0, 3.0]","[0.9962917181705809, 0.003708281829419036]",809.0,0.9962917181705809,268.6666666666667
chr19:14136534:-:CTG,2,"['ENST00000263382.8', 'ENST00000474890.1']","[313.0, 20.0]","[0.93993993993994, 0.06006006006006006]",333.0,0.93993993993994,15.65
chr19:14381475:+:CTG,2,"['ENST00000357355.7', 'ENST00000242786.6']","[66.0, 56.0]","[0.5409836065573771, 0.45901639344262296]",122.0,0.5409836065573771,1.1785714285714286
chr19:14381523:+:ATG,2,"['ENST00000357355.7', 'ENST00000242786.6']","[66.0, 56.0]","[0.5409836065573771, 0.45901639344262296]",122.0,0.5409836065573771,1.1785714285714286
chr19:14413220:-:ATG,3,"['ENST00000242776.9', 'ENST00000454233.6', 'ENST00000324340.13']","[2004.0, 7.0, 4.0]","[0.9945409429280397, 0.0034739454094292804, 0.0019851116625310174]",2015.0,0.9945409429280397,286.2857142857143
chr19:14482976:-:ATG,2,"['ENST00000345425.6', 'ENST00000393033.9']","[3.0, 3.0]","[0.5, 0.5]",6.0,0.5,1.0
chr19:1478888:-:AAG,3,"['ENST00000592872.5', 'ENST00000586564.5', 'ENST00000436106.3']","[10.0, 7.0, 3.0]","[0.5, 0.35, 0.15]",20.0,0.5,1.4285714285714286
chr19:1478903:-:ATG,5,"['ENST00000585675.6', 'ENST00000592872.5', 'ENST00000586564.5', 'ENST00000588427.5', 'ENST00000436106.3']","[22.0, 10.0, 7.0, 4.0, 3.0]","[0.4782608695652174, 0.21739130434782608, 0.15217391304347827, 0.08695652173913043, 0.06521739130434782]",46.0,0.4782608695652174,2.2
chr19:15273099:-:ATG,3,"['ENST00000371835.8', 'ENST00000594841.5', 'ENST00000360016.9']","[421.0, 36.0, 3.0]","[0.9152173913043479, 0.0782608695652174, 0.006521739130434782]",460.0,0.9152173913043479,11.694444444444445
chr19:15379731:-:ATG,2,"['ENST00000269701.7', 'ENST00000598597.7']","[18.0, 7.0]","[0.72, 0.28]",25.0,0.72,2.5714285714285716
chr19:1605367:-:AAG,2,"['ENST00000591899.8', 'ENST00000585671.2']","[837.0, 42.0]","[0.9522184300341296, 0.04778156996587031]",879.0,0.9522184300341296,19.928571428571427
chr19:1605409:-:ATG,3,"['ENST00000591899.8', 'ENST00000585671.2', 'ENST00000589880.1']","[837.0, 42.0, 5.0]","[0.9468325791855203, 0.04751131221719457, 0.005656108597285068]",884.0,0.9468325791855203,19.928571428571427
chr19:16111901:+:ATG,2,"['ENST00000300935.8', 'ENST00000586682.1']","[195.0, 3.0]","[0.9848484848484849, 0.015151515151515152]",198.0,0.9848484848484849,65.0
chr19:16111907:+:AAG,2,"['ENST00000300935.8', 'ENST00000586682.1']","[195.0, 3.0]","[0.9848484848484849, 0.015151515151515152]",198.0,0.9848484848484849,65.0
chr19:16471930:-:ATC,5,"['ENST00000535753.6', 'ENST00000597937.5', 'ENST00000248070.10', 'ENST00000455140.7', 'ENST00000602022.5']","[35.0, 25.0, 12.0, 6.0, 5.0]","[0.42168674698795183, 0.30120481927710846, 0.14457831325301204, 0.07228915662650602, 0.060240963855421686]",83.0,0.42168674698795183,1.4
chr19:16471945:-:ATG,5,"['ENST00000535753.6', 'ENST00000597937.5', 'ENST00000248070.10', 'ENST00000455140.7', 'ENST00000602022.5']","[35.0, 25.0, 12.0, 6.0, 5.0]","[0.42168674698795183, 0.30120481927710846, 0.14457831325301204, 0.07228915662650602, 0.060240963855421686]",83.0,0.42168674698795183,1.4
chr19:16660110:-:ATG,6,"['ENST00000487416.7', 'ENST00000602194.5', 'ENST00000599310.5', 'ENST00000593404.5', 'ENST00000465250.6', 'ENST00000597711.5']","[356.0, 79.0, 41.0, 37.0, 20.0, 5.0]","[0.6617100371747212, 0.14684014869888476, 0.0762081784386617, 0.0687732342007435, 0.03717472118959108, 0.00929368029739777]",538.0,0.6617100371747212,4.506329113924051
chr19:17215405:+:ATG,2,"['ENST00000263897.10', 'ENST00000595101.5']","[284.0, 17.0]","[0.9435215946843853, 0.05647840531561462]",301.0,0.9435215946843853,16.705882352941178
chr19:17215822:+:ATG,3,"['ENST00000263897.10', 'ENST00000593597.2', 'ENST00000595101.5']","[284.0, 30.0, 17.0]","[0.8580060422960725, 0.09063444108761329, 0.0513595166163142]",331.0,0.8580060422960725,9.466666666666667
chr19:17268806:+:ATG,3,"['ENST00000598188.6', 'ENST00000359435.8', 'ENST00000601043.5']","[403.0, 53.0, 23.0]","[0.8413361169102297, 0.11064718162839249, 0.04801670146137787]",479.0,0.8413361169102297,7.60377358490566
chr19:17337611:+:ATG,2,"['ENST00000324894.13', 'ENST00000358792.11']","[5.0, 4.0]","[0.5555555555555556, 0.4444444444444444]",9.0,0.5555555555555556,1.25
chr19:17405575:-:ATG,2,"['ENST00000252593.7', 'ENST00000527220.2']","[3215.0, 18.0]","[0.9944324157129601, 0.005567584287039901]",3233.0,0.9944324157129601,178.61111111111111
chr19:17936420:+:ATG,2,"['ENST00000445755.7', 'ENST00000596123.1']","[451.0, 3.0]","[0.9933920704845814, 0.006607929515418502]",454.0,0.9933920704845814,150.33333333333334
chr19:18173841:+:ATG,3,"['ENST00000407280.4', 'ENST00000593731.1', 'ENST00000597802.2']","[4575.0, 490.0, 57.0]","[0.893205778992581, 0.09566575556423272, 0.011128465443186256]",5122.0,0.893205778992581,9.33673469387755
chr19:18573300:+:ATG,7,"['ENST00000430157.6', 'ENST00000442744.7', 'ENST00000597451.5', 'ENST00000596273.5', 'ENST00000595683.5', 'ENST00000599595.5', 'ENST00000599551.5']","[7523.0, 801.0, 127.0, 70.0, 67.0, 5.0, 3.0]","[0.8751744997673336, 0.09318287575616566, 0.014774313634248488, 0.008143322475570033, 0.007794322940902746, 0.0005816658911121452, 0.0003489995346672871]",8596.0,0.8751744997673336,9.392009987515605
chr19:18573312:+:GTG,6,"['ENST00000430157.6', 'ENST00000597451.5', 'ENST00000596273.5', 'ENST00000595683.5', 'ENST00000599595.5', 'ENST00000599551.5']","[7523.0, 127.0, 70.0, 67.0, 5.0, 3.0]","[0.9651058370750482, 0.016292495189223863, 0.008980115458627326, 0.008595253367543297, 0.0006414368184733803, 0.0003848620910840282]",7795.0,0.9651058370750482,59.23622047244095
chr19:18919282:-:AAG,2,"['ENST00000262812.9', 'ENST00000349893.8']","[745.0, 30.0]","[0.9612903225806452, 0.03870967741935484]",775.0,0.9612903225806452,24.833333333333332
chr19:18919348:-:ATG,2,"['ENST00000262812.9', 'ENST00000349893.8']","[745.0, 30.0]","[0.9612903225806452, 0.03870967741935484]",775.0,0.9612903225806452,24.833333333333332
chr19:19138428:-:ATG,2,"['ENST00000162044.14', 'ENST00000450333.6']","[21.0, 3.0]","[0.875, 0.125]",24.0,0.875,7.0
chr19:2042016:-:ATG,2,"['ENST00000591142.5', 'ENST00000309340.11']","[35.0, 6.0]","[0.8536585365853658, 0.14634146341463414]",41.0,0.8536585365853658,5.833333333333333
chr19:21020800:+:ATG,2,"['ENST00000261560.10', 'ENST00000595401.1']","[18.0, 12.0]","[0.6, 0.4]",30.0,0.6,1.5
chr19:21022797:+:AAG,2,"['ENST00000261560.10', 'ENST00000595401.1']","[18.0, 12.0]","[0.6, 0.4]",30.0,0.6,1.5
chr19:2236248:-:ATG,4,"['ENST00000326631.7', 'ENST00000587962.6', 'ENST00000591099.6', 'ENST00000589097.6']","[159.0, 13.0, 9.0, 7.0]","[0.8457446808510638, 0.06914893617021277, 0.047872340425531915, 0.03723404255319149]",188.0,0.8457446808510638,12.23076923076923
chr19:2328709:+:ATG,2,"['ENST00000618220.4', 'ENST00000613503.5']","[8.0, 3.0]","[0.7272727272727273, 0.2727272727272727]",11.0,0.7272727272727273,2.6666666666666665
chr19:32352830:+:ATG,2,"['ENST00000355898.6', 'ENST00000311921.8']","[16.0, 3.0]","[0.8421052631578947, 0.15789473684210525]",19.0,0.8421052631578947,5.333333333333333
chr19:32352887:+:ATA,2,"['ENST00000355898.6', 'ENST00000311921.8']","[16.0, 3.0]","[0.8421052631578947, 0.15789473684210525]",19.0,0.8421052631578947,5.333333333333333
chr19:3359682:+:ATG,2,"['ENST00000395111.7', 'ENST00000589123.6']","[31.0, 7.0]","[0.8157894736842105, 0.18421052631578946]",38.0,0.8157894736842105,4.428571428571429
chr19:3366636:+:ATG,3,"['ENST00000590282.5', 'ENST00000341919.8', 'ENST00000443272.3']","[83.0, 70.0, 14.0]","[0.49700598802395207, 0.41916167664670656, 0.08383233532934131]",167.0,0.49700598802395207,1.1857142857142857
chr19:34172642:+:ATG,2,"['ENST00000544216.8', 'ENST00000433627.9']","[28.0, 27.0]","[0.509090909090909, 0.4909090909090909]",55.0,0.509090909090909,1.037037037037037
chr19:34428432:+:ATG,2,"['ENST00000246548.9', 'ENST00000590048.6']","[237.0, 3.0]","[0.9875, 0.0125]",240.0,0.9875,79.0
chr19:34678804:+:ATG,2,"['ENST00000457781.6', 'ENST00000423823.6']","[15.0, 5.0]","[0.75, 0.25]",20.0,0.75,3.0
chr19:34682776:+:GTG,2,"['ENST00000457781.6', 'ENST00000423823.6']","[15.0, 5.0]","[0.75, 0.25]",20.0,0.75,3.0
chr19:35745930:+:ATG,3,"['ENST00000587708.7', 'ENST00000222266.2', 'ENST00000591613.2']","[89.0, 49.0, 3.0]","[0.6312056737588653, 0.3475177304964539, 0.02127659574468085]",141.0,0.6312056737588653,1.816326530612245
chr19:36054971:+:ATG,2,"['ENST00000378860.8', 'ENST00000401500.7']","[14.0, 4.0]","[0.7777777777777778, 0.2222222222222222]",18.0,0.7777777777777778,3.5
chr19:36114856:-:ATG,2,"['ENST00000221859.9', 'ENST00000592962.5']","[936.0, 21.0]","[0.9780564263322884, 0.0219435736677116]",957.0,0.9780564263322884,44.57142857142857
chr19:38374790:+:ATG,2,"['ENST00000215071.9', 'ENST00000592561.5']","[46.0, 23.0]","[0.6666666666666666, 0.3333333333333333]",69.0,0.6666666666666666,2.0
chr19:38619268:+:ATG,4,"['ENST00000248342.9', 'ENST00000592558.1', 'ENST00000614624.4', 'ENST00000588934.5']","[2542.0, 302.0, 43.0, 7.0]","[0.8783690393918452, 0.10435383552176918, 0.014858327574291638, 0.0024187975120939877]",2894.0,0.8783690393918452,8.417218543046358
chr19:38893819:-:ATG,2,"['ENST00000392081.6', 'ENST00000249396.12']","[68.0, 8.0]","[0.8947368421052632, 0.10526315789473684]",76.0,0.8947368421052632,8.5
chr19:38931294:+:ATG,3,"['ENST00000308018.9', 'ENST00000402029.3', 'ENST00000407800.2']","[155.0, 129.0, 20.0]","[0.5098684210526315, 0.4243421052631579, 0.06578947368421052]",304.0,0.5098684210526315,1.2015503875968991
chr19:39391422:+:ATG,2,"['ENST00000615911.4', 'ENST00000315588.11']","[81.0, 4.0]","[0.9529411764705882, 0.047058823529411764]",85.0,0.9529411764705882,20.25
chr19:39435708:-:AAG,2,"['ENST00000251453.8', 'ENST00000601655.5']","[3889.0, 588.0]","[0.8686620504802323, 0.1313379495197677]",4477.0,0.8686620504802323,6.613945578231292
chr19:39435895:-:ATG,2,"['ENST00000251453.8', 'ENST00000601655.5']","[3889.0, 588.0]","[0.8686620504802323, 0.1313379495197677]",4477.0,0.8686620504802323,6.613945578231292
chr19:39445890:+:ATG,3,"['ENST00000598725.5', 'ENST00000359191.10', 'ENST00000402194.6']","[18.0, 13.0, 4.0]","[0.5142857142857142, 0.37142857142857144, 0.11428571428571428]",35.0,0.5142857142857142,1.3846153846153846
chr19:39480853:+:ATG,2,"['ENST00000544017.5', 'ENST00000599794.5']","[48.0, 20.0]","[0.7058823529411765, 0.29411764705882354]",68.0,0.7058823529411765,2.4
chr19:39846300:-:ATG,2,"['ENST00000221801.8', 'ENST00000594309.5']","[1367.0, 5.0]","[0.9963556851311953, 0.0036443148688046646]",1372.0,0.9963556851311953,273.4
chr19:39971202:+:ATG,2,"['ENST00000157812.7', 'ENST00000455878.2']","[257.0, 28.0]","[0.9017543859649123, 0.09824561403508772]",285.0,0.9017543859649123,9.178571428571429
chr19:40366483:+:ATG,2,"['ENST00000409735.9', 'ENST00000356508.9']","[9.0, 5.0]","[0.6428571428571429, 0.35714285714285715]",14.0,0.6428571428571429,1.8
chr19:40800425:+:TTG,2,"['ENST00000303961.9', 'ENST00000593726.5']","[129.0, 8.0]","[0.9416058394160584, 0.058394160583941604]",137.0,0.9416058394160584,16.125
chr19:41264503:+:ATG,3,"['ENST00000595196.5', 'ENST00000392006.8', 'ENST00000378215.8']","[102.0, 6.0, 3.0]","[0.918918918918919, 0.05405405405405406, 0.02702702702702703]",111.0,0.918918918918919,17.0
chr19:41268227:+:ATG,3,"['ENST00000352456.7', 'ENST00000595018.5', 'ENST00000601336.5']","[188.0, 32.0, 3.0]","[0.8430493273542601, 0.14349775784753363, 0.013452914798206279]",223.0,0.8430493273542601,5.875
chr19:41268242:+:AGG,7,"['ENST00000352456.7', 'ENST00000595196.5', 'ENST00000595018.5', 'ENST00000263367.7', 'ENST00000392006.8', 'ENST00000378215.8', 'ENST00000601336.5']","[188.0, 102.0, 32.0, 22.0, 6.0, 3.0, 3.0]","[0.5280898876404494, 0.28651685393258425, 0.0898876404494382, 0.06179775280898876, 0.016853932584269662, 0.008426966292134831, 0.008426966292134831]",356.0,0.5280898876404494,1.8431372549019607
chr19:41860774:+:ATG,3,"['ENST00000598742.6', 'ENST00000593863.5', 'ENST00000600467.6']","[5170.0, 812.0, 43.0]","[0.8580912863070539, 0.13477178423236513, 0.007136929460580913]",6025.0,0.8580912863070539,6.3669950738916254
chr19:41860798:+:GTG,3,"['ENST00000221975.6', 'ENST00000593863.5', 'ENST00000600467.6']","[29029.0, 812.0, 43.0]","[0.9713893722393254, 0.0271717306920091, 0.0014388970686655066]",29884.0,0.9713893722393254,35.75
chr19:41959280:-:AAG,2,"['ENST00000222008.11', 'ENST00000601891.5']","[421.0, 24.0]","[0.946067415730337, 0.05393258426966292]",445.0,0.946067415730337,17.541666666666668
chr19:41959292:-:ATG,2,"['ENST00000222008.11', 'ENST00000601891.5']","[421.0, 24.0]","[0.946067415730337, 0.05393258426966292]",445.0,0.946067415730337,17.541666666666668
chr19:43597108:+:ATG,5,"['ENST00000336564.5', 'ENST00000529930.1', 'ENST00000533118.5', 'ENST00000528387.5', 'ENST00000391965.6']","[35.0, 30.0, 9.0, 6.0, 5.0]","[0.4117647058823529, 0.35294117647058826, 0.10588235294117647, 0.07058823529411765, 0.058823529411764705]",85.0,0.4117647058823529,1.1666666666666667
chr19:43597135:+:ATG,5,"['ENST00000336564.5', 'ENST00000529930.1', 'ENST00000533118.5', 'ENST00000528387.5', 'ENST00000391965.6']","[35.0, 30.0, 9.0, 6.0, 5.0]","[0.4117647058823529, 0.35294117647058826, 0.10588235294117647, 0.07058823529411765, 0.058823529411764705]",85.0,0.4117647058823529,1.1666666666666667
chr19:43670120:-:ATG,3,"['ENST00000340093.8', 'ENST00000339082.7', 'ENST00000221264.8']","[251.0, 29.0, 11.0]","[0.8625429553264605, 0.09965635738831616, 0.037800687285223365]",291.0,0.8625429553264605,8.655172413793103
chr19:45178206:-:GTG,2,"['ENST00000006275.8', 'ENST00000585934.1']","[37.0, 28.0]","[0.5692307692307692, 0.4307692307692308]",65.0,0.5692307692307692,1.3214285714285714
chr19:45178218:-:ATG,2,"['ENST00000006275.8', 'ENST00000585934.1']","[37.0, 28.0]","[0.5692307692307692, 0.4307692307692308]",65.0,0.5692307692307692,1.3214285714285714
chr19:45406696:+:ATG,2,"['ENST00000309424.8', 'ENST00000589804.1']","[303.0, 35.0]","[0.8964497041420119, 0.10355029585798817]",338.0,0.8964497041420119,8.657142857142857
chr19:45423374:-:ATG,3,"['ENST00000013807.9', 'ENST00000300853.8', 'ENST00000591636.5']","[22.0, 15.0, 11.0]","[0.4583333333333333, 0.3125, 0.22916666666666666]",48.0,0.4583333333333333,1.4666666666666666
chr19:45688538:-:ATG,3,"['ENST00000391932.7', 'ENST00000587367.5', 'ENST00000588599.5']","[120.0, 23.0, 18.0]","[0.7453416149068323, 0.14285714285714285, 0.11180124223602485]",161.0,0.7453416149068323,5.217391304347826
chr19:45688553:-:AAG,3,"['ENST00000391932.7', 'ENST00000587367.5', 'ENST00000588599.5']","[120.0, 23.0, 18.0]","[0.7453416149068323, 0.14285714285714285, 0.11180124223602485]",161.0,0.7453416149068323,5.217391304347826
chr19:45691888:-:ATG,2,"['ENST00000342669.8', 'ENST00000588301.5']","[5024.0, 1132.0]","[0.816114359974009, 0.1838856400259909]",6156.0,0.816114359974009,4.438162544169611
chr19:46846106:-:ACG,2,"['ENST00000601498.5', 'ENST00000597020.5']","[41.0, 3.0]","[0.9318181818181818, 0.06818181818181818]",44.0,0.9318181818181818,13.666666666666666
chr19:46850766:-:ATG,2,"['ENST00000263270.11', 'ENST00000352203.8']","[1677.0, 27.0]","[0.9841549295774648, 0.01584507042253521]",1704.0,0.9841549295774648,62.111111111111114
chr19:47130930:+:ATG,4,"['ENST00000270225.12', 'ENST00000392776.3', 'ENST00000414294.6', 'ENST00000596995.1']","[108.0, 44.0, 5.0, 3.0]","[0.675, 0.275, 0.03125, 0.01875]",160.0,0.675,2.4545454545454546
chr19:47143563:+:TTG,4,"['ENST00000270225.12', 'ENST00000392776.3', 'ENST00000414294.6', 'ENST00000596995.1']","[108.0, 44.0, 5.0, 3.0]","[0.675, 0.275, 0.03125, 0.01875]",160.0,0.675,2.4545454545454546
chr19:47514961:-:CTG,2,"['ENST00000263354.8', 'ENST00000594001.5']","[496.0, 32.0]","[0.9393939393939394, 0.06060606060606061]",528.0,0.9393939393939394,15.5
chr19:48326844:+:ATG,2,"['ENST00000270221.11', 'ENST00000597279.5']","[1263.0, 5.0]","[0.9960567823343849, 0.003943217665615142]",1268.0,0.9960567823343849,252.6
chr19:48327550:+:CTG,3,"['ENST00000270221.11', 'ENST00000596315.5', 'ENST00000597279.5']","[1263.0, 137.0, 5.0]","[0.898932384341637, 0.09750889679715302, 0.0035587188612099642]",1405.0,0.898932384341637,9.218978102189782
chr19:48329377:+:ATG,2,"['ENST00000596315.5', 'ENST00000594198.1']","[137.0, 4.0]","[0.9716312056737588, 0.028368794326241134]",141.0,0.9716312056737588,34.25
chr19:4861394:-:ATG,2,"['ENST00000221957.9', 'ENST00000585479.5']","[143.0, 3.0]","[0.9794520547945206, 0.02054794520547945]",146.0,0.9794520547945206,47.666666666666664
chr19:48619143:-:ATG,2,"['ENST00000549920.6', 'ENST00000549273.5']","[10020.0, 7.0]","[0.999301884910741, 0.0006981150892590007]",10027.0,0.999301884910741,1431.4285714285713
chr19:48811007:-:ATG,2,"['ENST00000316273.11', 'ENST00000545387.6']","[139.0, 68.0]","[0.6714975845410628, 0.3285024154589372]",207.0,0.6714975845410628,2.0441176470588234
chr19:48954928:+:ATG,2,"['ENST00000345358.12', 'ENST00000293288.12']","[213.0, 156.0]","[0.5772357723577236, 0.42276422764227645]",369.0,0.5772357723577236,1.3653846153846154
chr19:49496456:+:ATG,2,"['ENST00000270625.7', 'ENST00000596873.1']","[13124.0, 6.0]","[0.9995430312261996, 0.00045696877380045696]",13130.0,0.9995430312261996,2187.3333333333335
chr19:49496465:+:ATT,2,"['ENST00000270625.7', 'ENST00000596873.1']","[13124.0, 6.0]","[0.9995430312261996, 0.00045696877380045696]",13130.0,0.9995430312261996,2187.3333333333335
chr19:49664838:-:ATG,3,"['ENST00000377139.8', 'ENST00000597198.5', 'ENST00000601291.5']","[45.0, 8.0, 4.0]","[0.7894736842105263, 0.14035087719298245, 0.07017543859649122]",57.0,0.7894736842105263,5.625
chr19:49665766:-:ATC,4,"['ENST00000377139.8', 'ENST00000597198.5', 'ENST00000601373.6', 'ENST00000601291.5']","[45.0, 8.0, 7.0, 4.0]","[0.703125, 0.125, 0.109375, 0.0625]",64.0,0.703125,5.625
chr19:49666692:+:ATG,2,"['ENST00000619007.4', 'ENST00000600947.5']","[30.0, 5.0]","[0.8571428571428571, 0.14285714285714285]",35.0,0.8571428571428571,6.0
chr19:49677280:+:ATG,3,"['ENST00000391851.8', 'ENST00000454376.7', 'ENST00000610806.4']","[1194.0, 51.0, 6.0]","[0.9544364508393285, 0.0407673860911271, 0.004796163069544364]",1251.0,0.9544364508393285,23.41176470588235
chr19:49851286:+:GTG,3,"['ENST00000599732.5', 'ENST00000601675.5', 'ENST00000391842.6']","[10.0, 9.0, 5.0]","[0.4166666666666667, 0.375, 0.20833333333333334]",24.0,0.4166666666666667,1.1111111111111112
chr19:52300412:+:ATG,2,"['ENST00000595962.6', 'ENST00000468240.6']","[27.0, 8.0]","[0.7714285714285715, 0.22857142857142856]",35.0,0.7714285714285715,3.375
chr19:53869813:+:GTG,4,"['ENST00000391770.9', 'ENST00000391768.2', 'ENST00000391771.1', 'ENST00000448420.5']","[78.0, 8.0, 6.0, 3.0]","[0.8210526315789474, 0.08421052631578947, 0.06315789473684211, 0.031578947368421054]",95.0,0.8210526315789474,9.75
chr19:53873529:+:ATG,4,"['ENST00000391770.9', 'ENST00000391768.2', 'ENST00000391771.1', 'ENST00000448420.5']","[78.0, 8.0, 6.0, 3.0]","[0.8210526315789474, 0.08421052631578947, 0.06315789473684211, 0.031578947368421054]",95.0,0.8210526315789474,9.75
chr19:55461574:-:GTG,3,"['ENST00000425675.7', 'ENST00000438389.6', 'ENST00000085068.7']","[217.0, 93.0, 33.0]","[0.6326530612244898, 0.27113702623906705, 0.09620991253644315]",343.0,0.6326530612244898,2.3333333333333335
chr19:5623205:+:ATG,2,"['ENST00000592224.5', 'ENST00000588852.2']","[8.0, 6.0]","[0.5714285714285714, 0.42857142857142855]",14.0,0.5714285714285714,1.3333333333333333
chr19:572634:+:ATG,3,"['ENST00000353555.9', 'ENST00000618006.4', 'ENST00000618112.4']","[4004.0, 7.0, 6.0]","[0.9967637540453075, 0.0017425939756036844, 0.0014936519790888724]",4017.0,0.9967637540453075,572.0
chr19:58388137:+:ATG,3,"['ENST00000196551.8', 'ENST00000598098.5', 'ENST00000596046.1']","[11300.0, 51.0, 15.0]","[0.994193207812775, 0.004487066690128453, 0.001319725497096604]",11366.0,0.994193207812775,221.5686274509804
chr19:58554212:-:ATG,6,"['ENST00000312547.7', 'ENST00000601220.5', 'ENST00000600006.6', 'ENST00000596708.2', 'ENST00000597848.2', 'ENST00000600118.6']","[636.0, 291.0, 19.0, 9.0, 4.0, 3.0]","[0.6611226611226612, 0.3024948024948025, 0.01975051975051975, 0.009355509355509356, 0.004158004158004158, 0.0031185031185031187]",962.0,0.6611226611226612,2.185567010309278
chr19:5903708:-:ATG,2,"['ENST00000308961.5', 'ENST00000592634.5']","[4503.0, 34.0]","[0.9925060612739696, 0.007493938726030417]",4537.0,0.9925060612739696,132.44117647058823
chr19:5978082:-:ATG,2,"['ENST00000591092.5', 'ENST00000340578.10']","[19.0, 3.0]","[0.8636363636363636, 0.13636363636363635]",22.0,0.8636363636363636,6.333333333333333
chr19:6739761:+:ATG,3,"['ENST00000313285.12', 'ENST00000313244.14', 'ENST00000596758.5']","[55.0, 6.0, 6.0]","[0.8208955223880597, 0.08955223880597014, 0.08955223880597014]",67.0,0.8208955223880597,9.166666666666666
chr19:8390416:+:ATG,2,"['ENST00000328024.11', 'ENST00000594216.1']","[223.0, 5.0]","[0.9780701754385965, 0.021929824561403508]",228.0,0.9780701754385965,44.6
chr19:9818813:-:ATG,4,"['ENST00000247977.9', 'ENST00000588922.5', 'ENST00000586651.5', 'ENST00000589626.5']","[45.0, 14.0, 4.0, 3.0]","[0.6818181818181818, 0.21212121212121213, 0.06060606060606061, 0.045454545454545456]",66.0,0.6818181818181818,3.2142857142857144
chr19:9835344:+:ATG,2,"['ENST00000247970.9', 'ENST00000588695.5']","[134.0, 9.0]","[0.9370629370629371, 0.06293706293706294]",143.0,0.9370629370629371,14.88888888888889
chr19:9835359:+:AAG,2,"['ENST00000247970.9', 'ENST00000588695.5']","[134.0, 9.0]","[0.9370629370629371, 0.06293706293706294]",143.0,0.9370629370629371,14.88888888888889
chr1:100133168:+:ATG,2,"['ENST00000370141.8', 'ENST00000482437.5']","[32.0, 5.0]","[0.8648648648648649, 0.13513513513513514]",37.0,0.8648648648648649,6.4
chr1:10472416:-:ATC,2,"['ENST00000377038.8', 'ENST00000377036.2']","[492.0, 140.0]","[0.7784810126582279, 0.22151898734177214]",632.0,0.7784810126582279,3.5142857142857142
chr1:10472458:-:ATG,2,"['ENST00000377038.8', 'ENST00000377036.2']","[492.0, 140.0]","[0.7784810126582279, 0.22151898734177214]",632.0,0.7784810126582279,3.5142857142857142
chr1:107642744:-:ATG,3,"['ENST00000370056.9', 'ENST00000415432.6', 'ENST00000527011.5']","[22.0, 11.0, 9.0]","[0.5238095238095238, 0.2619047619047619, 0.21428571428571427]",42.0,0.5238095238095238,2.0
chr1:109282698:-:ATG,2,"['ENST00000369909.7', 'ENST00000369907.7']","[22.0, 8.0]","[0.7333333333333333, 0.26666666666666666]",30.0,0.7333333333333333,2.75
chr1:111139612:-:ATC,2,"['ENST00000484310.6', 'ENST00000286692.8']","[16.0, 4.0]","[0.8, 0.2]",20.0,0.8,4.0
chr1:112674912:+:ATG,3,"['ENST00000369645.6', 'ENST00000357443.2', 'ENST00000413052.6']","[62.0, 31.0, 26.0]","[0.5210084033613446, 0.2605042016806723, 0.2184873949579832]",119.0,0.5210084033613446,2.0
chr1:112703799:-:ATG,2,"['ENST00000369642.7', 'ENST00000339083.12']","[520.0, 119.0]","[0.8137715179968701, 0.18622848200312989]",639.0,0.8137715179968701,4.369747899159663
chr1:113812268:-:ATG,3,"['ENST00000476412.5', 'ENST00000615321.1', 'ENST00000261441.9']","[9.0, 8.0, 3.0]","[0.45, 0.4, 0.15]",20.0,0.45,1.125
chr1:116570972:-:ATG,2,"['ENST00000369489.10', 'ENST00000369487.3']","[506.0, 230.0]","[0.6875, 0.3125]",736.0,0.6875,2.2
chr1:11736208:+:ATG,2,"['ENST00000314340.10', 'ENST00000376629.8']","[917.0, 171.0]","[0.8428308823529411, 0.15716911764705882]",1088.0,0.8428308823529411,5.362573099415204
chr1:1374756:-:ATG,3,"['ENST00000338338.10', 'ENST00000338370.7', 'ENST00000378853.3']","[831.0, 7.0, 3.0]","[0.9881093935790726, 0.008323424494649227, 0.0035671819262782403]",841.0,0.9881093935790726,118.71428571428571
chr1:13773118:+:ATC,2,"['ENST00000343137.8', 'ENST00000413440.5']","[17.0, 8.0]","[0.68, 0.32]",25.0,0.68,2.125
chr1:13773169:+:ATG,2,"['ENST00000343137.8', 'ENST00000413440.5']","[17.0, 8.0]","[0.68, 0.32]",25.0,0.68,2.125
chr1:145927072:-:ATT,3,"['ENST00000369307.4', 'ENST00000583313.7', 'ENST00000632555.1']","[62.0, 27.0, 3.0]","[0.6739130434782609, 0.29347826086956524, 0.03260869565217391]",92.0,0.6739130434782609,2.2962962962962963
chr1:145927426:-:ATG,3,"['ENST00000369307.4', 'ENST00000583313.7', 'ENST00000632555.1']","[62.0, 27.0, 3.0]","[0.6739130434782609, 0.29347826086956524, 0.03260869565217391]",92.0,0.6739130434782609,2.2962962962962963
chr1:147242703:+:ATG,4,"['ENST00000369258.8', 'ENST00000369259.4', 'ENST00000467213.5', 'ENST00000361293.10']","[107.0, 7.0, 4.0, 3.0]","[0.8842975206611571, 0.05785123966942149, 0.03305785123966942, 0.024793388429752067]",121.0,0.8842975206611571,15.285714285714286
chr1:149832684:+:ATG,3,"['ENST00000614272.1', 'ENST00000618193.1', 'ENST00000578186.3']","[132.0, 85.0, 30.0]","[0.5344129554655871, 0.3441295546558704, 0.1214574898785425]",247.0,0.5344129554655871,1.5529411764705883
chr1:150067857:+:ATG,2,"['ENST00000644510.2', 'ENST00000419023.4']","[125.0, 3.0]","[0.9765625, 0.0234375]",128.0,0.9765625,41.666666666666664
chr1:150235774:-:AAG,4,"['ENST00000583931.6', 'ENST00000532744.2', 'ENST00000369114.9', 'ENST00000436748.6']","[343.0, 54.0, 9.0, 8.0]","[0.8285024154589372, 0.13043478260869565, 0.021739130434782608, 0.01932367149758454]",414.0,0.8285024154589372,6.351851851851852
chr1:150235786:-:ATG,4,"['ENST00000583931.6', 'ENST00000532744.2', 'ENST00000369114.9', 'ENST00000436748.6']","[343.0, 54.0, 9.0, 8.0]","[0.8285024154589372, 0.13043478260869565, 0.021739130434782608, 0.01932367149758454]",414.0,0.8285024154589372,6.351851851851852
chr1:150364714:+:ATG,3,"['ENST00000369068.5', 'ENST00000401000.8', 'ENST00000369067.7']","[18.0, 5.0, 4.0]","[0.6666666666666666, 0.18518518518518517, 0.14814814814814814]",27.0,0.6666666666666666,3.6
chr1:150364744:+:AAG,3,"['ENST00000369068.5', 'ENST00000401000.8', 'ENST00000369067.7']","[18.0, 5.0, 4.0]","[0.6666666666666666, 0.18518518518518517, 0.14814814814814814]",27.0,0.6666666666666666,3.6
chr1:150487450:+:ATG,2,"['ENST00000369064.8', 'ENST00000606933.5']","[147.0, 13.0]","[0.91875, 0.08125]",160.0,0.91875,11.307692307692308
chr1:150629548:-:TTG,2,"['ENST00000369014.10', 'ENST00000356527.9']","[895.0, 84.0]","[0.9141981613891726, 0.08580183861082738]",979.0,0.9141981613891726,10.654761904761905
chr1:150764763:-:ATG,2,"['ENST00000368985.8', 'ENST00000607427.2']","[13.0, 3.0]","[0.8125, 0.1875]",16.0,0.8125,4.333333333333333
chr1:150927714:+:ATG,4,"['ENST00000368962.6', 'ENST00000692827.1', 'ENST00000271640.9', 'ENST00000498193.5']","[22.0, 20.0, 15.0, 3.0]","[0.36666666666666664, 0.3333333333333333, 0.25, 0.05]",60.0,0.36666666666666664,1.1
chr1:151286291:+:ATG,2,"['ENST00000336715.11', 'ENST00000324048.9']","[6.0, 4.0]","[0.6, 0.4]",10.0,0.6,1.5
chr1:151346320:-:ATG,2,"['ENST00000452671.7', 'ENST00000290524.8']","[26.0, 18.0]","[0.5909090909090909, 0.4090909090909091]",44.0,0.5909090909090909,1.4444444444444444
chr1:151372641:-:ATG,2,"['ENST00000368868.10', 'ENST00000447402.7']","[231.0, 9.0]","[0.9625, 0.0375]",240.0,0.9625,25.666666666666668
chr1:151442204:-:ATG,3,"['ENST00000531094.5', 'ENST00000409503.5', 'ENST00000439756.2']","[60.0, 51.0, 43.0]","[0.38961038961038963, 0.33116883116883117, 0.2792207792207792]",154.0,0.38961038961038963,1.1764705882352942
chr1:151540366:+:ATG,2,"['ENST00000368848.6', 'ENST00000368849.8']","[107.0, 67.0]","[0.6149425287356322, 0.3850574712643678]",174.0,0.6149425287356322,1.5970149253731343
chr1:151986230:-:ATG,2,"['ENST00000368811.8', 'ENST00000368809.1']","[9111.0, 10.0]","[0.9989036289880495, 0.001096371011950444]",9121.0,0.9989036289880495,911.1
chr1:153535339:-:ATG,3,"['ENST00000368719.9', 'ENST00000496817.5', 'ENST00000462776.2']","[20446.0, 924.0, 64.0]","[0.953905010730615, 0.04310907903331156, 0.002985910236073528]",21434.0,0.953905010730615,22.127705627705627
chr1:153544794:-:ATG,3,"['ENST00000368716.9', 'ENST00000354332.8', 'ENST00000368715.5']","[11618.0, 2277.0, 218.0]","[0.8232126408276057, 0.16134060795011693, 0.015446751222277334]",14113.0,0.8232126408276057,5.1023276240667546
chr1:153626472:-:ATG,6,"['ENST00000476133.6', 'ENST00000497086.6', 'ENST00000392623.5', 'ENST00000440685.7', 'ENST00000484413.6', 'ENST00000392622.3']","[503.0, 242.0, 128.0, 107.0, 18.0, 10.0]","[0.4990079365079365, 0.2400793650793651, 0.12698412698412698, 0.10615079365079365, 0.017857142857142856, 0.00992063492063492]",1008.0,0.4990079365079365,2.0785123966942147
chr1:153962715:-:ATG,6,"['ENST00000356205.9', 'ENST00000621013.4', 'ENST00000368621.5', 'ENST00000368623.7', 'ENST00000413622.5', 'ENST00000310483.10']","[980.0, 235.0, 95.0, 68.0, 6.0, 4.0]","[0.7060518731988472, 0.16930835734870317, 0.06844380403458213, 0.04899135446685879, 0.004322766570605188, 0.002881844380403458]",1388.0,0.7060518731988472,4.170212765957447
chr1:154183092:-:GTG,5,"['ENST00000368533.8', 'ENST00000368531.6', 'ENST00000328159.9', 'ENST00000330188.13', 'ENST00000611659.5']","[577.0, 19.0, 12.0, 11.0, 10.0]","[0.9173290937996821, 0.030206677265500796, 0.019077901430842606, 0.017488076311605722, 0.01589825119236884]",629.0,0.9173290937996821,30.36842105263158
chr1:154183110:-:ATC,5,"['ENST00000368533.8', 'ENST00000368531.6', 'ENST00000328159.9', 'ENST00000330188.13', 'ENST00000611659.5']","[577.0, 19.0, 12.0, 11.0, 10.0]","[0.9173290937996821, 0.030206677265500796, 0.019077901430842606, 0.017488076311605722, 0.01589825119236884]",629.0,0.9173290937996821,30.36842105263158
chr1:154183119:-:ATG,5,"['ENST00000368533.8', 'ENST00000368531.6', 'ENST00000328159.9', 'ENST00000330188.13', 'ENST00000611659.5']","[577.0, 19.0, 12.0, 11.0, 10.0]","[0.9173290937996821, 0.030206677265500796, 0.019077901430842606, 0.017488076311605722, 0.01589825119236884]",629.0,0.9173290937996821,30.36842105263158
chr1:154225123:+:ATG,6,"['ENST00000613315.4', 'ENST00000343815.10', 'ENST00000361546.6', 'ENST00000441890.5', 'ENST00000428931.6', 'ENST00000437652.6']","[180.0, 157.0, 19.0, 9.0, 7.0, 3.0]","[0.48, 0.4186666666666667, 0.050666666666666665, 0.024, 0.018666666666666668, 0.008]",375.0,0.48,1.1464968152866242
chr1:154272687:+:CTG,2,"['ENST00000328703.12', 'ENST00000483970.7']","[1339.0, 19.0]","[0.9860088365243005, 0.013991163475699559]",1358.0,0.9860088365243005,70.47368421052632
chr1:154272723:+:ATG,2,"['ENST00000328703.12', 'ENST00000483970.7']","[1339.0, 19.0]","[0.9860088365243005, 0.013991163475699559]",1358.0,0.9860088365243005,70.47368421052632
chr1:154602583:-:ATG,3,"['ENST00000368471.8', 'ENST00000526905.3', 'ENST00000368474.9']","[82.0, 23.0, 8.0]","[0.7256637168141593, 0.20353982300884957, 0.07079646017699115]",113.0,0.7256637168141593,3.5652173913043477
chr1:154602598:-:ATC,3,"['ENST00000368471.8', 'ENST00000526905.3', 'ENST00000368474.9']","[82.0, 23.0, 8.0]","[0.7256637168141593, 0.20353982300884957, 0.07079646017699115]",113.0,0.7256637168141593,3.5652173913043477
chr1:154983898:+:CTG,3,"['ENST00000315144.14', 'ENST00000292180.8', 'ENST00000368432.5']","[210.0, 9.0, 4.0]","[0.9417040358744395, 0.04035874439461883, 0.017937219730941704]",223.0,0.9417040358744395,23.333333333333332
chr1:155063772:+:GTG,2,"['ENST00000368409.8', 'ENST00000427683.2']","[167.0, 13.0]","[0.9277777777777778, 0.07222222222222222]",180.0,0.9277777777777778,12.846153846153847
chr1:155063823:+:ATG,2,"['ENST00000368409.8', 'ENST00000427683.2']","[167.0, 13.0]","[0.9277777777777778, 0.07222222222222222]",180.0,0.9277777777777778,12.846153846153847
chr1:155135911:+:ATG,2,"['ENST00000368404.9', 'ENST00000303343.12']","[352.0, 45.0]","[0.8866498740554156, 0.11335012594458438]",397.0,0.8866498740554156,7.822222222222222
chr1:155172872:-:CTG,2,"['ENST00000295682.6', 'ENST00000491084.5']","[4682.0, 9.0]","[0.9980814325303773, 0.0019185674696226818]",4691.0,0.9980814325303773,520.2222222222222
chr1:155241112:-:ATG,2,"['ENST00000327247.9', 'ENST00000368373.8']","[252.0, 198.0]","[0.56, 0.44]",450.0,0.56,1.2727272727272727
chr1:15524200:-:ATG,2,"['ENST00000348549.9', 'ENST00000333868.10']","[24.0, 11.0]","[0.6857142857142857, 0.3142857142857143]",35.0,0.6857142857142857,2.1818181818181817
chr1:155262151:-:ATG,3,"['ENST00000302631.8', 'ENST00000355379.3', 'ENST00000472397.6']","[602.0, 330.0, 6.0]","[0.6417910447761194, 0.35181236673773986, 0.006396588486140725]",938.0,0.6417910447761194,1.8242424242424242
chr1:155309789:+:ATG,2,"['ENST00000356657.10', 'ENST00000368356.9']","[30.0, 30.0]","[0.5, 0.5]",60.0,0.5,1.0
chr1:155310064:+:ATG,3,"['ENST00000467076.5', 'ENST00000356657.10', 'ENST00000368356.9']","[1494.0, 30.0, 30.0]","[0.9613899613899614, 0.019305019305019305, 0.019305019305019305]",1554.0,0.9613899613899614,49.8
chr1:155324894:+:ATG,2,"['ENST00000368349.8', 'ENST00000368347.8']","[29.0, 14.0]","[0.6744186046511628, 0.32558139534883723]",43.0,0.6744186046511628,2.0714285714285716
chr1:155325647:+:ATG,4,"['ENST00000368349.8', 'ENST00000368347.8', 'ENST00000490373.5', 'ENST00000471876.5']","[29.0, 14.0, 10.0, 3.0]","[0.5178571428571429, 0.25, 0.17857142857142858, 0.05357142857142857]",56.0,0.5178571428571429,2.0714285714285716
chr1:155680436:-:ATG,7,"['ENST00000355499.9', 'ENST00000404643.5', 'ENST00000368330.6', 'ENST00000368339.10', 'ENST00000347088.9', 'ENST00000368340.10', 'ENST00000454523.6']","[45.0, 31.0, 15.0, 12.0, 10.0, 6.0, 3.0]","[0.36885245901639346, 0.2540983606557377, 0.12295081967213115, 0.09836065573770492, 0.08196721311475409, 0.04918032786885246, 0.02459016393442623]",122.0,0.36885245901639346,1.4516129032258065
chr1:155709779:+:ATG,3,"['ENST00000368336.10', 'ENST00000421487.6', 'ENST00000535183.5']","[35.0, 24.0, 9.0]","[0.5147058823529411, 0.35294117647058826, 0.1323529411764706]",68.0,0.5147058823529411,1.4583333333333333
chr1:156054889:+:ATG,2,"['ENST00000368305.9', 'ENST00000368304.9']","[1018.0, 58.0]","[0.9460966542750929, 0.05390334572490706]",1076.0,0.9460966542750929,17.551724137931036
chr1:156213015:+:ATG,3,"['ENST00000368277.3', 'ENST00000490491.5', 'ENST00000368279.7']","[575.0, 55.0, 5.0]","[0.905511811023622, 0.08661417322834646, 0.007874015748031496]",635.0,0.905511811023622,10.454545454545455
chr1:156295645:-:ATG,2,"['ENST00000362007.6', 'ENST00000622703.4']","[632.0, 62.0]","[0.9106628242074928, 0.0893371757925072]",694.0,0.9106628242074928,10.193548387096774
chr1:156338181:-:ATG,2,"['ENST00000295688.8', 'ENST00000368259.6']","[6484.0, 25.0]","[0.9961591642341373, 0.003840835765862652]",6509.0,0.9961591642341373,259.36
chr1:156338184:-:ATG,3,"['ENST00000295688.8', 'ENST00000368259.6', 'ENST00000368258.7']","[6484.0, 25.0, 3.0]","[0.9957002457002457, 0.003839066339066339, 0.0004606879606879607]",6512.0,0.9957002457002457,259.36
chr1:157136352:-:ATG,2,"['ENST00000368192.9', 'ENST00000326786.4']","[269.0, 7.0]","[0.9746376811594203, 0.025362318840579712]",276.0,0.9746376811594203,38.42857142857143
chr1:157138335:-:ACG,2,"['ENST00000368192.9', 'ENST00000326786.4']","[269.0, 7.0]","[0.9746376811594203, 0.025362318840579712]",276.0,0.9746376811594203,38.42857142857143
chr1:159920509:-:ATG,2,"['ENST00000368097.9', 'ENST00000320307.8']","[8411.0, 9.0]","[0.9989311163895487, 0.0010688836104513063]",8420.0,0.9989311163895487,934.5555555555555
chr1:160244008:-:ATG,6,"['ENST00000407642.6', 'ENST00000440682.5', 'ENST00000368074.6', 'ENST00000447377.5', 'ENST00000368073.7', 'ENST00000610139.5']","[25.0, 13.0, 12.0, 5.0, 4.0, 4.0]","[0.3968253968253968, 0.20634920634920634, 0.19047619047619047, 0.07936507936507936, 0.06349206349206349, 0.06349206349206349]",63.0,0.3968253968253968,1.9230769230769231
chr1:160285124:-:ATG,2,"['ENST00000368072.10', 'ENST00000532643.5']","[89.0, 3.0]","[0.967391304347826, 0.03260869565217391]",92.0,0.967391304347826,29.666666666666668
chr1:160343170:-:ATG,2,"['ENST00000241704.8', 'ENST00000368069.7']","[97.0, 28.0]","[0.776, 0.224]",125.0,0.776,3.4642857142857144
chr1:161021064:-:AAG,2,"['ENST00000289779.7', 'ENST00000368026.11']","[36.0, 19.0]","[0.6545454545454545, 0.34545454545454546]",55.0,0.6545454545454545,1.894736842105263
chr1:161118176:+:ATG,2,"['ENST00000368009.7', 'ENST00000368008.5']","[40.0, 7.0]","[0.851063829787234, 0.14893617021276595]",47.0,0.851063829787234,5.714285714285714
chr1:161124462:-:ATG,2,"['ENST00000368006.8', 'ENST00000458050.6']","[19.0, 4.0]","[0.8260869565217391, 0.17391304347826086]",23.0,0.8260869565217391,4.75
chr1:161202385:+:ATG,3,"['ENST00000367993.7', 'ENST00000392179.5', 'ENST00000676972.1']","[124.0, 5.0, 3.0]","[0.9393939393939394, 0.03787878787878788, 0.022727272727272728]",132.0,0.9393939393939394,24.8
chr1:162719063:+:ATG,2,"['ENST00000367921.8', 'ENST00000367922.7']","[32.0, 6.0]","[0.8421052631578947, 0.15789473684210525]",38.0,0.8421052631578947,5.333333333333333
chr1:163326051:+:ATG,2,"['ENST00000271452.8', 'ENST00000367900.7']","[364.0, 67.0]","[0.8445475638051044, 0.1554524361948956]",431.0,0.8445475638051044,5.432835820895522
chr1:16367257:+:ATG,2,"['ENST00000401089.3', 'ENST00000401088.9']","[209.0, 41.0]","[0.836, 0.164]",250.0,0.836,5.097560975609756
chr1:16440761:+:ATG,2,"['ENST00000337132.10', 'ENST00000443980.6']","[139.0, 16.0]","[0.896774193548387, 0.1032258064516129]",155.0,0.896774193548387,8.6875
chr1:164559822:+:ATG,2,"['ENST00000420696.7', 'ENST00000367897.5']","[49.0, 12.0]","[0.8032786885245902, 0.19672131147540983]",61.0,0.8032786885245902,4.083333333333333
chr1:165649847:+:ATG,2,"['ENST00000367889.8', 'ENST00000367888.8']","[450.0, 10.0]","[0.9782608695652174, 0.021739130434782608]",460.0,0.9782608695652174,45.0
chr1:165768225:-:CTG,3,"['ENST00000580248.5', 'ENST00000612311.4', 'ENST00000481278.6']","[93.0, 93.0, 10.0]","[0.4744897959183674, 0.4744897959183674, 0.05102040816326531]",196.0,0.4744897959183674,1.0
chr1:165768246:-:AGG,2,"['ENST00000580248.5', 'ENST00000481278.6']","[93.0, 10.0]","[0.9029126213592233, 0.0970873786407767]",103.0,0.9029126213592233,9.3
chr1:168179077:+:ATG,2,"['ENST00000367833.7', 'ENST00000367830.3']","[201.0, 3.0]","[0.9852941176470589, 0.014705882352941176]",204.0,0.9852941176470589,67.0
chr1:168179080:+:ATG,2,"['ENST00000367833.7', 'ENST00000367830.3']","[201.0, 3.0]","[0.9852941176470589, 0.014705882352941176]",204.0,0.9852941176470589,67.0
chr1:169367710:-:ATG,2,"['ENST00000367811.8', 'ENST00000525440.5']","[274.0, 4.0]","[0.9856115107913669, 0.014388489208633094]",278.0,0.9856115107913669,68.5
chr1:169367777:-:ATG,2,"['ENST00000367811.8', 'ENST00000525440.5']","[274.0, 4.0]","[0.9856115107913669, 0.014388489208633094]",278.0,0.9856115107913669,68.5
chr1:173823975:-:ATG,4,"['ENST00000682279.1', 'ENST00000345664.10', 'ENST00000356198.6', 'ENST00000367710.7']","[61.0, 10.0, 6.0, 6.0]","[0.7349397590361446, 0.12048192771084337, 0.07228915662650602, 0.07228915662650602]",83.0,0.7349397590361446,6.1
chr1:173992985:-:ATG,2,"['ENST00000367696.7', 'ENST00000367694.2']","[319.0, 5.0]","[0.9845679012345679, 0.015432098765432098]",324.0,0.9845679012345679,63.8
chr1:179143044:-:ATG,2,"['ENST00000512653.5', 'ENST00000344730.8']","[18.0, 5.0]","[0.782608695652174, 0.21739130434782608]",23.0,0.782608695652174,3.6
chr1:179986181:+:ATG,2,"['ENST00000429851.6', 'ENST00000490047.2']","[8.0, 3.0]","[0.7272727272727273, 0.2727272727272727]",11.0,0.7272727272727273,2.6666666666666665
chr1:180154907:+:ATG,2,"['ENST00000367600.5', 'ENST00000367602.8']","[42.0, 8.0]","[0.84, 0.16]",50.0,0.84,5.25
chr1:183635659:-:ATG,3,"['ENST00000359856.11', 'ENST00000367534.5', 'ENST00000294742.6']","[725.0, 721.0, 63.0]","[0.4804506295559973, 0.4777998674618953, 0.041749502982107355]",1509.0,0.4804506295559973,1.0055478502080444
chr1:183635674:-:CTG,2,"['ENST00000359856.11', 'ENST00000294742.6']","[725.0, 63.0]","[0.9200507614213198, 0.0799492385786802]",788.0,0.9200507614213198,11.507936507936508
chr1:184051755:+:ATG,3,"['ENST00000645668.2', 'ENST00000423085.7', 'ENST00000533373.6']","[34.0, 33.0, 8.0]","[0.4533333333333333, 0.44, 0.10666666666666667]",75.0,0.4533333333333333,1.0303030303030303
chr1:193069054:+:ATG,2,"['ENST00000367446.7', 'ENST00000400968.7']","[51.0, 49.0]","[0.51, 0.49]",100.0,0.51,1.0408163265306123
chr1:19312337:+:CTG,2,"['ENST00000375155.7', 'ENST00000469076.5']","[14.0, 4.0]","[0.7777777777777778, 0.2222222222222222]",18.0,0.7777777777777778,3.5
chr1:200409705:-:ATG,2,"['ENST00000294740.3', 'ENST00000367353.2']","[10.0, 3.0]","[0.7692307692307693, 0.23076923076923078]",13.0,0.7692307692307693,3.3333333333333335
chr1:200618723:-:ATG,2,"['ENST00000367350.5', 'ENST00000614960.4']","[11.0, 3.0]","[0.7857142857142857, 0.21428571428571427]",14.0,0.7857142857142857,3.6666666666666665
chr1:200739827:+:ATG,2,"['ENST00000413307.6', 'ENST00000358823.7']","[15.0, 4.0]","[0.7894736842105263, 0.21052631578947367]",19.0,0.7894736842105263,3.75
chr1:200739848:+:AGG,2,"['ENST00000413307.6', 'ENST00000358823.7']","[15.0, 4.0]","[0.7894736842105263, 0.21052631578947367]",19.0,0.7894736842105263,3.75
chr1:201153881:-:GTG,4,"['ENST00000367334.9', 'ENST00000367330.6', 'ENST00000367333.6', 'ENST00000367332.5']","[582.0, 148.0, 24.0, 16.0]","[0.7558441558441559, 0.19220779220779222, 0.03116883116883117, 0.02077922077922078]",770.0,0.7558441558441559,3.9324324324324325
chr1:201153923:-:ATG,4,"['ENST00000367334.9', 'ENST00000367330.6', 'ENST00000367333.6', 'ENST00000367332.5']","[582.0, 148.0, 24.0, 16.0]","[0.7558441558441559, 0.19220779220779222, 0.03116883116883117, 0.02077922077922078]",770.0,0.7558441558441559,3.9324324324324325
chr1:201496303:-:ATG,2,"['ENST00000532460.5', 'ENST00000340006.7']","[10.0, 4.0]","[0.7142857142857143, 0.2857142857142857]",14.0,0.7142857142857143,2.5
chr1:202011136:+:ATG,3,"['ENST00000367283.7', 'ENST00000367284.10', 'ENST00000359651.7']","[65.0, 62.0, 16.0]","[0.45454545454545453, 0.43356643356643354, 0.11188811188811189]",143.0,0.45454545454545453,1.0483870967741935
chr1:202011154:+:ATT,2,"['ENST00000367283.7', 'ENST00000359651.7']","[65.0, 16.0]","[0.8024691358024691, 0.19753086419753085]",81.0,0.8024691358024691,4.0625
chr1:202011187:+:ATG,3,"['ENST00000367283.7', 'ENST00000367284.10', 'ENST00000359651.7']","[65.0, 62.0, 16.0]","[0.45454545454545453, 0.43356643356643354, 0.11188811188811189]",143.0,0.45454545454545453,1.0483870967741935
chr1:20661350:-:ATG,2,"['ENST00000415136.6', 'ENST00000602624.7']","[945.0, 260.0]","[0.7842323651452282, 0.2157676348547718]",1205.0,0.7842323651452282,3.6346153846153846
chr1:207089531:+:ATG,3,"['ENST00000367078.8', 'ENST00000243611.9', 'ENST00000367076.7']","[131.0, 20.0, 14.0]","[0.793939393939394, 0.12121212121212122, 0.08484848484848485]",165.0,0.793939393939394,6.55
chr1:207090378:+:CTG,2,"['ENST00000243611.9', 'ENST00000367076.7']","[20.0, 14.0]","[0.5882352941176471, 0.4117647058823529]",34.0,0.5882352941176471,1.4285714285714286
chr1:207321765:+:ATG,4,"['ENST00000367064.9', 'ENST00000391921.9', 'ENST00000367063.6', 'ENST00000314754.12']","[70.0, 69.0, 45.0, 11.0]","[0.358974358974359, 0.35384615384615387, 0.23076923076923078, 0.05641025641025641]",195.0,0.358974358974359,1.0144927536231885
chr1:207752125:+:CTG,7,"['ENST00000357714.5', 'ENST00000367041.5', 'ENST00000354848.5', 'ENST00000367042.6', 'ENST00000360212.6', 'ENST00000322875.8', 'ENST00000358170.6']","[656.0, 471.0, 371.0, 341.0, 30.0, 15.0, 13.0]","[0.3458091723774381, 0.24828676858197155, 0.19557195571955718, 0.17975751186083289, 0.0158144438587243, 0.00790722192936215, 0.006852925672113864]",1897.0,0.3458091723774381,1.3927813163481952
chr1:207752170:+:CTG,7,"['ENST00000357714.5', 'ENST00000367041.5', 'ENST00000354848.5', 'ENST00000367042.6', 'ENST00000360212.6', 'ENST00000322875.8', 'ENST00000358170.6']","[656.0, 471.0, 371.0, 341.0, 30.0, 15.0, 13.0]","[0.3458091723774381, 0.24828676858197155, 0.19557195571955718, 0.17975751186083289, 0.0158144438587243, 0.00790722192936215, 0.006852925672113864]",1897.0,0.3458091723774381,1.3927813163481952
chr1:207752212:+:ATG,7,"['ENST00000357714.5', 'ENST00000367041.5', 'ENST00000354848.5', 'ENST00000367042.6', 'ENST00000360212.6', 'ENST00000322875.8', 'ENST00000358170.6']","[656.0, 471.0, 371.0, 341.0, 30.0, 15.0, 13.0]","[0.3458091723774381, 0.24828676858197155, 0.19557195571955718, 0.17975751186083289, 0.0158144438587243, 0.00790722192936215, 0.006852925672113864]",1897.0,0.3458091723774381,1.3927813163481952
chr1:212035437:-:ATG,3,"['ENST00000366994.8', 'ENST00000440600.6', 'ENST00000366993.7']","[61.0, 4.0, 3.0]","[0.8970588235294118, 0.058823529411764705, 0.04411764705882353]",68.0,0.8970588235294118,15.25
chr1:212035824:+:ATT,2,"['ENST00000366991.5', 'ENST00000542077.5']","[51.0, 3.0]","[0.9444444444444444, 0.05555555555555555]",54.0,0.9444444444444444,17.0
chr1:212035845:+:ATT,2,"['ENST00000366991.5', 'ENST00000542077.5']","[51.0, 3.0]","[0.9444444444444444, 0.05555555555555555]",54.0,0.9444444444444444,17.0
chr1:212035890:+:ATG,2,"['ENST00000366991.5', 'ENST00000542077.5']","[51.0, 3.0]","[0.9444444444444444, 0.05555555555555555]",54.0,0.9444444444444444,17.0
chr1:21290114:-:GTG,2,"['ENST00000415912.6', 'ENST00000374893.11']","[9.0, 6.0]","[0.6, 0.4]",15.0,0.6,1.5
chr1:21782957:-:ATG,2,"['ENST00000421625.6', 'ENST00000529637.5']","[22.0, 4.0]","[0.8461538461538461, 0.15384615384615385]",26.0,0.8461538461538461,5.5
chr1:220046388:-:ATG,3,"['ENST00000609181.5', 'ENST00000366923.8', 'ENST00000477030.2']","[527.0, 372.0, 18.0]","[0.5747001090512541, 0.40567066521264994, 0.019629225736095966]",917.0,0.5747001090512541,1.4166666666666667
chr1:220046436:-:CTG,3,"['ENST00000609181.5', 'ENST00000366923.8', 'ENST00000477030.2']","[527.0, 372.0, 18.0]","[0.5747001090512541, 0.40567066521264994, 0.019629225736095966]",917.0,0.5747001090512541,1.4166666666666667
chr1:222715699:+:ATG,4,"['ENST00000340934.10', 'ENST00000612948.4', 'ENST00000537020.5', 'ENST00000539697.5']","[116.0, 12.0, 9.0, 4.0]","[0.8226950354609929, 0.0851063829787234, 0.06382978723404255, 0.028368794326241134]",141.0,0.8226950354609929,9.666666666666666
chr1:224330127:-:ATG,2,"['ENST00000281701.11', 'ENST00000469075.5']","[78.0, 3.0]","[0.9629629629629629, 0.037037037037037035]",81.0,0.9629629629629629,26.0
chr1:226297784:-:AAG,2,"['ENST00000328205.9', 'ENST00000366808.6']","[8.0, 6.0]","[0.5714285714285714, 0.42857142857142855]",14.0,0.5714285714285714,1.3333333333333333
chr1:227317182:-:ATG,3,"['ENST00000366769.7', 'ENST00000366766.8', 'ENST00000366767.7']","[34.0, 7.0, 6.0]","[0.723404255319149, 0.14893617021276595, 0.1276595744680851]",47.0,0.723404255319149,4.857142857142857
chr1:227735273:-:ATG,2,"['ENST00000620518.5', 'ENST00000438896.3']","[19.0, 6.0]","[0.76, 0.24]",25.0,0.76,3.1666666666666665
chr1:228097114:+:ATG,3,"['ENST00000272102.10', 'ENST00000478424.5', 'ENST00000470558.5']","[1566.0, 18.0, 8.0]","[0.9836683417085427, 0.011306532663316583, 0.005025125628140704]",1592.0,0.9836683417085427,87.0
chr1:228108260:-:ATG,6,"['ENST00000348259.9', 'ENST00000336520.8', 'ENST00000366746.7', 'ENST00000295008.8', 'ENST00000336300.9', 'ENST00000366747.7']","[168.0, 104.0, 60.0, 47.0, 10.0, 5.0]","[0.4263959390862944, 0.2639593908629442, 0.15228426395939088, 0.11928934010152284, 0.025380710659898477, 0.012690355329949238]",394.0,0.4263959390862944,1.6153846153846154
chr1:228140302:+:ATG,2,"['ENST00000312726.9', 'ENST00000453943.6']","[28.0, 25.0]","[0.5283018867924528, 0.4716981132075472]",53.0,0.5283018867924528,1.12
chr1:228145524:+:AGG,2,"['ENST00000312726.9', 'ENST00000453943.6']","[28.0, 25.0]","[0.5283018867924528, 0.4716981132075472]",53.0,0.5283018867924528,1.12
chr1:231241225:+:ATG,2,"['ENST00000366647.9', 'ENST00000436239.5']","[30.0, 8.0]","[0.7894736842105263, 0.21052631578947367]",38.0,0.7894736842105263,3.75
chr1:231241378:+:ATG,2,"['ENST00000366647.9', 'ENST00000436239.5']","[30.0, 8.0]","[0.7894736842105263, 0.21052631578947367]",38.0,0.7894736842105263,3.75
chr1:231338383:+:ATG,2,"['ENST00000295050.12', 'ENST00000391858.8']","[55.0, 10.0]","[0.8461538461538461, 0.15384615384615385]",65.0,0.8461538461538461,5.5
chr1:232950710:+:ATG,2,"['ENST00000366628.10', 'ENST00000366627.4']","[67.0, 3.0]","[0.9571428571428572, 0.04285714285714286]",70.0,0.9571428571428572,22.333333333333332
chr1:23341008:-:ATG,2,"['ENST00000374616.7', 'ENST00000302271.11']","[46.0, 30.0]","[0.6052631578947368, 0.39473684210526316]",76.0,0.6052631578947368,1.5333333333333334
chr1:23344252:-:CTG,2,"['ENST00000374616.7', 'ENST00000302271.11']","[46.0, 30.0]","[0.6052631578947368, 0.39473684210526316]",76.0,0.6052631578947368,1.5333333333333334
chr1:234373526:+:CTG,2,"['ENST00000619305.1', 'ENST00000366615.10']","[1413.0, 41.0]","[0.9718019257221459, 0.028198074277854195]",1454.0,0.9718019257221459,34.46341463414634
chr1:234374245:+:ATG,4,"['ENST00000619305.1', 'ENST00000366613.1', 'ENST00000366615.10', 'ENST00000366612.1']","[1413.0, 184.0, 41.0, 33.0]","[0.8456014362657092, 0.11011370436864153, 0.024536205864751647, 0.019748653500897665]",1671.0,0.8456014362657092,7.679347826086956
chr1:235326916:-:AAG,2,"['ENST00000349213.7', 'ENST00000366603.6']","[6.0, 3.0]","[0.6666666666666666, 0.3333333333333333]",9.0,0.6666666666666666,2.0
chr1:235326919:-:ATG,2,"['ENST00000349213.7', 'ENST00000366603.6']","[6.0, 3.0]","[0.6666666666666666, 0.3333333333333333]",9.0,0.6666666666666666,2.0
chr1:236604095:-:ATG,2,"['ENST00000366582.8', 'ENST00000366579.1']","[156.0, 4.0]","[0.975, 0.025]",160.0,0.975,39.0
chr1:23691823:+:ATG,3,"['ENST00000374550.8', 'ENST00000643754.2', 'ENST00000467075.2']","[2869.0, 1917.0, 44.0]","[0.5939958592132505, 0.3968944099378882, 0.009109730848861283]",4830.0,0.5939958592132505,1.4966092853416797
chr1:23692623:+:AAG,3,"['ENST00000458455.2', 'ENST00000374550.8', 'ENST00000467075.2']","[3332.0, 2869.0, 44.0]","[0.533546837469976, 0.45940752602081664, 0.007045636509207366]",6245.0,0.533546837469976,1.1613802718717323
chr1:23980213:-:AGG,4,"['ENST00000453840.7', 'ENST00000344989.10', 'ENST00000492112.3', 'ENST00000343255.9']","[458.0, 169.0, 73.0, 35.0]","[0.6231292517006802, 0.22993197278911565, 0.09931972789115646, 0.047619047619047616]",735.0,0.6231292517006802,2.710059171597633
chr1:23980255:-:ATG,4,"['ENST00000453840.7', 'ENST00000344989.10', 'ENST00000492112.3', 'ENST00000343255.9']","[458.0, 169.0, 73.0, 35.0]","[0.6231292517006802, 0.22993197278911565, 0.09931972789115646, 0.047619047619047616]",735.0,0.6231292517006802,2.710059171597633
chr1:241640254:-:ATG,4,"['ENST00000366553.3', 'ENST00000366554.3', 'ENST00000490673.5', 'ENST00000638121.1']","[366.0, 38.0, 9.0, 4.0]","[0.8776978417266187, 0.09112709832134293, 0.02158273381294964, 0.009592326139088728]",417.0,0.8776978417266187,9.631578947368421
chr1:25232467:-:ATG,2,"['ENST00000236273.9', 'ENST00000354361.3']","[126.0, 64.0]","[0.6631578947368421, 0.3368421052631579]",190.0,0.6631578947368421,1.96875
chr1:25904676:-:ATG,6,"['ENST00000455785.7', 'ENST00000357865.6', 'ENST00000399728.5', 'ENST00000374291.5', 'ENST00000426559.7', 'ENST00000446334.1']","[769.0, 9.0, 7.0, 6.0, 5.0, 5.0]","[0.9600499375780275, 0.011235955056179775, 0.008739076154806492, 0.00749063670411985, 0.006242197253433208, 0.006242197253433208]",801.0,0.9600499375780275,85.44444444444444
chr1:25904703:-:CTG,6,"['ENST00000455785.7', 'ENST00000357865.6', 'ENST00000399728.5', 'ENST00000374291.5', 'ENST00000426559.7', 'ENST00000446334.1']","[769.0, 9.0, 7.0, 6.0, 5.0, 5.0]","[0.9600499375780275, 0.011235955056179775, 0.008739076154806492, 0.00749063670411985, 0.006242197253433208, 0.006242197253433208]",801.0,0.9600499375780275,85.44444444444444
chr1:25904721:-:TTG,3,"['ENST00000455785.7', 'ENST00000399728.5', 'ENST00000426559.7']","[769.0, 7.0, 5.0]","[0.9846350832266325, 0.008962868117797696, 0.006402048655569782]",781.0,0.9846350832266325,109.85714285714286
chr1:27322197:+:ATG,2,"['ENST00000374076.9', 'ENST00000611517.4']","[90.0, 14.0]","[0.8653846153846154, 0.1346153846153846]",104.0,0.8653846153846154,6.428571428571429
chr1:27322257:+:ATG,3,"['ENST00000374076.9', 'ENST00000464720.5', 'ENST00000611517.4']","[90.0, 17.0, 14.0]","[0.743801652892562, 0.14049586776859505, 0.11570247933884298]",121.0,0.743801652892562,5.294117647058823
chr1:27322278:+:ACG,3,"['ENST00000374076.9', 'ENST00000464720.5', 'ENST00000611517.4']","[90.0, 17.0, 14.0]","[0.743801652892562, 0.14049586776859505, 0.11570247933884298]",121.0,0.743801652892562,5.294117647058823
chr1:27322296:+:ATG,2,"['ENST00000464720.5', 'ENST00000466759.5']","[17.0, 6.0]","[0.7391304347826086, 0.2608695652173913]",23.0,0.7391304347826086,2.8333333333333335
chr1:27322329:+:ATG,4,"['ENST00000374076.9', 'ENST00000464720.5', 'ENST00000611517.4', 'ENST00000466759.5']","[90.0, 17.0, 14.0, 6.0]","[0.7086614173228346, 0.13385826771653545, 0.11023622047244094, 0.047244094488188976]",127.0,0.7086614173228346,5.294117647058823
chr1:27669314:-:ATG,2,"['ENST00000361157.11', 'ENST00000362020.4']","[23.0, 9.0]","[0.71875, 0.28125]",32.0,0.71875,2.5555555555555554
chr1:27669338:-:ACG,2,"['ENST00000361157.11', 'ENST00000362020.4']","[23.0, 9.0]","[0.71875, 0.28125]",32.0,0.71875,2.5555555555555554
chr1:28236183:+:ATG,2,"['ENST00000335514.10', 'ENST00000465645.1']","[5538.0, 120.0]","[0.9787910922587487, 0.021208907741251327]",5658.0,0.9787910922587487,46.15
chr1:28407447:+:ATG,2,"['ENST00000373839.8', 'ENST00000493669.2']","[14.0, 7.0]","[0.6666666666666666, 0.3333333333333333]",21.0,0.6666666666666666,2.0
chr1:28459116:+:ATG,2,"['ENST00000373839.8', 'ENST00000493669.2']","[14.0, 7.0]","[0.6666666666666666, 0.3333333333333333]",21.0,0.6666666666666666,2.0
chr1:28529866:+:ATG,3,"['ENST00000373832.5', 'ENST00000683442.1', 'ENST00000373833.10']","[935.0, 14.0, 5.0]","[0.980083857442348, 0.014675052410901468, 0.005241090146750524]",954.0,0.980083857442348,66.78571428571429
chr1:28529893:+:AGG,3,"['ENST00000373832.5', 'ENST00000683442.1', 'ENST00000373833.10']","[935.0, 14.0, 5.0]","[0.980083857442348, 0.014675052410901468, 0.005241090146750524]",954.0,0.980083857442348,66.78571428571429
chr1:28683612:+:ATG,3,"['ENST00000373816.6', 'ENST00000361872.8', 'ENST00000294409.2']","[32.0, 30.0, 4.0]","[0.48484848484848486, 0.45454545454545453, 0.06060606060606061]",66.0,0.48484848484848486,1.0666666666666667
chr1:29216603:-:ATA,2,"['ENST00000263702.11', 'ENST00000373791.7']","[21.0, 7.0]","[0.75, 0.25]",28.0,0.75,3.0
chr1:31310098:+:ATG,2,"['ENST00000344147.10', 'ENST00000373714.5']","[125.0, 41.0]","[0.7530120481927711, 0.2469879518072289]",166.0,0.7530120481927711,3.048780487804878
chr1:32108130:+:ATG,2,"['ENST00000373625.8', 'ENST00000471599.5']","[563.0, 262.0]","[0.6824242424242424, 0.31757575757575757]",825.0,0.6824242424242424,2.148854961832061
chr1:32180345:+:ATG,2,"['ENST00000373610.8', 'ENST00000373609.1']","[31.0, 12.0]","[0.7209302325581395, 0.27906976744186046]",43.0,0.7209302325581395,2.5833333333333335
chr1:32222322:-:ATG,2,"['ENST00000309777.11', 'ENST00000344461.7']","[84.0, 19.0]","[0.8155339805825242, 0.18446601941747573]",103.0,0.8155339805825242,4.421052631578948
chr1:32222441:+:ATG,3,"['ENST00000373586.2', 'ENST00000355082.10', 'ENST00000677711.2']","[67.0, 10.0, 3.0]","[0.8375, 0.125, 0.0375]",80.0,0.8375,6.7
chr1:32394112:-:CTG,2,"['ENST00000341071.11', 'ENST00000455895.7']","[38.0, 31.0]","[0.5507246376811594, 0.4492753623188406]",69.0,0.5507246376811594,1.2258064516129032
chr1:32394414:-:ATG,2,"['ENST00000341071.11', 'ENST00000455895.7']","[38.0, 31.0]","[0.5507246376811594, 0.4492753623188406]",69.0,0.5507246376811594,1.2258064516129032
chr1:32651306:+:ATG,2,"['ENST00000373493.10', 'ENST00000373485.5']","[455.0, 66.0]","[0.8733205374280231, 0.12667946257197696]",521.0,0.8733205374280231,6.893939393939394
chr1:33021607:-:AGG,2,"['ENST00000672715.1', 'ENST00000354858.11']","[601.0, 19.0]","[0.9693548387096774, 0.03064516129032258]",620.0,0.9693548387096774,31.63157894736842
chr1:33036828:-:ATG,5,"['ENST00000672715.1', 'ENST00000373449.7', 'ENST00000467905.5', 'ENST00000354858.11', 'ENST00000550338.6']","[601.0, 584.0, 46.0, 19.0, 5.0]","[0.4788844621513944, 0.4653386454183267, 0.036653386454183264, 0.015139442231075698, 0.00398406374501992]",1255.0,0.4788844621513944,1.029109589041096
chr1:37513511:-:ATC,2,"['ENST00000296214.10', 'ENST00000373074.5']","[66.0, 20.0]","[0.7674418604651163, 0.23255813953488372]",86.0,0.7674418604651163,3.3
chr1:37692690:+:ATG,2,"['ENST00000373055.6', 'ENST00000327331.2']","[320.0, 77.0]","[0.8060453400503779, 0.19395465994962216]",397.0,0.8060453400503779,4.1558441558441555
chr1:39738900:+:ATG,3,"['ENST00000324379.10', 'ENST00000356511.6', 'ENST00000372830.5']","[116.0, 14.0, 14.0]","[0.8055555555555556, 0.09722222222222222, 0.09722222222222222]",144.0,0.8055555555555556,8.285714285714286
chr1:39883377:-:CTG,2,"['ENST00000441669.6', 'ENST00000316891.10']","[47.0, 17.0]","[0.734375, 0.265625]",64.0,0.734375,2.764705882352941
chr1:39883491:-:ATG,3,"['ENST00000441669.6', 'ENST00000316891.10', 'ENST00000372818.5']","[47.0, 17.0, 4.0]","[0.6911764705882353, 0.25, 0.058823529411764705]",68.0,0.6911764705882353,2.764705882352941
chr1:40059346:+:ATG,3,"['ENST00000372805.8', 'ENST00000372792.7', 'ENST00000372797.7']","[332.0, 160.0, 156.0]","[0.5123456790123457, 0.24691358024691357, 0.24074074074074073]",648.0,0.5123456790123457,2.075
chr1:40059376:+:TTG,3,"['ENST00000372805.8', 'ENST00000372792.7', 'ENST00000372797.7']","[332.0, 160.0, 156.0]","[0.5123456790123457, 0.24691358024691357, 0.24074074074074073]",648.0,0.5123456790123457,2.075
chr1:40097205:-:GTG,4,"['ENST00000642050.2', 'ENST00000439754.6', 'ENST00000433473.8', 'ENST00000449045.7']","[1642.0, 151.0, 7.0, 4.0]","[0.9101995565410199, 0.0837028824833703, 0.003880266075388027, 0.0022172949002217295]",1804.0,0.9101995565410199,10.874172185430464
chr1:40097238:-:ATG,4,"['ENST00000642050.2', 'ENST00000439754.6', 'ENST00000433473.8', 'ENST00000449045.7']","[1642.0, 151.0, 7.0, 4.0]","[0.9101995565410199, 0.0837028824833703, 0.003880266075388027, 0.0022172949002217295]",1804.0,0.9101995565410199,10.874172185430464
chr1:40691761:+:GTG,4,"['ENST00000447388.8', 'ENST00000425457.6', 'ENST00000427410.6', 'ENST00000456393.6']","[95.0, 18.0, 4.0, 3.0]","[0.7916666666666666, 0.15, 0.03333333333333333, 0.025]",120.0,0.7916666666666666,5.277777777777778
chr1:40979794:+:CTG,2,"['ENST00000650070.2', 'ENST00000463285.7']","[591.0, 7.0]","[0.9882943143812709, 0.011705685618729096]",598.0,0.9882943143812709,84.42857142857143
chr1:40983290:+:ATG,3,"['ENST00000650070.2', 'ENST00000372616.1', 'ENST00000463285.7']","[591.0, 129.0, 7.0]","[0.81292984869326, 0.17744154057771663, 0.009628610729023384]",727.0,0.81292984869326,4.5813953488372094
chr1:42456565:+:ATG,2,"['ENST00000372561.4', 'ENST00000372560.3']","[21.0, 8.0]","[0.7241379310344828, 0.27586206896551724]",29.0,0.7241379310344828,2.625
chr1:42658446:+:ATG,2,"['ENST00000304979.8', 'ENST00000372550.6']","[633.0, 14.0]","[0.9783616692426584, 0.021638330757341576]",647.0,0.9783616692426584,45.214285714285715
chr1:43359215:+:ATG,2,"['ENST00000310955.11', 'ENST00000372462.1']","[1012.0, 73.0]","[0.9327188940092166, 0.06728110599078341]",1085.0,0.9327188940092166,13.863013698630137
chr1:43365609:-:ATG,3,"['ENST00000372458.8', 'ENST00000621943.4', 'ENST00000413844.3']","[512.0, 136.0, 36.0]","[0.7485380116959064, 0.19883040935672514, 0.05263157894736842]",684.0,0.7485380116959064,3.764705882352941
chr1:43974983:+:CTG,2,"['ENST00000472174.7', 'ENST00000532642.5']","[1894.0, 3.0]","[0.9984185556141276, 0.0015814443858724301]",1897.0,0.9984185556141276,631.3333333333334
chr1:43975040:+:ATG,2,"['ENST00000472174.7', 'ENST00000532642.5']","[1894.0, 3.0]","[0.9984185556141276, 0.0015814443858724301]",1897.0,0.9984185556141276,631.3333333333334
chr1:45334499:-:AAG,2,"['ENST00000355498.6', 'ENST00000456914.7']","[6.0, 6.0]","[0.5, 0.5]",12.0,0.5,1.0
chr1:45334505:-:ATG,2,"['ENST00000355498.6', 'ENST00000456914.7']","[6.0, 6.0]","[0.5, 0.5]",12.0,0.5,1.0
chr1:45584087:+:ATT,2,"['ENST00000527359.5', 'ENST00000453748.5']","[9.0, 6.0]","[0.6, 0.4]",15.0,0.6,1.5
chr1:45584122:+:CTG,3,"['ENST00000351223.7', 'ENST00000350030.8', 'ENST00000470768.5']","[72.0, 23.0, 10.0]","[0.6857142857142857, 0.21904761904761905, 0.09523809523809523]",105.0,0.6857142857142857,3.130434782608696
chr1:45584146:+:ATG,5,"['ENST00000351223.7', 'ENST00000350030.8', 'ENST00000470768.5', 'ENST00000527359.5', 'ENST00000453748.5']","[72.0, 23.0, 10.0, 9.0, 6.0]","[0.6, 0.19166666666666668, 0.08333333333333333, 0.075, 0.05]",120.0,0.6,3.130434782608696
chr1:46303322:-:ATG,2,"['ENST00000343304.10', 'ENST00000617190.5']","[64.0, 4.0]","[0.9411764705882353, 0.058823529411764705]",68.0,0.9411764705882353,16.0
chr1:51617110:+:ATG,2,"['ENST00000371714.5', 'ENST00000428468.6']","[43.0, 30.0]","[0.589041095890411, 0.410958904109589]",73.0,0.589041095890411,1.4333333333333333
chr1:51760752:+:ATG,4,"['ENST00000371714.5', 'ENST00000428468.6', 'ENST00000462759.5', 'ENST00000361556.9']","[43.0, 30.0, 6.0, 4.0]","[0.5180722891566265, 0.3614457831325301, 0.07228915662650602, 0.04819277108433735]",83.0,0.5180722891566265,1.4333333333333333
chr1:52402223:-:ATG,2,"['ENST00000371568.8', 'ENST00000371566.1']","[105.0, 3.0]","[0.9722222222222222, 0.027777777777777776]",108.0,0.9722222222222222,35.0
chr1:53014963:+:GTG,4,"['ENST00000478631.6', 'ENST00000407246.6', 'ENST00000371514.8', 'ENST00000371509.8']","[137.0, 88.0, 83.0, 5.0]","[0.43769968051118213, 0.28115015974440893, 0.26517571884984026, 0.01597444089456869]",313.0,0.43769968051118213,1.5568181818181819
chr1:53015020:+:ATG,5,"['ENST00000478631.6', 'ENST00000407246.6', 'ENST00000371514.8', 'ENST00000435345.6', 'ENST00000371509.8']","[137.0, 88.0, 83.0, 6.0, 5.0]","[0.42946708463949845, 0.27586206896551724, 0.2601880877742947, 0.018808777429467086, 0.01567398119122257]",319.0,0.42946708463949845,1.5568181818181819
chr1:53888937:-:ATG,2,"['ENST00000072644.7', 'ENST00000464950.6']","[34.0, 20.0]","[0.6296296296296297, 0.37037037037037035]",54.0,0.6296296296296297,1.7
chr1:53940082:-:ATG,2,"['ENST00000194214.10', 'ENST00000371378.6']","[775.0, 12.0]","[0.9847522236340533, 0.015247776365946633]",787.0,0.9847522236340533,64.58333333333333
chr1:53951999:+:ATG,2,"['ENST00000319223.8', 'ENST00000371370.8']","[82.0, 76.0]","[0.5189873417721519, 0.4810126582278481]",158.0,0.5189873417721519,1.0789473684210527
chr1:54043453:-:ATG,2,"['ENST00000234831.10', 'ENST00000371344.5']","[137.0, 13.0]","[0.9133333333333333, 0.08666666666666667]",150.0,0.9133333333333333,10.538461538461538
chr1:54043504:-:ATG,2,"['ENST00000234831.10', 'ENST00000371344.5']","[137.0, 13.0]","[0.9133333333333333, 0.08666666666666667]",150.0,0.9133333333333333,10.538461538461538
chr1:54053176:-:AAG,2,"['ENST00000234831.10', 'ENST00000371337.3']","[137.0, 4.0]","[0.9716312056737588, 0.028368794326241134]",141.0,0.9716312056737588,34.25
chr1:54053188:-:ATG,2,"['ENST00000234831.10', 'ENST00000371337.3']","[137.0, 4.0]","[0.9716312056737588, 0.028368794326241134]",141.0,0.9716312056737588,34.25
chr1:63523133:-:ATG,2,"['ENST00000271002.15', 'ENST00000489099.5']","[380.0, 71.0]","[0.8425720620842572, 0.1574279379157428]",451.0,0.8425720620842572,5.352112676056338
chr1:6625218:+:ATG,2,"['ENST00000054650.9', 'ENST00000377627.7']","[8.0, 7.0]","[0.5333333333333333, 0.4666666666666667]",15.0,0.5333333333333333,1.1428571428571428
chr1:6701788:-:TTG,2,"['ENST00000377577.10', 'ENST00000294401.11']","[242.0, 13.0]","[0.9490196078431372, 0.050980392156862744]",255.0,0.9490196078431372,18.615384615384617
chr1:6701800:-:ATG,2,"['ENST00000377577.10', 'ENST00000294401.11']","[242.0, 13.0]","[0.9490196078431372, 0.050980392156862744]",255.0,0.9490196078431372,18.615384615384617
chr1:67430300:-:ATG,3,"['ENST00000370994.8', 'ENST00000370995.6', 'ENST00000361219.11']","[404.0, 308.0, 273.0]","[0.4101522842639594, 0.31269035532994927, 0.27715736040609135]",985.0,0.4101522842639594,1.3116883116883118
chr1:67430333:-:ATC,3,"['ENST00000370994.8', 'ENST00000370995.6', 'ENST00000361219.11']","[404.0, 308.0, 273.0]","[0.4101522842639594, 0.31269035532994927, 0.27715736040609135]",985.0,0.4101522842639594,1.3116883116883118
chr1:68232287:-:ATT,2,"['ENST00000262348.9', 'ENST00000370976.7']","[95.0, 37.0]","[0.7196969696969697, 0.2803030303030303]",132.0,0.7196969696969697,2.5675675675675675
chr1:68496999:-:ATG,2,"['ENST00000370966.9', 'ENST00000456315.7']","[87.0, 46.0]","[0.6541353383458647, 0.3458646616541353]",133.0,0.6541353383458647,1.891304347826087
chr1:68497023:-:ACG,2,"['ENST00000370966.9', 'ENST00000456315.7']","[87.0, 46.0]","[0.6541353383458647, 0.3458646616541353]",133.0,0.6541353383458647,1.891304347826087
chr1:70221636:+:ATG,3,"['ENST00000370951.5', 'ENST00000370949.2', 'ENST00000395136.7']","[15.0, 11.0, 4.0]","[0.5, 0.36666666666666664, 0.13333333333333333]",30.0,0.5,1.3636363636363635
chr1:71080995:-:ATG,3,"['ENST00000370920.8', 'ENST00000254821.10', 'ENST00000611683.1']","[288.0, 204.0, 8.0]","[0.576, 0.408, 0.016]",500.0,0.576,1.411764705882353
chr1:75724787:+:ATG,3,"['ENST00000370841.9', 'ENST00000420607.6', 'ENST00000370834.9']","[69.0, 57.0, 8.0]","[0.5149253731343284, 0.4253731343283582, 0.05970149253731343]",134.0,0.5149253731343284,1.2105263157894737
chr1:75786271:+:ATG,2,"['ENST00000319942.8', 'ENST00000370826.3']","[160.0, 12.0]","[0.9302325581395349, 0.06976744186046512]",172.0,0.9302325581395349,13.333333333333334
chr1:77219402:-:ATG,2,"['ENST00000370812.8', 'ENST00000445065.5']","[101.0, 4.0]","[0.9619047619047619, 0.0380952380952381]",105.0,0.9619047619047619,25.25
chr1:77741697:-:ATG,2,"['ENST00000370794.7', 'ENST00000370793.5']","[40.0, 18.0]","[0.6896551724137931, 0.3103448275862069]",58.0,0.6896551724137931,2.2222222222222223
chr1:7962785:+:ATG,4,"['ENST00000493678.5', 'ENST00000338639.10', 'ENST00000377493.9', 'ENST00000377491.5']","[268.0, 88.0, 11.0, 10.0]","[0.7108753315649867, 0.23342175066312998, 0.029177718832891247, 0.026525198938992044]",377.0,0.7108753315649867,3.0454545454545454
chr1:7962839:+:ACG,3,"['ENST00000493678.5', 'ENST00000338639.10', 'ENST00000377491.5']","[268.0, 88.0, 10.0]","[0.73224043715847, 0.24043715846994534, 0.0273224043715847]",366.0,0.73224043715847,3.0454545454545454
chr1:84479281:+:ATG,2,"['ENST00000370654.6', 'ENST00000370656.5']","[105.0, 49.0]","[0.6818181818181818, 0.3181818181818182]",154.0,0.6818181818181818,2.142857142857143
chr1:85259633:-:ATG,2,"['ENST00000471115.6', 'ENST00000344356.5']","[86.0, 6.0]","[0.9347826086956522, 0.06521739130434782]",92.0,0.9347826086956522,14.333333333333334
chr1:86704899:+:ATG,2,"['ENST00000370558.8', 'ENST00000482504.1']","[22.0, 5.0]","[0.8148148148148148, 0.18518518518518517]",27.0,0.8148148148148148,4.4
chr1:8874908:-:ATG,2,"['ENST00000234590.10', 'ENST00000497492.1']","[26756.0, 69.0]","[0.9974277726001864, 0.0025722273998136065]",26825.0,0.9974277726001864,387.768115942029
chr1:91501716:+:ATG,2,"['ENST00000234626.11', 'ENST00000428239.5']","[73.0, 9.0]","[0.8902439024390244, 0.10975609756097561]",82.0,0.8902439024390244,8.11111111111111
chr1:91501752:+:ATG,2,"['ENST00000234626.11', 'ENST00000428239.5']","[73.0, 9.0]","[0.8902439024390244, 0.10975609756097561]",82.0,0.8902439024390244,8.11111111111111
chr1:93114707:+:ATG,2,"['ENST00000540243.5', 'ENST00000545708.5']","[3.0, 3.0]","[0.5, 0.5]",6.0,0.5,1.0
chr1:93346011:+:ACG,2,"['ENST00000370272.9', 'ENST00000370267.1']","[518.0, 13.0]","[0.975517890772128, 0.02448210922787194]",531.0,0.975517890772128,39.84615384615385
chr1:93879148:-:ATG,2,"['ENST00000436063.7', 'ENST00000359208.6']","[441.0, 4.0]","[0.9910112359550561, 0.008988764044943821]",445.0,0.9910112359550561,110.25
chr1:93909370:-:GTG,2,"['ENST00000370238.8', 'ENST00000615724.1']","[83.0, 73.0]","[0.532051282051282, 0.46794871794871795]",156.0,0.532051282051282,1.1369863013698631
chr1:94418478:+:ATG,2,"['ENST00000370214.9', 'ENST00000315713.5']","[109.0, 19.0]","[0.8515625, 0.1484375]",128.0,0.8515625,5.7368421052631575
chr1:9588930:+:ATG,2,"['ENST00000340305.9', 'ENST00000340381.11']","[31.0, 4.0]","[0.8857142857142857, 0.11428571428571428]",35.0,0.8857142857142857,7.75
chr1:96721864:+:ATG,2,"['ENST00000609116.5', 'ENST00000370197.5']","[39.0, 5.0]","[0.8863636363636364, 0.11363636363636363]",44.0,0.8863636363636364,7.8
chr1:9942735:-:ATG,3,"['ENST00000377223.6', 'ENST00000377213.1', 'ENST00000400903.6']","[186.0, 102.0, 11.0]","[0.6220735785953178, 0.3411371237458194, 0.03678929765886288]",299.0,0.6220735785953178,1.8235294117647058
chr20:1118773:+:ATG,3,"['ENST00000335877.11', 'ENST00000246015.8', 'ENST00000333082.7']","[155.0, 107.0, 3.0]","[0.5849056603773585, 0.4037735849056604, 0.011320754716981131]",265.0,0.5849056603773585,1.4485981308411215
chr20:11918407:+:TTG,3,"['ENST00000254977.7', 'ENST00000378226.7', 'ENST00000618296.4']","[116.0, 10.0, 10.0]","[0.8529411764705882, 0.07352941176470588, 0.07352941176470588]",136.0,0.8529411764705882,11.6
chr20:16731702:+:ATG,2,"['ENST00000377943.9', 'ENST00000246071.8']","[76.0, 64.0]","[0.5428571428571428, 0.45714285714285713]",140.0,0.5428571428571428,1.1875
chr20:17600833:+:AAG,2,"['ENST00000246069.12', 'ENST00000474024.5']","[428.0, 28.0]","[0.9385964912280702, 0.06140350877192982]",456.0,0.9385964912280702,15.285714285714286
chr20:17968425:-:ATG,2,"['ENST00000377768.7', 'ENST00000377759.9']","[159.0, 24.0]","[0.8688524590163934, 0.13114754098360656]",183.0,0.8688524590163934,6.625
chr20:18510835:+:ATG,2,"['ENST00000336714.8', 'ENST00000650089.1']","[40.0, 6.0]","[0.8695652173913043, 0.13043478260869565]",46.0,0.8695652173913043,6.666666666666667
chr20:18588072:+:ATG,2,"['ENST00000377452.4', 'ENST00000494921.2']","[22.0, 7.0]","[0.7586206896551724, 0.2413793103448276]",29.0,0.7586206896551724,3.142857142857143
chr20:20017396:+:ATG,2,"['ENST00000334982.9', 'ENST00000310450.8']","[902.0, 45.0]","[0.9524815205913411, 0.04751847940865892]",947.0,0.9524815205913411,20.044444444444444
chr20:2470690:-:ATG,2,"['ENST00000381342.7', 'ENST00000438552.6']","[4586.0, 3544.0]","[0.5640836408364084, 0.4359163591635916]",8130.0,0.5640836408364084,1.2940180586907448
chr20:2470714:-:ATC,2,"['ENST00000381342.7', 'ENST00000438552.6']","[4586.0, 3544.0]","[0.5640836408364084, 0.4359163591635916]",8130.0,0.5640836408364084,1.2940180586907448
chr20:25206536:+:ATG,2,"['ENST00000360031.6', 'ENST00000376652.9']","[13.0, 5.0]","[0.7222222222222222, 0.2777777777777778]",18.0,0.7222222222222222,2.6
chr20:25207105:+:ATG,3,"['ENST00000360031.6', 'ENST00000354989.10', 'ENST00000376652.9']","[13.0, 9.0, 5.0]","[0.48148148148148145, 0.3333333333333333, 0.18518518518518517]",27.0,0.48148148148148145,1.4444444444444444
chr20:2664188:-:ATG,3,"['ENST00000380843.9', 'ENST00000474315.5', 'ENST00000380851.10']","[323.0, 99.0, 26.0]","[0.7209821428571429, 0.22098214285714285, 0.05803571428571429]",448.0,0.7209821428571429,3.2626262626262625
chr20:2840756:+:CTG,2,"['ENST00000380445.8', 'ENST00000380469.7']","[33.0, 10.0]","[0.7674418604651163, 0.23255813953488372]",43.0,0.7674418604651163,3.3
chr20:2840774:+:ATG,2,"['ENST00000380445.8', 'ENST00000380469.7']","[33.0, 10.0]","[0.7674418604651163, 0.23255813953488372]",43.0,0.7674418604651163,3.3
chr20:31514464:+:GTG,3,"['ENST00000340852.9', 'ENST00000498035.5', 'ENST00000398174.9']","[735.0, 49.0, 12.0]","[0.9233668341708543, 0.06155778894472362, 0.01507537688442211]",796.0,0.9233668341708543,15.0
chr20:31514506:+:CTG,3,"['ENST00000340852.9', 'ENST00000498035.5', 'ENST00000398174.9']","[735.0, 49.0, 12.0]","[0.9233668341708543, 0.06155778894472362, 0.01507537688442211]",796.0,0.9233668341708543,15.0
chr20:31514521:+:CTG,3,"['ENST00000340852.9', 'ENST00000498035.5', 'ENST00000398174.9']","[735.0, 49.0, 12.0]","[0.9233668341708543, 0.06155778894472362, 0.01507537688442211]",796.0,0.9233668341708543,15.0
chr20:31514551:+:ATG,3,"['ENST00000340852.9', 'ENST00000498035.5', 'ENST00000398174.9']","[735.0, 49.0, 12.0]","[0.9233668341708543, 0.06155778894472362, 0.01507537688442211]",796.0,0.9233668341708543,15.0
chr20:31547503:+:ATG,2,"['ENST00000394552.4', 'ENST00000464508.2']","[7.0, 5.0]","[0.5833333333333334, 0.4166666666666667]",12.0,0.5833333333333334,1.4
chr20:3209551:+:ATG,2,"['ENST00000380113.8', 'ENST00000399838.3']","[525.0, 10.0]","[0.9813084112149533, 0.018691588785046728]",535.0,0.9813084112149533,52.5
chr20:3215296:+:AAG,2,"['ENST00000380113.8', 'ENST00000399838.3']","[525.0, 10.0]","[0.9813084112149533, 0.018691588785046728]",535.0,0.9813084112149533,52.5
chr20:32207941:+:ATG,2,"['ENST00000375749.8', 'ENST00000375730.3']","[103.0, 3.0]","[0.9716981132075472, 0.02830188679245283]",106.0,0.9716981132075472,34.333333333333336
chr20:32207974:+:GTG,2,"['ENST00000375749.8', 'ENST00000375730.3']","[103.0, 3.0]","[0.9716981132075472, 0.02830188679245283]",106.0,0.9716981132075472,34.333333333333336
chr20:32743391:-:ATG,2,"['ENST00000278980.11', 'ENST00000446419.6']","[17.0, 4.0]","[0.8095238095238095, 0.19047619047619047]",21.0,0.8095238095238095,4.25
chr20:349270:+:AGG,4,"['ENST00000382291.7', 'ENST00000382285.7', 'ENST00000492242.6', 'ENST00000470439.6']","[118.0, 4.0, 4.0, 3.0]","[0.9147286821705426, 0.031007751937984496, 0.031007751937984496, 0.023255813953488372]",129.0,0.9147286821705426,29.5
chr20:349333:+:GTG,4,"['ENST00000382291.7', 'ENST00000382285.7', 'ENST00000492242.6', 'ENST00000470439.6']","[118.0, 4.0, 4.0, 3.0]","[0.9147286821705426, 0.031007751937984496, 0.031007751937984496, 0.023255813953488372]",129.0,0.9147286821705426,29.5
chr20:35374184:-:AGG,2,"['ENST00000374385.10', 'ENST00000374380.6']","[108.0, 4.0]","[0.9642857142857143, 0.03571428571428571]",112.0,0.9642857142857143,27.0
chr20:35411963:-:ATG,3,"['ENST00000374385.10', 'ENST00000397554.5', 'ENST00000374380.6']","[108.0, 60.0, 4.0]","[0.627906976744186, 0.3488372093023256, 0.023255813953488372]",172.0,0.627906976744186,1.8
chr20:35542097:+:ATG,2,"['ENST00000348547.7', 'ENST00000357394.8']","[1860.0, 4.0]","[0.9978540772532188, 0.002145922746781116]",1864.0,0.9978540772532188,465.0
chr20:35632851:-:AAG,3,"['ENST00000397443.7', 'ENST00000437340.5', 'ENST00000412056.5']","[216.0, 18.0, 5.0]","[0.9037656903765691, 0.07531380753138076, 0.02092050209205021]",239.0,0.9037656903765691,12.0
chr20:35632923:-:ATG,3,"['ENST00000397443.7', 'ENST00000437340.5', 'ENST00000412056.5']","[216.0, 18.0, 5.0]","[0.9037656903765691, 0.07531380753138076, 0.02092050209205021]",239.0,0.9037656903765691,12.0
chr20:35655322:-:ATG,3,"['ENST00000374114.8', 'ENST00000374104.7', 'ENST00000424458.5']","[90.0, 18.0, 5.0]","[0.7964601769911505, 0.1592920353982301, 0.04424778761061947]",113.0,0.7964601769911505,5.0
chr20:35699632:+:ATG,3,"['ENST00000374077.8', 'ENST00000374078.5', 'ENST00000336695.4']","[2888.0, 2224.0, 175.0]","[0.546245507849442, 0.42065443540760356, 0.033100056742954416]",5287.0,0.546245507849442,1.2985611510791366
chr20:35699644:+:GTG,2,"['ENST00000374078.5', 'ENST00000336695.4']","[2224.0, 175.0]","[0.9270529387244685, 0.07294706127553147]",2399.0,0.9270529387244685,12.708571428571428
chr20:35740862:-:ATT,6,"['ENST00000361162.10', 'ENST00000403542.6', 'ENST00000444878.5', 'ENST00000453310.5', 'ENST00000412738.5', 'ENST00000528062.7']","[271.0, 29.0, 25.0, 20.0, 14.0, 5.0]","[0.7445054945054945, 0.07967032967032966, 0.06868131868131869, 0.054945054945054944, 0.038461538461538464, 0.013736263736263736]",364.0,0.7445054945054945,9.344827586206897
chr20:35740874:-:ATG,7,"['ENST00000361162.10', 'ENST00000253363.11', 'ENST00000403542.6', 'ENST00000444878.5', 'ENST00000453310.5', 'ENST00000412738.5', 'ENST00000528062.7']","[271.0, 75.0, 29.0, 25.0, 20.0, 14.0, 5.0]","[0.6173120728929385, 0.17084282460136674, 0.06605922551252848, 0.05694760820045558, 0.04555808656036447, 0.03189066059225513, 0.011389521640091117]",439.0,0.6173120728929385,3.6133333333333333
chr20:35801522:+:ATG,3,"['ENST00000374012.8', 'ENST00000374000.8', 'ENST00000339089.10']","[32.0, 20.0, 3.0]","[0.5818181818181818, 0.36363636363636365, 0.05454545454545454]",55.0,0.5818181818181818,1.6
chr20:36239868:+:ATG,2,"['ENST00000320849.9', 'ENST00000373932.3']","[376.0, 31.0]","[0.9238329238329238, 0.07616707616707617]",407.0,0.9238329238329238,12.129032258064516
chr20:36544884:+:ATG,2,"['ENST00000346786.2', 'ENST00000279022.7']","[211.0, 31.0]","[0.871900826446281, 0.128099173553719]",242.0,0.871900826446281,6.806451612903226
chr20:36612043:+:ATG,3,"['ENST00000558530.1', 'ENST00000483815.5', 'ENST00000342422.3']","[86.0, 6.0, 3.0]","[0.9052631578947369, 0.06315789473684211, 0.031578947368421054]",95.0,0.9052631578947369,14.333333333333334
chr20:36721735:-:ATG,2,"['ENST00000349004.6', 'ENST00000359675.6']","[52.0, 3.0]","[0.9454545454545454, 0.05454545454545454]",55.0,0.9454545454545454,17.333333333333332
chr20:36721771:-:ATT,2,"['ENST00000349004.6', 'ENST00000359675.6']","[52.0, 3.0]","[0.9454545454545454, 0.05454545454545454]",55.0,0.9454545454545454,17.333333333333332
chr20:36771179:-:ATG,3,"['ENST00000373750.9', 'ENST00000448110.6', 'ENST00000426836.5']","[66.0, 26.0, 8.0]","[0.66, 0.26, 0.08]",100.0,0.66,2.5384615384615383
chr20:36771458:-:ATG,2,"['ENST00000373750.9', 'ENST00000426836.5']","[66.0, 8.0]","[0.8918918918918919, 0.10810810810810811]",74.0,0.8918918918918919,8.25
chr20:37095928:-:ATG,2,"['ENST00000373664.8', 'ENST00000344359.7']","[37.0, 6.0]","[0.8604651162790697, 0.13953488372093023]",43.0,0.8604651162790697,6.166666666666667
chr20:37301263:+:ATG,2,"['ENST00000373606.8', 'ENST00000397152.7']","[187.0, 32.0]","[0.8538812785388128, 0.1461187214611872]",219.0,0.8538812785388128,5.84375
chr20:38013816:-:ATG,2,"['ENST00000373447.8', 'ENST00000373448.6']","[123.0, 10.0]","[0.924812030075188, 0.07518796992481203]",133.0,0.924812030075188,12.3
chr20:3822117:+:ATG,2,"['ENST00000615891.2', 'ENST00000379567.6']","[64.0, 20.0]","[0.7619047619047619, 0.23809523809523808]",84.0,0.7619047619047619,3.2
chr20:44885883:+:ACG,2,"['ENST00000353703.9', 'ENST00000372839.7']","[171.0, 36.0]","[0.8260869565217391, 0.17391304347826086]",207.0,0.8260869565217391,4.75
chr20:44901533:+:ATG,2,"['ENST00000353703.9', 'ENST00000372839.7']","[171.0, 36.0]","[0.8260869565217391, 0.17391304347826086]",207.0,0.8260869565217391,4.75
chr20:45416156:+:ATG,6,"['ENST00000279036.12', 'ENST00000279035.14', 'ENST00000638691.2', 'ENST00000543458.7', 'ENST00000640986.1', 'ENST00000372689.9']","[680.0, 84.0, 48.0, 20.0, 5.0, 4.0]","[0.8085612366230678, 0.09988109393579073, 0.057074910820451845, 0.023781212841854936, 0.005945303210463734, 0.0047562425683709865]",841.0,0.8085612366230678,8.095238095238095
chr20:45812695:+:ATG,5,"['ENST00000356455.9', 'ENST00000352551.9', 'ENST00000405520.5', 'ENST00000335046.7', 'ENST00000243893.10']","[4143.0, 205.0, 170.0, 96.0, 46.0]","[0.8890557939914163, 0.043991416309012876, 0.03648068669527897, 0.020600858369098713, 0.009871244635193134]",4660.0,0.8890557939914163,20.209756097560977
chr20:45891568:+:ATG,4,"['ENST00000646241.3', 'ENST00000372484.8', 'ENST00000606788.5', 'ENST00000354880.9']","[394.0, 163.0, 11.0, 5.0]","[0.68760907504363, 0.2844677137870855, 0.019197207678883072, 0.008726003490401396]",573.0,0.68760907504363,2.4171779141104293
chr20:46394482:-:ATG,2,"['ENST00000290246.11', 'ENST00000396391.5']","[18.0, 9.0]","[0.6666666666666666, 0.3333333333333333]",27.0,0.6666666666666666,2.0
chr20:4699220:+:ATG,4,"['ENST00000379440.9', 'ENST00000424424.2', 'ENST00000430350.2', 'ENST00000457586.2']","[291.0, 186.0, 133.0, 10.0]","[0.4693548387096774, 0.3, 0.21451612903225806, 0.016129032258064516]",620.0,0.4693548387096774,1.564516129032258
chr20:4699241:+:ATG,3,"['ENST00000379440.9', 'ENST00000424424.2', 'ENST00000457586.2']","[291.0, 186.0, 10.0]","[0.5975359342915811, 0.38193018480492813, 0.02053388090349076]",487.0,0.5975359342915811,1.564516129032258
chr20:4699244:+:CTG,3,"['ENST00000379440.9', 'ENST00000424424.2', 'ENST00000457586.2']","[291.0, 186.0, 10.0]","[0.5975359342915811, 0.38193018480492813, 0.02053388090349076]",487.0,0.5975359342915811,1.564516129032258
chr20:49154012:-:ATG,5,"['ENST00000360426.8', 'ENST00000371828.7', 'ENST00000437404.2', 'ENST00000347458.9', 'ENST00000371856.7']","[156.0, 78.0, 44.0, 28.0, 7.0]","[0.4984025559105431, 0.24920127795527156, 0.14057507987220447, 0.08945686900958466, 0.022364217252396165]",313.0,0.4984025559105431,2.0
chr20:49154033:-:ATG,4,"['ENST00000360426.8', 'ENST00000371828.7', 'ENST00000437404.2', 'ENST00000347458.9']","[156.0, 78.0, 44.0, 28.0]","[0.5098039215686274, 0.2549019607843137, 0.1437908496732026, 0.0915032679738562]",306.0,0.5098039215686274,2.0
chr20:49174219:-:CTG,3,"['ENST00000360426.8', 'ENST00000371828.7', 'ENST00000437404.2']","[156.0, 78.0, 44.0]","[0.5611510791366906, 0.2805755395683453, 0.15827338129496402]",278.0,0.5611510791366906,2.0
chr20:49275839:-:ATG,3,"['ENST00000396105.6', 'ENST00000371754.8', 'ENST00000371744.5']","[24.0, 13.0, 5.0]","[0.5714285714285714, 0.30952380952380953, 0.11904761904761904]",42.0,0.5714285714285714,1.8461538461538463
chr20:50958514:-:TTG,2,"['ENST00000371588.10', 'ENST00000371582.8']","[949.0, 247.0]","[0.7934782608695652, 0.20652173913043478]",1196.0,0.7934782608695652,3.8421052631578947
chr20:50958523:-:ATG,2,"['ENST00000371588.10', 'ENST00000371582.8']","[949.0, 247.0]","[0.7934782608695652, 0.20652173913043478]",1196.0,0.7934782608695652,3.8421052631578947
chr20:52191636:-:ATG,4,"['ENST00000216923.5', 'ENST00000371515.8', 'ENST00000346617.8', 'ENST00000361387.6']","[33.0, 8.0, 4.0, 3.0]","[0.6875, 0.16666666666666666, 0.08333333333333333, 0.0625]",48.0,0.6875,4.125
chr20:56388173:-:ATT,3,"['ENST00000312783.10', 'ENST00000395914.5', 'ENST00000371356.6']","[65.0, 50.0, 3.0]","[0.5508474576271186, 0.423728813559322, 0.025423728813559324]",118.0,0.5508474576271186,1.3
chr20:56388197:-:ATG,6,"['ENST00000395913.7', 'ENST00000347343.6', 'ENST00000395915.8', 'ENST00000312783.10', 'ENST00000395914.5', 'ENST00000371356.6']","[204.0, 168.0, 153.0, 65.0, 50.0, 3.0]","[0.31726283048211507, 0.26127527216174184, 0.2379471228615863, 0.10108864696734059, 0.07776049766718507, 0.004665629860031105]",643.0,0.31726283048211507,1.2142857142857142
chr20:56390595:-:GTG,2,"['ENST00000312783.10', 'ENST00000395914.5']","[65.0, 50.0]","[0.5652173913043478, 0.43478260869565216]",115.0,0.5652173913043478,1.3
chr20:56395552:+:ATG,3,"['ENST00000217109.9', 'ENST00000415828.5', 'ENST00000452950.1']","[187.0, 5.0, 3.0]","[0.958974358974359, 0.02564102564102564, 0.015384615384615385]",195.0,0.958974358974359,37.4
chr20:56468697:+:ATG,3,"['ENST00000357348.10', 'ENST00000395881.7', 'ENST00000023939.8']","[171.0, 62.0, 21.0]","[0.6732283464566929, 0.2440944881889764, 0.08267716535433071]",254.0,0.6732283464566929,2.7580645161290325
chr20:57351309:+:CTG,2,"['ENST00000395841.7', 'ENST00000527947.5']","[172.0, 10.0]","[0.945054945054945, 0.054945054945054944]",182.0,0.945054945054945,17.2
chr20:5772865:+:ATG,2,"['ENST00000378979.8', 'ENST00000303142.11']","[74.0, 4.0]","[0.9487179487179487, 0.05128205128205128]",78.0,0.9487179487179487,18.5
chr20:58891726:+:ATG,3,"['ENST00000265620.11', 'ENST00000371085.8', 'ENST00000468895.6']","[102.0, 63.0, 23.0]","[0.5425531914893617, 0.3351063829787234, 0.12234042553191489]",188.0,0.5425531914893617,1.619047619047619
chr20:59042730:-:ATG,2,"['ENST00000355937.9', 'ENST00000371033.9']","[535.0, 74.0]","[0.8784893267651889, 0.12151067323481117]",609.0,0.8784893267651889,7.22972972972973
chr20:62387338:+:ATG,2,"['ENST00000343986.9', 'ENST00000450116.6']","[24219.0, 44.0]","[0.9981865391748753, 0.0018134608251246754]",24263.0,0.9981865391748753,550.4318181818181
chr20:62387374:+:GTG,2,"['ENST00000343986.9', 'ENST00000450116.6']","[24219.0, 44.0]","[0.9981865391748753, 0.0018134608251246754]",24263.0,0.9981865391748753,550.4318181818181
chr20:63865365:+:ATG,3,"['ENST00000346249.9', 'ENST00000348257.9', 'ENST00000611972.4']","[292.0, 159.0, 5.0]","[0.6403508771929824, 0.34868421052631576, 0.010964912280701754]",456.0,0.6403508771929824,1.8364779874213837
chr21:17612810:-:CTG,2,"['ENST00000348354.7', 'ENST00000339775.10']","[46.0, 5.0]","[0.9019607843137255, 0.09803921568627451]",51.0,0.9019607843137255,9.2
chr21:25729782:-:AGG,4,"['ENST00000400087.7', 'ENST00000400094.5', 'ENST00000400090.7', 'ENST00000400093.3']","[52.0, 42.0, 28.0, 20.0]","[0.36619718309859156, 0.29577464788732394, 0.19718309859154928, 0.14084507042253522]",142.0,0.36619718309859156,1.2380952380952381
chr21:25729794:-:ATG,5,"['ENST00000284971.8', 'ENST00000400087.7', 'ENST00000400094.5', 'ENST00000400090.7', 'ENST00000400093.3']","[3662.0, 52.0, 42.0, 28.0, 20.0]","[0.96267087276551, 0.013669821240799159, 0.011041009463722398, 0.007360672975814932, 0.005257623554153523]",3804.0,0.96267087276551,70.42307692307692
chr21:33539315:-:ATG,2,"['ENST00000361093.9', 'ENST00000381815.9']","[454.0, 305.0]","[0.5981554677206851, 0.4018445322793149]",759.0,0.5981554677206851,1.4885245901639343
chr21:33539351:-:ATT,2,"['ENST00000361093.9', 'ENST00000381815.9']","[454.0, 305.0]","[0.5981554677206851, 0.4018445322793149]",759.0,0.5981554677206851,1.4885245901639343
chr21:33543092:+:ATG,2,"['ENST00000356577.10', 'ENST00000300278.8']","[366.0, 10.0]","[0.973404255319149, 0.026595744680851064]",376.0,0.973404255319149,36.6
chr21:33718828:+:ATG,3,"['ENST00000399352.5', 'ENST00000399349.5', 'ENST00000399338.8']","[16.0, 11.0, 5.0]","[0.5, 0.34375, 0.15625]",32.0,0.5,1.4545454545454546
chr21:37072515:-:ATG,2,"['ENST00000360525.9', 'ENST00000464265.5']","[233.0, 4.0]","[0.9831223628691983, 0.016877637130801686]",237.0,0.9831223628691983,58.25
chr21:39183385:-:ATG,2,"['ENST00000331573.8', 'ENST00000380900.2']","[73.0, 9.0]","[0.8902439024390244, 0.10975609756097561]",82.0,0.8902439024390244,8.11111111111111
chr21:41994083:-:CTG,2,"['ENST00000398511.3', 'ENST00000310826.10']","[22.0, 5.0]","[0.8148148148148148, 0.18518518518518517]",27.0,0.8148148148148148,4.4
chr21:41994095:-:ATG,2,"['ENST00000398511.3', 'ENST00000310826.10']","[22.0, 5.0]","[0.8148148148148148, 0.18518518518518517]",27.0,0.8148148148148148,4.4
chr21:42395998:-:CTG,3,"['ENST00000398397.3', 'ENST00000644384.2', 'ENST00000433957.7']","[74.0, 13.0, 3.0]","[0.8222222222222222, 0.14444444444444443, 0.03333333333333333]",90.0,0.8222222222222222,5.6923076923076925
chr21:42893333:+:ATG,2,"['ENST00000340344.4', 'ENST00000354250.7']","[47.0, 31.0]","[0.6025641025641025, 0.3974358974358974]",78.0,0.6025641025641025,1.5161290322580645
chr21:42896968:+:ACG,2,"['ENST00000340344.4', 'ENST00000354250.7']","[47.0, 31.0]","[0.6025641025641025, 0.3974358974358974]",78.0,0.6025641025641025,1.5161290322580645
chr21:44133697:+:ATG,3,"['ENST00000291577.11', 'ENST00000427803.6', 'ENST00000348499.9']","[15.0, 10.0, 3.0]","[0.5357142857142857, 0.35714285714285715, 0.10714285714285714]",28.0,0.5357142857142857,1.5
chr22:17628635:-:ATG,3,"['ENST00000253413.10', 'ENST00000399796.6', 'ENST00000399798.6']","[295.0, 23.0, 3.0]","[0.9190031152647975, 0.07165109034267912, 0.009345794392523364]",321.0,0.9190031152647975,12.826086956521738
chr22:17655711:+:ATG,6,"['ENST00000317582.10', 'ENST00000493680.5', 'ENST00000399782.5', 'ENST00000399777.2', 'ENST00000337612.9', 'ENST00000498133.5']","[37.0, 37.0, 15.0, 14.0, 6.0, 6.0]","[0.3217391304347826, 0.3217391304347826, 0.13043478260869565, 0.12173913043478261, 0.05217391304347826, 0.05217391304347826]",115.0,0.3217391304347826,1.0
chr22:17743992:-:AGG,2,"['ENST00000399767.6', 'ENST00000622694.5']","[28.0, 24.0]","[0.5384615384615384, 0.46153846153846156]",52.0,0.5384615384615384,1.1666666666666667
chr22:19479085:-:ATG,2,"['ENST00000263202.15', 'ENST00000399523.5']","[214.0, 14.0]","[0.9385964912280702, 0.06140350877192982]",228.0,0.9385964912280702,15.285714285714286
chr22:19479124:-:TTG,2,"['ENST00000263202.15', 'ENST00000399523.5']","[214.0, 14.0]","[0.9385964912280702, 0.06140350877192982]",228.0,0.9385964912280702,15.285714285714286
chr22:19479968:+:ATG,3,"['ENST00000263201.7', 'ENST00000437685.6', 'ENST00000404724.7']","[400.0, 6.0, 3.0]","[0.9779951100244498, 0.014669926650366748, 0.007334963325183374]",409.0,0.9779951100244498,66.66666666666667
chr22:19880678:-:AGG,4,"['ENST00000462330.5', 'ENST00000400518.5', 'ENST00000474308.5', 'ENST00000485358.5']","[1286.0, 7.0, 7.0, 3.0]","[0.9869531849577897, 0.005372217958557176, 0.005372217958557176, 0.0023023791250959325]",1303.0,0.9869531849577897,183.71428571428572
chr22:19881089:-:ATG,2,"['ENST00000462330.5', 'ENST00000485358.5']","[1286.0, 3.0]","[0.9976726144297905, 0.0023273855702094647]",1289.0,0.9976726144297905,428.6666666666667
chr22:19961268:+:CTG,3,"['ENST00000406520.7', 'ENST00000361682.11', 'ENST00000403184.5']","[751.0, 33.0, 3.0]","[0.9542566709021602, 0.04193138500635324, 0.0038119440914866584]",787.0,0.9542566709021602,22.757575757575758
chr22:19962526:+:ATG,3,"['ENST00000406520.7', 'ENST00000361682.11', 'ENST00000403184.5']","[751.0, 33.0, 3.0]","[0.9542566709021602, 0.04193138500635324, 0.0038119440914866584]",787.0,0.9542566709021602,22.757575757575758
chr22:20021122:+:GTG,2,"['ENST00000398042.6', 'ENST00000456048.5']","[11.0, 11.0]","[0.5, 0.5]",22.0,0.5,1.0
chr22:20036798:+:ATG,2,"['ENST00000398042.6', 'ENST00000327374.9']","[11.0, 4.0]","[0.7333333333333333, 0.26666666666666666]",15.0,0.7333333333333333,2.75
chr22:20061555:+:CTG,3,"['ENST00000398042.6', 'ENST00000456048.5', 'ENST00000327374.9']","[11.0, 11.0, 4.0]","[0.4230769230769231, 0.4230769230769231, 0.15384615384615385]",26.0,0.4230769230769231,1.0
chr22:21567744:+:ATG,2,"['ENST00000342192.9', 'ENST00000545681.2']","[515.0, 13.0]","[0.9753787878787878, 0.02462121212121212]",528.0,0.9753787878787878,39.61538461538461
chr22:21610874:+:AAG,2,"['ENST00000342192.9', 'ENST00000545681.2']","[515.0, 13.0]","[0.9753787878787878, 0.02462121212121212]",528.0,0.9753787878787878,39.61538461538461
chr22:21666099:+:ATG,2,"['ENST00000398831.8', 'ENST00000626352.2']","[23.0, 14.0]","[0.6216216216216216, 0.3783783783783784]",37.0,0.6216216216216216,1.6428571428571428
chr22:21975709:-:ATG,2,"['ENST00000357179.10', 'ENST00000398793.6']","[17.0, 5.0]","[0.7727272727272727, 0.22727272727272727]",22.0,0.7727272727272727,3.4
chr22:22556832:-:ATG,3,"['ENST00000398743.6', 'ENST00000405655.8', 'ENST00000543184.5']","[174.0, 110.0, 4.0]","[0.6041666666666666, 0.3819444444444444, 0.013888888888888888]",288.0,0.6041666666666666,1.5818181818181818
chr22:24035517:+:ATG,2,"['ENST00000445422.5', 'ENST00000454754.5']","[7.0, 3.0]","[0.7, 0.3]",10.0,0.7,2.3333333333333335
chr22:24270912:+:CTG,2,"['ENST00000421374.5', 'ENST00000437398.5']","[22.0, 12.0]","[0.6470588235294118, 0.35294117647058826]",34.0,0.6470588235294118,1.8333333333333333
chr22:24302210:+:ATC,2,"['ENST00000437398.5', 'ENST00000314328.14']","[12.0, 10.0]","[0.5454545454545454, 0.45454545454545453]",22.0,0.5454545454545454,1.2
chr22:24302231:+:ATG,3,"['ENST00000421374.5', 'ENST00000437398.5', 'ENST00000314328.14']","[22.0, 12.0, 10.0]","[0.5, 0.2727272727272727, 0.22727272727272727]",44.0,0.5,1.8333333333333333
chr22:24548927:-:ATG,2,"['ENST00000621833.4', 'ENST00000435822.6']","[41.0, 7.0]","[0.8541666666666666, 0.14583333333333334]",48.0,0.8541666666666666,5.857142857142857
chr22:27919191:-:ATG,2,"['ENST00000335272.10', 'ENST00000320996.14']","[837.0, 20.0]","[0.9766627771295215, 0.023337222870478413]",857.0,0.9766627771295215,41.85
chr22:28734721:-:ATG,2,"['ENST00000404276.6', 'ENST00000382580.6']","[81.0, 10.0]","[0.8901098901098901, 0.10989010989010989]",91.0,0.8901098901098901,8.1
chr22:28742095:+:ATG,2,"['ENST00000216027.8', 'ENST00000398941.6']","[157.0, 61.0]","[0.7201834862385321, 0.2798165137614679]",218.0,0.7201834862385321,2.5737704918032787
chr22:29268336:+:ATG,4,"['ENST00000406548.5', 'ENST00000397938.7', 'ENST00000333395.11', 'ENST00000332035.10']","[619.0, 126.0, 10.0, 9.0]","[0.8102094240837696, 0.1649214659685864, 0.013089005235602094, 0.011780104712041885]",764.0,0.8102094240837696,4.912698412698413
chr22:29767398:+:ATG,2,"['ENST00000330029.6', 'ENST00000401406.3']","[1133.0, 297.0]","[0.7923076923076923, 0.2076923076923077]",1430.0,0.7923076923076923,3.814814814814815
chr22:31160246:+:TTG,2,"['ENST00000326132.11', 'ENST00000266252.8']","[112.0, 5.0]","[0.9572649572649573, 0.042735042735042736]",117.0,0.9572649572649573,22.4
chr22:35264715:+:ATG,2,"['ENST00000418170.5', 'ENST00000216106.6']","[47.0, 10.0]","[0.8245614035087719, 0.17543859649122806]",57.0,0.8245614035087719,4.7
chr22:35299928:+:ATG,2,"['ENST00000449058.7', 'ENST00000411850.5']","[35.0, 10.0]","[0.7777777777777778, 0.2222222222222222]",45.0,0.7777777777777778,3.5
chr22:35381173:+:ATG,2,"['ENST00000216117.9', 'ENST00000481190.2']","[290.0, 7.0]","[0.9764309764309764, 0.02356902356902357]",297.0,0.9764309764309764,41.42857142857143
chr22:35809971:-:ATG,2,"['ENST00000405409.6', 'ENST00000695854.1']","[11.0, 9.0]","[0.55, 0.45]",20.0,0.55,1.2222222222222223
chr22:36239475:-:ATC,2,"['ENST00000249066.10', 'ENST00000358502.10']","[49.0, 12.0]","[0.8032786885245902, 0.19672131147540983]",61.0,0.8032786885245902,4.083333333333333
chr22:37188213:-:ATG,2,"['ENST00000397110.6', 'ENST00000337843.7']","[68.0, 60.0]","[0.53125, 0.46875]",128.0,0.53125,1.1333333333333333
chr22:37746237:+:ATG,2,"['ENST00000403663.6', 'ENST00000407319.7']","[15.0, 5.0]","[0.75, 0.25]",20.0,0.75,3.0
chr22:37751789:+:AAG,3,"['ENST00000403663.6', 'ENST00000644935.1', 'ENST00000407319.7']","[15.0, 11.0, 5.0]","[0.4838709677419355, 0.3548387096774194, 0.16129032258064516]",31.0,0.4838709677419355,1.3636363636363635
chr22:37849449:+:ATG,2,"['ENST00000624234.3', 'ENST00000412331.6']","[94.0, 12.0]","[0.8867924528301887, 0.11320754716981132]",106.0,0.8867924528301887,7.833333333333333
chr22:37953787:+:ATG,2,"['ENST00000442738.7', 'ENST00000606538.5']","[233.0, 6.0]","[0.9748953974895398, 0.02510460251046025]",239.0,0.9748953974895398,38.833333333333336
chr22:38468158:+:GTG,2,"['ENST00000216014.9', 'ENST00000409006.3']","[82.0, 28.0]","[0.7454545454545455, 0.2545454545454545]",110.0,0.7454545454545455,2.9285714285714284
chr22:38468170:+:CTG,2,"['ENST00000216014.9', 'ENST00000409006.3']","[82.0, 28.0]","[0.7454545454545455, 0.2545454545454545]",110.0,0.7454545454545455,2.9285714285714284
chr22:38506237:-:CTG,2,"['ENST00000403230.3', 'ENST00000396821.8']","[18.0, 9.0]","[0.6666666666666666, 0.3333333333333333]",27.0,0.6666666666666666,2.0
chr22:40819248:-:ATG,2,"['ENST00000435456.7', 'ENST00000544408.5']","[46.0, 7.0]","[0.8679245283018868, 0.1320754716981132]",53.0,0.8679245283018868,6.571428571428571
chr22:40819302:-:CTG,2,"['ENST00000435456.7', 'ENST00000544408.5']","[46.0, 7.0]","[0.8679245283018868, 0.1320754716981132]",53.0,0.8679245283018868,6.571428571428571
chr22:41281044:-:ATG,2,"['ENST00000356244.8', 'ENST00000455915.6']","[31.0, 4.0]","[0.8857142857142857, 0.11428571428571428]",35.0,0.8857142857142857,7.75
chr22:41622004:+:ATG,3,"['ENST00000360079.8', 'ENST00000359308.8', 'ENST00000402580.7']","[4051.0, 96.0, 6.0]","[0.975439441367686, 0.023115819889236697, 0.0014447387430772936]",4153.0,0.975439441367686,42.197916666666664
chr22:41947076:-:ATG,2,"['ENST00000215980.10', 'ENST00000407253.7']","[766.0, 65.0]","[0.9217809867629362, 0.07821901323706378]",831.0,0.9217809867629362,11.784615384615385
chr22:42079768:+:ATG,2,"['ENST00000331479.4', 'ENST00000422252.1']","[62.0, 34.0]","[0.6458333333333334, 0.3541666666666667]",96.0,0.6458333333333334,1.8235294117647058
chr22:42090744:-:ATG,2,"['ENST00000498737.8', 'ENST00000617763.1']","[261.0, 126.0]","[0.6744186046511628, 0.32558139534883723]",387.0,0.6744186046511628,2.0714285714285716
chr22:42614857:-:ATG,2,"['ENST00000252115.10', 'ENST00000348657.6']","[146.0, 127.0]","[0.5347985347985348, 0.4652014652014652]",273.0,0.5347985347985348,1.1496062992125984
chr22:45502985:+:ATG,3,"['ENST00000262722.11', 'ENST00000327858.11', 'ENST00000442170.6']","[144.0, 10.0, 6.0]","[0.9, 0.0625, 0.0375]",160.0,0.9,14.4
chr22:50508337:+:ATG,3,"['ENST00000395698.7', 'ENST00000299821.15', 'ENST00000420993.7']","[12.0, 7.0, 6.0]","[0.48, 0.28, 0.24]",25.0,0.48,1.7142857142857142
chr2:10122759:+:CTG,2,"['ENST00000304567.10', 'ENST00000360566.6']","[55.0, 35.0]","[0.6111111111111112, 0.3888888888888889]",90.0,0.6111111111111112,1.5714285714285714
chr2:10122798:+:ATG,2,"['ENST00000304567.10', 'ENST00000360566.6']","[55.0, 35.0]","[0.6111111111111112, 0.3888888888888889]",90.0,0.6111111111111112,1.5714285714285714
chr2:105386516:-:ATG,7,"['ENST00000409807.5', 'ENST00000393353.7', 'ENST00000530340.6', 'ENST00000408995.5', 'ENST00000322142.13', 'ENST00000409177.6', 'ENST00000344213.9']","[274.0, 240.0, 192.0, 153.0, 85.0, 56.0, 3.0]","[0.2731804586241276, 0.23928215353938184, 0.1914257228315055, 0.15254237288135594, 0.0847457627118644, 0.05583250249252243, 0.0029910269192422734]",1003.0,0.2731804586241276,1.1416666666666666
chr2:106194190:-:ATG,2,"['ENST00000283148.12', 'ENST00000409501.7']","[48.0, 15.0]","[0.7619047619047619, 0.23809523809523808]",63.0,0.7619047619047619,3.2
chr2:106194241:-:ATG,2,"['ENST00000283148.12', 'ENST00000409501.7']","[48.0, 15.0]","[0.7619047619047619, 0.23809523809523808]",63.0,0.7619047619047619,3.2
chr2:108786822:+:ATG,2,"['ENST00000295124.9', 'ENST00000412964.6']","[15.0, 6.0]","[0.7142857142857143, 0.2857142857142857]",21.0,0.7142857142857143,2.5
chr2:109613827:-:ATG,3,"['ENST00000397712.7', 'ENST00000397714.6', 'ENST00000356688.8']","[23.0, 10.0, 3.0]","[0.6388888888888888, 0.2777777777777778, 0.08333333333333333]",36.0,0.6388888888888888,2.3
chr2:109613845:-:GTG,3,"['ENST00000397712.7', 'ENST00000397714.6', 'ENST00000356688.8']","[23.0, 10.0, 3.0]","[0.6388888888888888, 0.2777777777777778, 0.08333333333333333]",36.0,0.6388888888888888,2.3
chr2:112542494:+:ATG,4,"['ENST00000263331.10', 'ENST00000333990.10', 'ENST00000541869.5', 'ENST00000448770.5']","[39.0, 33.0, 33.0, 9.0]","[0.34210526315789475, 0.2894736842105263, 0.2894736842105263, 0.07894736842105263]",114.0,0.34210526315789475,1.1818181818181819
chr2:112584647:+:ATG,2,"['ENST00000324913.10', 'ENST00000409719.1']","[605.0, 10.0]","[0.983739837398374, 0.016260162601626018]",615.0,0.983739837398374,60.5
chr2:112764595:-:GTG,2,"['ENST00000302450.11', 'ENST00000435431.5']","[71.0, 7.0]","[0.9102564102564102, 0.08974358974358974]",78.0,0.9102564102564102,10.142857142857142
chr2:112764598:-:ATG,2,"['ENST00000302450.11', 'ENST00000435431.5']","[71.0, 7.0]","[0.9102564102564102, 0.08974358974358974]",78.0,0.9102564102564102,10.142857142857142
chr2:119339959:-:ATG,2,"['ENST00000334816.12', 'ENST00000409466.6']","[71.0, 3.0]","[0.9594594594594594, 0.04054054054054054]",74.0,0.9594594594594594,23.666666666666668
chr2:119680853:+:ATG,4,"['ENST00000272521.7', 'ENST00000401466.5', 'ENST00000424086.5', 'ENST00000445518.1']","[148.0, 81.0, 57.0, 3.0]","[0.5121107266435986, 0.28027681660899656, 0.1972318339100346, 0.010380622837370242]",289.0,0.5121107266435986,1.8271604938271604
chr2:120278664:+:ATG,3,"['ENST00000272519.10', 'ENST00000420510.5', 'ENST00000412383.5']","[156.0, 8.0, 3.0]","[0.9341317365269461, 0.04790419161676647, 0.017964071856287425]",167.0,0.9341317365269461,19.5
chr2:121736850:-:ATG,2,"['ENST00000285814.9', 'ENST00000451734.1']","[414.0, 29.0]","[0.9345372460496614, 0.0654627539503386]",443.0,0.9345372460496614,14.275862068965518
chr2:121755734:+:TTG,2,"['ENST00000389682.8', 'ENST00000536142.5']","[328.0, 5.0]","[0.984984984984985, 0.015015015015015015]",333.0,0.984984984984985,65.6
chr2:126656263:+:ATG,2,"['ENST00000259254.9', 'ENST00000409836.3']","[72.0, 13.0]","[0.8470588235294118, 0.15294117647058825]",85.0,0.8470588235294118,5.538461538461538
chr2:127858100:-:ATG,2,"['ENST00000272645.9', 'ENST00000409955.1']","[143.0, 6.0]","[0.959731543624161, 0.040268456375838924]",149.0,0.959731543624161,23.833333333333332
chr2:130181563:-:ATC,3,"['ENST00000351288.10', 'ENST00000680298.1', 'ENST00000409031.5']","[58.0, 12.0, 8.0]","[0.7435897435897436, 0.15384615384615385, 0.10256410256410256]",78.0,0.7435897435897436,4.833333333333333
chr2:130181575:-:ATG,3,"['ENST00000351288.10', 'ENST00000680298.1', 'ENST00000409031.5']","[58.0, 12.0, 8.0]","[0.7435897435897436, 0.15384615384615385, 0.10256410256410256]",78.0,0.7435897435897436,4.833333333333333
chr2:130181601:-:ATG,2,"['ENST00000351288.10', 'ENST00000409031.5']","[58.0, 8.0]","[0.8787878787878788, 0.12121212121212122]",66.0,0.8787878787878788,7.25
chr2:130342125:-:ATG,2,"['ENST00000259229.7', 'ENST00000442217.5']","[22.0, 8.0]","[0.7333333333333333, 0.26666666666666666]",30.0,0.7333333333333333,2.75
chr2:131105364:+:GTG,5,"['ENST00000693505.1', 'ENST00000409158.5', 'ENST00000234115.10', 'ENST00000403716.5', 'ENST00000439822.6']","[182.0, 143.0, 43.0, 15.0, 5.0]","[0.4690721649484536, 0.36855670103092786, 0.11082474226804123, 0.03865979381443299, 0.01288659793814433]",388.0,0.4690721649484536,1.2727272727272727
chr2:131120941:+:ATG,5,"['ENST00000693505.1', 'ENST00000409158.5', 'ENST00000234115.10', 'ENST00000403716.5', 'ENST00000439822.6']","[182.0, 143.0, 43.0, 15.0, 5.0]","[0.4690721649484536, 0.36855670103092786, 0.11082474226804123, 0.03865979381443299, 0.01288659793814433]",388.0,0.4690721649484536,1.2727272727272727
chr2:135052307:+:ATG,2,"['ENST00000264158.13', 'ENST00000425393.1']","[30.0, 14.0]","[0.6818181818181818, 0.3181818181818182]",44.0,0.6818181818181818,2.142857142857143
chr2:137964491:+:ATG,3,"['ENST00000280096.5', 'ENST00000280097.5', 'ENST00000329366.8']","[292.0, 114.0, 5.0]","[0.7104622871046229, 0.2773722627737226, 0.012165450121654502]",411.0,0.7104622871046229,2.56140350877193
chr2:142885367:+:ATG,4,"['ENST00000264170.9', 'ENST00000410015.6', 'ENST00000375773.6', 'ENST00000409512.5']","[1011.0, 146.0, 19.0, 15.0]","[0.8488664987405542, 0.12258606213266163, 0.01595298068849706, 0.012594458438287154]",1191.0,0.8488664987405542,6.924657534246576
chr2:149587097:-:ATG,2,"['ENST00000303319.10', 'ENST00000428879.5']","[2481.0, 58.0]","[0.9771563607719574, 0.022843639228042535]",2539.0,0.9771563607719574,42.775862068965516
chr2:150487372:-:ATG,2,"['ENST00000375734.6', 'ENST00000263895.9']","[326.0, 187.0]","[0.6354775828460039, 0.3645224171539961]",513.0,0.6354775828460039,1.7433155080213905
chr2:150487417:-:ATG,2,"['ENST00000375734.6', 'ENST00000263895.9']","[326.0, 187.0]","[0.6354775828460039, 0.3645224171539961]",513.0,0.6354775828460039,1.7433155080213905
chr2:152717394:-:ATG,2,"['ENST00000545856.8', 'ENST00000493468.7']","[10.0, 8.0]","[0.5555555555555556, 0.4444444444444444]",18.0,0.5555555555555556,1.25
chr2:152717439:-:ATG,2,"['ENST00000545856.8', 'ENST00000493468.7']","[10.0, 8.0]","[0.5555555555555556, 0.4444444444444444]",18.0,0.5555555555555556,1.25
chr2:156476105:+:ATG,2,"['ENST00000310454.10', 'ENST00000438166.7']","[39.0, 33.0]","[0.5416666666666666, 0.4583333333333333]",72.0,0.5416666666666666,1.1818181818181819
chr2:158533184:+:ATG,2,"['ENST00000421462.5', 'ENST00000426248.7']","[42.0, 10.0]","[0.8076923076923077, 0.19230769230769232]",52.0,0.8076923076923077,4.2
chr2:161179642:+:ATG,4,"['ENST00000403609.1', 'ENST00000259075.6', 'ENST00000392749.7', 'ENST00000440506.5']","[22.0, 15.0, 7.0, 6.0]","[0.44, 0.3, 0.14, 0.12]",50.0,0.44,1.4666666666666666
chr2:161179662:+:ATG,4,"['ENST00000403609.1', 'ENST00000259075.6', 'ENST00000392749.7', 'ENST00000440506.5']","[22.0, 15.0, 7.0, 6.0]","[0.44, 0.3, 0.14, 0.12]",50.0,0.44,1.4666666666666666
chr2:169800960:+:ATG,2,"['ENST00000260956.9', 'ENST00000409333.1']","[1625.0, 14.0]","[0.9914582062233069, 0.008541793776693106]",1639.0,0.9914582062233069,116.07142857142857
chr2:171687585:+:CTG,3,"['ENST00000340296.8', 'ENST00000508530.5', 'ENST00000410079.7']","[222.0, 12.0, 3.0]","[0.9367088607594937, 0.05063291139240506, 0.012658227848101266]",237.0,0.9367088607594937,18.5
chr2:171922500:+:ATG,2,"['ENST00000264108.5', 'ENST00000457761.6']","[270.0, 4.0]","[0.9854014598540146, 0.014598540145985401]",274.0,0.9854014598540146,67.5
chr2:173091031:+:ATG,2,"['ENST00000338983.7', 'ENST00000539448.5']","[122.0, 32.0]","[0.7922077922077922, 0.2077922077922078]",154.0,0.7922077922077922,3.8125
chr2:173354963:+:ATG,2,"['ENST00000347703.7', 'ENST00000306721.8']","[284.0, 13.0]","[0.9562289562289562, 0.04377104377104377]",297.0,0.9562289562289562,21.846153846153847
chr2:174229432:-:GTG,2,"['ENST00000284719.8', 'ENST00000344357.9']","[140.0, 103.0]","[0.5761316872427984, 0.42386831275720166]",243.0,0.5761316872427984,1.3592233009708738
chr2:175181393:-:ATG,3,"['ENST00000284727.9', 'ENST00000392541.3', 'ENST00000409194.5']","[746.0, 135.0, 20.0]","[0.827968923418424, 0.14983351831298558, 0.022197558268590455]",901.0,0.827968923418424,5.525925925925926
chr2:175181444:-:ACG,3,"['ENST00000284727.9', 'ENST00000392541.3', 'ENST00000409194.5']","[746.0, 135.0, 20.0]","[0.827968923418424, 0.14983351831298558, 0.022197558268590455]",901.0,0.827968923418424,5.525925925925926
chr2:17759943:+:ATG,2,"['ENST00000381254.7', 'ENST00000317402.11']","[7.0, 5.0]","[0.5833333333333334, 0.4166666666666667]",12.0,0.5833333333333334,1.4
chr2:181892066:+:ATG,3,"['ENST00000431877.7', 'ENST00000409001.5', 'ENST00000320370.11']","[28.0, 18.0, 9.0]","[0.509090909090909, 0.32727272727272727, 0.16363636363636364]",55.0,0.509090909090909,1.5555555555555556
chr2:187503756:-:ATG,4,"['ENST00000339091.8', 'ENST00000409676.5', 'ENST00000453013.5', 'ENST00000417013.5']","[176.0, 52.0, 5.0, 3.0]","[0.7457627118644068, 0.22033898305084745, 0.0211864406779661, 0.012711864406779662]",236.0,0.7457627118644068,3.3846153846153846
chr2:187503768:-:ATG,5,"['ENST00000233156.9', 'ENST00000339091.8', 'ENST00000409676.5', 'ENST00000453013.5', 'ENST00000417013.5']","[306.0, 176.0, 52.0, 5.0, 3.0]","[0.5645756457564576, 0.3247232472324723, 0.0959409594095941, 0.00922509225092251, 0.005535055350553505]",542.0,0.5645756457564576,1.7386363636363635
chr2:187554364:-:TTG,2,"['ENST00000409676.5', 'ENST00000417013.5']","[52.0, 3.0]","[0.9454545454545454, 0.05454545454545454]",55.0,0.9454545454545454,17.333333333333332
chr2:189782547:-:ATG,2,"['ENST00000392350.7', 'ENST00000392349.9']","[125.0, 49.0]","[0.7183908045977011, 0.28160919540229884]",174.0,0.7183908045977011,2.5510204081632653
chr2:189782595:-:ATG,2,"['ENST00000392350.7', 'ENST00000392349.9']","[125.0, 49.0]","[0.7183908045977011, 0.28160919540229884]",174.0,0.7183908045977011,2.5510204081632653
chr2:195680042:+:ATG,2,"['ENST00000359634.10', 'ENST00000409086.7']","[61.0, 35.0]","[0.6354166666666666, 0.3645833333333333]",96.0,0.6354166666666666,1.7428571428571429
chr2:195680118:+:ATG,2,"['ENST00000359634.10', 'ENST00000409086.7']","[61.0, 35.0]","[0.6354166666666666, 0.3645833333333333]",96.0,0.6354166666666666,1.7428571428571429
chr2:196799611:-:ATG,2,"['ENST00000263956.8', 'ENST00000409364.3']","[20.0, 3.0]","[0.8695652173913043, 0.13043478260869565]",23.0,0.8695652173913043,6.666666666666667
chr2:196926616:-:ATG,2,"['ENST00000354764.9', 'ENST00000409475.5']","[13.0, 4.0]","[0.7647058823529411, 0.23529411764705882]",17.0,0.7647058823529411,3.25
chr2:197434999:-:ATG,3,"['ENST00000335508.11', 'ENST00000414963.2', 'ENST00000487698.5']","[169.0, 11.0, 7.0]","[0.9037433155080213, 0.058823529411764705, 0.0374331550802139]",187.0,0.9037433155080213,15.363636363636363
chr2:200329448:+:CTG,2,"['ENST00000360760.9', 'ENST00000409988.7']","[15.0, 10.0]","[0.6, 0.4]",25.0,0.6,1.5
chr2:200507016:-:ATG,2,"['ENST00000409157.5', 'ENST00000359878.8']","[9.0, 6.0]","[0.6, 0.4]",15.0,0.6,1.5
chr2:200532975:+:ATG,2,"['ENST00000357799.9', 'ENST00000409203.3']","[45.0, 16.0]","[0.7377049180327869, 0.26229508196721313]",61.0,0.7377049180327869,2.8125
chr2:200813217:+:ATG,2,"['ENST00000409600.6', 'ENST00000419090.1']","[630.0, 7.0]","[0.989010989010989, 0.01098901098901099]",637.0,0.989010989010989,90.0
chr2:200813229:+:AAG,2,"['ENST00000452790.6', 'ENST00000419090.1']","[32.0, 7.0]","[0.8205128205128205, 0.1794871794871795]",39.0,0.8205128205128205,4.571428571428571
chr2:200861862:-:ATG,2,"['ENST00000321356.9', 'ENST00000432425.5']","[40.0, 36.0]","[0.5263157894736842, 0.47368421052631576]",76.0,0.5263157894736842,1.1111111111111112
chr2:200864584:-:TTG,2,"['ENST00000321356.9', 'ENST00000432425.5']","[40.0, 36.0]","[0.5263157894736842, 0.47368421052631576]",76.0,0.5263157894736842,1.1111111111111112
chr2:200887615:-:ATG,2,"['ENST00000392283.9', 'ENST00000286175.12']","[27.0, 3.0]","[0.9, 0.1]",30.0,0.9,9.0
chr2:200891943:+:ATG,2,"['ENST00000409020.6', 'ENST00000409588.1']","[100.0, 3.0]","[0.970873786407767, 0.02912621359223301]",103.0,0.970873786407767,33.333333333333336
chr2:200892024:+:ATG,3,"['ENST00000409020.6', 'ENST00000359683.8', 'ENST00000409588.1']","[100.0, 57.0, 3.0]","[0.625, 0.35625, 0.01875]",160.0,0.625,1.7543859649122806
chr2:203239062:+:ATG,2,"['ENST00000356079.9', 'ENST00000429815.6']","[131.0, 17.0]","[0.8851351351351351, 0.11486486486486487]",148.0,0.8851351351351351,7.705882352941177
chr2:20327318:-:ATG,2,"['ENST00000361078.7', 'ENST00000338086.9']","[8.0, 6.0]","[0.5714285714285714, 0.42857142857142855]",14.0,0.5714285714285714,1.3333333333333333
chr2:20327360:-:ATG,2,"['ENST00000361078.7', 'ENST00000338086.9']","[8.0, 6.0]","[0.5714285714285714, 0.42857142857142855]",14.0,0.5714285714285714,1.3333333333333333
chr2:206153678:-:ATG,2,"['ENST00000233190.11', 'ENST00000449699.5']","[265.0, 13.0]","[0.9532374100719424, 0.046762589928057555]",278.0,0.9532374100719424,20.384615384615383
chr2:20651063:-:ATG,2,"['ENST00000304031.8', 'ENST00000406618.3']","[14.0, 13.0]","[0.5185185185185185, 0.48148148148148145]",27.0,0.5185185185185185,1.0769230769230769
chr2:206766693:+:ATG,2,"['ENST00000236980.10', 'ENST00000402774.8']","[79.0, 55.0]","[0.5895522388059702, 0.41044776119402987]",134.0,0.5895522388059702,1.4363636363636363
chr2:206766741:+:ATG,2,"['ENST00000236980.10', 'ENST00000402774.8']","[79.0, 55.0]","[0.5895522388059702, 0.41044776119402987]",134.0,0.5895522388059702,1.4363636363636363
chr2:207624375:-:ATG,2,"['ENST00000406927.6', 'ENST00000411432.6']","[34.0, 33.0]","[0.5074626865671642, 0.4925373134328358]",67.0,0.5074626865671642,1.0303030303030303
chr2:20801463:-:ATG,3,"['ENST00000237822.8', 'ENST00000435420.6', 'ENST00000440866.6']","[22.0, 3.0, 3.0]","[0.7857142857142857, 0.10714285714285714, 0.10714285714285714]",28.0,0.7857142857142857,7.333333333333333
chr2:208251551:-:ATG,3,"['ENST00000345146.7', 'ENST00000415913.5', 'ENST00000446179.5']","[256.0, 9.0, 9.0]","[0.9343065693430657, 0.032846715328467155, 0.032846715328467155]",274.0,0.9343065693430657,28.444444444444443
chr2:208271519:+:ATG,2,"['ENST00000452564.1', 'ENST00000264380.9']","[13.0, 3.0]","[0.8125, 0.1875]",16.0,0.8125,4.333333333333333
chr2:208271534:+:AAG,2,"['ENST00000452564.1', 'ENST00000264380.9']","[13.0, 3.0]","[0.8125, 0.1875]",16.0,0.8125,4.333333333333333
chr2:210476396:-:ATG,3,"['ENST00000450366.7', 'ENST00000233714.8', 'ENST00000448951.6']","[103.0, 30.0, 7.0]","[0.7357142857142858, 0.21428571428571427, 0.05]",140.0,0.7357142857142858,3.433333333333333
chr2:210556733:+:ATG,2,"['ENST00000233072.10', 'ENST00000430249.7']","[1316.0, 7.0]","[0.9947089947089947, 0.005291005291005291]",1323.0,0.9947089947089947,188.0
chr2:216414704:+:ATG,3,"['ENST00000357276.9', 'ENST00000358207.9', 'ENST00000430374.6']","[33.0, 10.0, 6.0]","[0.673469387755102, 0.20408163265306123, 0.12244897959183673]",49.0,0.673469387755102,3.3
chr2:218217470:+:ATG,2,"['ENST00000315717.10', 'ENST00000295685.14']","[302.0, 49.0]","[0.8603988603988604, 0.1396011396011396]",351.0,0.8603988603988604,6.163265306122449
chr2:218270086:-:ATG,2,"['ENST00000248450.9', 'ENST00000444053.5']","[565.0, 252.0]","[0.6915544675642595, 0.3084455324357405]",817.0,0.6915544675642595,2.242063492063492
chr2:218558653:-:ATG,2,"['ENST00000258399.8', 'ENST00000454775.5']","[16.0, 4.0]","[0.8, 0.2]",20.0,0.8,4.0
chr2:218568954:+:ATG,2,"['ENST00000295701.9', 'ENST00000273064.11']","[80.0, 46.0]","[0.6349206349206349, 0.36507936507936506]",126.0,0.6349206349206349,1.7391304347826086
chr2:218660987:+:ATG,4,"['ENST00000359273.8', 'ENST00000392110.6', 'ENST00000392111.7', 'ENST00000412366.5']","[130.0, 54.0, 12.0, 11.0]","[0.6280193236714976, 0.2608695652173913, 0.057971014492753624, 0.05314009661835749]",207.0,0.6280193236714976,2.4074074074074074
chr2:219499975:+:ATG,2,"['ENST00000313597.10', 'ENST00000358215.8']","[48.0, 14.0]","[0.7741935483870968, 0.22580645161290322]",62.0,0.7741935483870968,3.4285714285714284
chr2:227330665:+:ATG,5,"['ENST00000354503.10', 'ENST00000304593.14', 'ENST00000337110.11', 'ENST00000349901.11', 'ENST00000409565.5']","[203.0, 37.0, 14.0, 12.0, 9.0]","[0.7381818181818182, 0.13454545454545455, 0.05090909090909091, 0.04363636363636364, 0.03272727272727273]",275.0,0.7381818181818182,5.486486486486487
chr2:230219935:-:TTG,2,"['ENST00000258382.10', 'ENST00000392048.7']","[33.0, 3.0]","[0.9166666666666666, 0.08333333333333333]",36.0,0.9166666666666666,11.0
chr2:230416296:+:ATG,2,"['ENST00000409341.5', 'ENST00000264052.9']","[28.0, 5.0]","[0.8484848484848485, 0.15151515151515152]",33.0,0.8484848484848485,5.6
chr2:230416326:+:AGG,2,"['ENST00000409341.5', 'ENST00000264052.9']","[28.0, 5.0]","[0.8484848484848485, 0.15151515151515152]",33.0,0.8484848484848485,5.6
chr2:230865025:+:ATG,2,"['ENST00000326427.11', 'ENST00000335005.10']","[47.0, 11.0]","[0.8103448275862069, 0.1896551724137931]",58.0,0.8103448275862069,4.2727272727272725
chr2:231056962:+:CTG,2,"['ENST00000308696.11', 'ENST00000440838.5']","[16.0, 12.0]","[0.5714285714285714, 0.42857142857142855]",28.0,0.5714285714285714,1.3333333333333333
chr2:232550724:+:ATG,3,"['ENST00000258416.8', 'ENST00000409098.5', 'ENST00000409495.6']","[658.0, 31.0, 19.0]","[0.9293785310734464, 0.043785310734463276, 0.026836158192090395]",708.0,0.9293785310734464,21.225806451612904
chr2:232735197:+:ATG,3,"['ENST00000409547.5', 'ENST00000373563.9', 'ENST00000440945.5']","[7.0, 5.0, 5.0]","[0.4117647058823529, 0.29411764705882354, 0.29411764705882354]",17.0,0.4117647058823529,1.4
chr2:240025301:-:ATG,3,"['ENST00000252711.7', 'ENST00000444548.6', 'ENST00000407129.3']","[44.0, 12.0, 11.0]","[0.6567164179104478, 0.1791044776119403, 0.16417910447761194]",67.0,0.6567164179104478,3.6666666666666665
chr2:24084326:-:ATG,2,"['ENST00000335934.8', 'ENST00000238721.9']","[121.0, 74.0]","[0.6205128205128205, 0.37948717948717947]",195.0,0.6205128205128205,1.635135135135135
chr2:241150495:+:ATG,3,"['ENST00000404405.7', 'ENST00000272983.12', 'ENST00000234038.11']","[21.0, 6.0, 4.0]","[0.6774193548387096, 0.1935483870967742, 0.12903225806451613]",31.0,0.6774193548387096,3.5
chr2:241324232:+:ATG,4,"['ENST00000391971.7', 'ENST00000391973.6', 'ENST00000401990.5', 'ENST00000402092.6']","[295.0, 135.0, 18.0, 10.0]","[0.6441048034934498, 0.29475982532751094, 0.039301310043668124, 0.021834061135371178]",458.0,0.6441048034934498,2.185185185185185
chr2:241637714:+:ATG,2,"['ENST00000402096.5', 'ENST00000404914.8']","[14.0, 9.0]","[0.6086956521739131, 0.391304347826087]",23.0,0.6086956521739131,1.5555555555555556
chr2:24793919:+:ATG,2,"['ENST00000380834.7', 'ENST00000260662.2']","[17.0, 6.0]","[0.7391304347826086, 0.2608695652173913]",23.0,0.7391304347826086,2.8333333333333335
chr2:25878448:-:ATG,2,"['ENST00000435504.9', 'ENST00000336112.9']","[66.0, 57.0]","[0.5365853658536586, 0.4634146341463415]",123.0,0.5365853658536586,1.1578947368421053
chr2:26254254:+:ATG,2,"['ENST00000317799.10', 'ENST00000537713.5']","[349.0, 10.0]","[0.9721448467966574, 0.027855153203342618]",359.0,0.9721448467966574,34.9
chr2:27433273:+:ATG,2,"['ENST00000233557.7', 'ENST00000379852.8']","[235.0, 26.0]","[0.9003831417624522, 0.09961685823754789]",261.0,0.9003831417624522,9.038461538461538
chr2:27489644:-:AAG,2,"['ENST00000260570.8', 'ENST00000359466.10']","[11.0, 3.0]","[0.7857142857142857, 0.21428571428571427]",14.0,0.7857142857142857,3.6666666666666665
chr2:27489653:-:ATG,2,"['ENST00000260570.8', 'ENST00000359466.10']","[11.0, 3.0]","[0.7857142857142857, 0.21428571428571427]",14.0,0.7857142857142857,3.6666666666666665
chr2:27894556:+:ATG,4,"['ENST00000379624.6', 'ENST00000342045.6', 'ENST00000344773.6', 'ENST00000361704.6']","[229.0, 30.0, 17.0, 14.0]","[0.7896551724137931, 0.10344827586206896, 0.05862068965517241, 0.04827586206896552]",290.0,0.7896551724137931,7.633333333333334
chr2:28752085:+:TTG,2,"['ENST00000395366.3', 'ENST00000296122.10']","[189.0, 57.0]","[0.7682926829268293, 0.23170731707317074]",246.0,0.7682926829268293,3.3157894736842106
chr2:28752094:+:CTG,2,"['ENST00000395366.3', 'ENST00000296122.10']","[189.0, 57.0]","[0.7682926829268293, 0.23170731707317074]",246.0,0.7682926829268293,3.3157894736842106
chr2:28752097:+:CTG,4,"['ENST00000395366.3', 'ENST00000296122.10', 'ENST00000418910.2', 'ENST00000441461.6']","[189.0, 57.0, 5.0, 5.0]","[0.73828125, 0.22265625, 0.01953125, 0.01953125]",256.0,0.73828125,3.3157894736842106
chr2:28752124:+:ATG,4,"['ENST00000395366.3', 'ENST00000296122.10', 'ENST00000418910.2', 'ENST00000441461.6']","[189.0, 57.0, 5.0, 5.0]","[0.73828125, 0.22265625, 0.01953125, 0.01953125]",256.0,0.73828125,3.3157894736842106
chr2:30156651:+:ATG,2,"['ENST00000261353.9', 'ENST00000379519.7']","[26.0, 16.0]","[0.6190476190476191, 0.38095238095238093]",42.0,0.6190476190476191,1.625
chr2:32010247:-:ATG,3,"['ENST00000295065.9', 'ENST00000404530.6', 'ENST00000426310.6']","[53.0, 22.0, 5.0]","[0.6625, 0.275, 0.0625]",80.0,0.6625,2.409090909090909
chr2:32165900:+:ATG,2,"['ENST00000282587.9', 'ENST00000435660.5']","[26.0, 4.0]","[0.8666666666666667, 0.13333333333333333]",30.0,0.8666666666666667,6.5
chr2:38751343:-:TTG,3,"['ENST00000313117.11', 'ENST00000446327.6', 'ENST00000425778.5']","[465.0, 97.0, 14.0]","[0.8072916666666666, 0.1684027777777778, 0.024305555555555556]",576.0,0.8072916666666666,4.793814432989691
chr2:39779239:-:ATG,2,"['ENST00000378727.8', 'ENST00000505747.6']","[20.0, 9.0]","[0.6896551724137931, 0.3103448275862069]",29.0,0.6896551724137931,2.2222222222222223
chr2:43774138:+:ATG,3,"['ENST00000260605.12', 'ENST00000406852.7', 'ENST00000605786.5']","[48.0, 25.0, 10.0]","[0.5783132530120482, 0.30120481927710846, 0.12048192771084337]",83.0,0.5783132530120482,1.92
chr2:43995947:-:ATG,2,"['ENST00000260665.12', 'ENST00000447246.2']","[5.0, 5.0]","[0.5, 0.5]",10.0,0.5,1.0
chr2:44361974:+:GTG,2,"['ENST00000378494.8', 'ENST00000403853.7']","[37.0, 4.0]","[0.9024390243902439, 0.0975609756097561]",41.0,0.9024390243902439,9.25
chr2:44362007:+:ATG,2,"['ENST00000378494.8', 'ENST00000403853.7']","[37.0, 4.0]","[0.9024390243902439, 0.0975609756097561]",41.0,0.9024390243902439,9.25
chr2:46909165:-:ATG,3,"['ENST00000409973.5', 'ENST00000409207.5', 'ENST00000409218.5']","[29.0, 9.0, 5.0]","[0.6744186046511628, 0.20930232558139536, 0.11627906976744186]",43.0,0.6744186046511628,3.2222222222222223
chr2:46909171:-:ATG,4,"['ENST00000319466.9', 'ENST00000409973.5', 'ENST00000409207.5', 'ENST00000409218.5']","[555.0, 29.0, 9.0, 5.0]","[0.9280936454849499, 0.048494983277591976, 0.015050167224080268, 0.008361204013377926]",598.0,0.9280936454849499,19.137931034482758
chr2:47170740:-:ATT,2,"['ENST00000272298.12', 'ENST00000456319.6']","[428.0, 268.0]","[0.6149425287356322, 0.3850574712643678]",696.0,0.6149425287356322,1.5970149253731343
chr2:48346214:+:ATG,2,"['ENST00000413569.5', 'ENST00000340553.8']","[5.0, 3.0]","[0.625, 0.375]",8.0,0.625,1.6666666666666667
chr2:55922395:-:AAG,2,"['ENST00000394555.6', 'ENST00000355426.8']","[229.0, 64.0]","[0.7815699658703071, 0.21843003412969283]",293.0,0.7815699658703071,3.578125
chr2:55922440:-:ATG,2,"['ENST00000394555.6', 'ENST00000355426.8']","[229.0, 64.0]","[0.7815699658703071, 0.21843003412969283]",293.0,0.7815699658703071,3.578125
chr2:58241313:-:ATG,2,"['ENST00000233741.9', 'ENST00000402135.8']","[66.0, 48.0]","[0.5789473684210527, 0.42105263157894735]",114.0,0.5789473684210527,1.375
chr2:61533885:-:ATG,2,"['ENST00000401558.7', 'ENST00000404992.6']","[127.0, 6.0]","[0.9548872180451128, 0.045112781954887216]",133.0,0.9548872180451128,21.166666666666668
chr2:61533897:-:ATG,2,"['ENST00000401558.7', 'ENST00000404992.6']","[127.0, 6.0]","[0.9548872180451128, 0.045112781954887216]",133.0,0.9548872180451128,21.166666666666668
chr2:61854023:-:GTG,2,"['ENST00000405894.3', 'ENST00000404929.6']","[6.0, 5.0]","[0.5454545454545454, 0.45454545454545453]",11.0,0.5454545454545454,1.2
chr2:61854041:-:ATG,2,"['ENST00000405894.3', 'ENST00000404929.6']","[6.0, 5.0]","[0.5454545454545454, 0.45454545454545453]",11.0,0.5454545454545454,1.2
chr2:63856319:+:ATG,3,"['ENST00000394417.7', 'ENST00000337130.10', 'ENST00000445915.6']","[700.0, 616.0, 5.0]","[0.5299015897047691, 0.4663133989401968, 0.003785011355034065]",1321.0,0.5299015897047691,1.1363636363636365
chr2:65130032:-:TTG,2,"['ENST00000409784.8', 'ENST00000398529.7']","[195.0, 3.0]","[0.9848484848484849, 0.015151515151515152]",198.0,0.9848484848484849,65.0
chr2:65227909:+:ATG,2,"['ENST00000260641.10', 'ENST00000377982.8']","[242.0, 221.0]","[0.5226781857451404, 0.4773218142548596]",463.0,0.5226781857451404,1.0950226244343892
chr2:68157443:-:ATG,3,"['ENST00000406334.3', 'ENST00000295121.11', 'ENST00000409164.1']","[17.0, 15.0, 5.0]","[0.4594594594594595, 0.40540540540540543, 0.13513513513513514]",37.0,0.4594594594594595,1.1333333333333333
chr2:69437422:-:ATG,2,"['ENST00000410022.7', 'ENST00000303698.7']","[328.0, 48.0]","[0.8723404255319149, 0.1276595744680851]",376.0,0.8723404255319149,6.833333333333333
chr2:69781565:+:ATG,2,"['ENST00000394295.6', 'ENST00000409920.5']","[25.0, 14.0]","[0.6410256410256411, 0.358974358974359]",39.0,0.6410256410256411,1.7857142857142858
chr2:69893984:+:ATG,2,"['ENST00000244227.8', 'ENST00000450162.6']","[303.0, 161.0]","[0.6530172413793104, 0.34698275862068967]",464.0,0.6530172413793104,1.8819875776397517
chr2:70248541:-:CTG,2,"['ENST00000433529.7', 'ENST00000415783.6']","[25.0, 17.0]","[0.5952380952380952, 0.40476190476190477]",42.0,0.5952380952380952,1.4705882352941178
chr2:71130665:+:ATG,2,"['ENST00000244230.7', 'ENST00000498451.3']","[241.0, 37.0]","[0.8669064748201439, 0.13309352517985612]",278.0,0.8669064748201439,6.513513513513513
chr2:73385868:+:ATG,2,"['ENST00000484298.5', 'ENST00000613296.6']","[40.0, 6.0]","[0.8695652173913043, 0.13043478260869565]",46.0,0.8695652173913043,6.666666666666667
chr2:73926910:+:ATG,2,"['ENST00000264093.9', 'ENST00000348222.3']","[162.0, 86.0]","[0.6532258064516129, 0.3467741935483871]",248.0,0.6532258064516129,1.8837209302325582
chr2:73926967:+:AAG,2,"['ENST00000264093.9', 'ENST00000348222.3']","[162.0, 86.0]","[0.6532258064516129, 0.3467741935483871]",248.0,0.6532258064516129,1.8837209302325582
chr2:74198641:+:ATG,2,"['ENST00000394053.7', 'ENST00000470592.5']","[571.0, 44.0]","[0.9284552845528455, 0.07154471544715447]",615.0,0.9284552845528455,12.977272727272727
chr2:74378227:-:ATG,2,"['ENST00000409240.5', 'ENST00000434055.5']","[164.0, 5.0]","[0.9704142011834319, 0.029585798816568046]",169.0,0.9704142011834319,32.8
chr2:74391820:-:CTG,2,"['ENST00000409240.5', 'ENST00000434055.5']","[164.0, 5.0]","[0.9704142011834319, 0.029585798816568046]",169.0,0.9704142011834319,32.8
chr2:75710855:-:ATG,2,"['ENST00000470503.1', 'ENST00000321027.8']","[48.0, 4.0]","[0.9230769230769231, 0.07692307692307693]",52.0,0.9230769230769231,12.0
chr2:84881039:-:ATG,3,"['ENST00000409520.7', 'ENST00000335459.9', 'ENST00000409133.1']","[27.0, 6.0, 3.0]","[0.75, 0.16666666666666666, 0.08333333333333333]",36.0,0.75,4.5
chr2:85327962:-:ATG,3,"['ENST00000377386.8', 'ENST00000409232.7', 'ENST00000398263.6']","[165.0, 61.0, 43.0]","[0.6133828996282528, 0.22676579925650558, 0.15985130111524162]",269.0,0.6133828996282528,2.7049180327868854
chr2:85561428:-:ATG,3,"['ENST00000496962.2', 'ENST00000233838.9', 'ENST00000430215.7']","[165.0, 23.0, 19.0]","[0.7971014492753623, 0.1111111111111111, 0.09178743961352658]",207.0,0.7971014492753623,7.173913043478261
chr2:85595763:+:ATG,3,"['ENST00000306368.9', 'ENST00000443647.5', 'ENST00000441634.5']","[157.0, 106.0, 7.0]","[0.5814814814814815, 0.3925925925925926, 0.025925925925925925]",270.0,0.5814814814814815,1.4811320754716981
chr2:85616195:+:ATG,2,"['ENST00000409470.5', 'ENST00000323701.11']","[45.0, 15.0]","[0.75, 0.25]",60.0,0.75,3.0
chr2:86195382:-:ATG,3,"['ENST00000449247.6', 'ENST00000410111.8', 'ENST00000442664.6']","[310.0, 128.0, 15.0]","[0.6843267108167771, 0.282560706401766, 0.033112582781456956]",453.0,0.6843267108167771,2.421875
chr2:95121791:-:ATG,2,"['ENST00000272418.7', 'ENST00000345084.11']","[38.0, 3.0]","[0.926829268292683, 0.07317073170731707]",41.0,0.926829268292683,12.666666666666666
chr2:9630452:-:ATG,2,"['ENST00000238081.8', 'ENST00000446619.1']","[11.0, 4.0]","[0.7333333333333333, 0.26666666666666666]",15.0,0.7333333333333333,2.75
chr2:96637135:-:ATG,2,"['ENST00000354204.10', 'ENST00000431828.6']","[33.0, 9.0]","[0.7857142857142857, 0.21428571428571427]",42.0,0.7857142857142857,3.6666666666666665
chr2:9843541:+:ATG,2,"['ENST00000263663.10', 'ENST00000434858.5']","[108.0, 4.0]","[0.9642857142857143, 0.03571428571428571]",112.0,0.9642857142857143,27.0
chr2:99180981:-:ATG,2,"['ENST00000289359.6', 'ENST00000409107.1']","[233.0, 3.0]","[0.9872881355932204, 0.012711864406779662]",236.0,0.9872881355932204,77.66666666666667
chr3:100261018:+:ATG,2,"['ENST00000394144.9', 'ENST00000344949.9']","[72.0, 45.0]","[0.6153846153846154, 0.38461538461538464]",117.0,0.6153846153846154,1.6
chr3:100261045:+:CTG,2,"['ENST00000394144.9', 'ENST00000344949.9']","[72.0, 45.0]","[0.6153846153846154, 0.38461538461538464]",117.0,0.6153846153846154,1.6
chr3:10028657:+:ATG,4,"['ENST00000431693.1', 'ENST00000675286.1', 'ENST00000287647.7', 'ENST00000419585.5']","[26.0, 9.0, 4.0, 3.0]","[0.6190476190476191, 0.21428571428571427, 0.09523809523809523, 0.07142857142857142]",42.0,0.6190476190476191,2.888888888888889
chr3:100713673:+:CTG,3,"['ENST00000240851.9', 'ENST00000490574.6', 'ENST00000463568.6']","[237.0, 83.0, 3.0]","[0.7337461300309598, 0.25696594427244585, 0.009287925696594427]",323.0,0.7337461300309598,2.855421686746988
chr3:100713685:+:ATG,3,"['ENST00000240851.9', 'ENST00000490574.6', 'ENST00000463568.6']","[237.0, 83.0, 3.0]","[0.7337461300309598, 0.25696594427244585, 0.009287925696594427]",323.0,0.7337461300309598,2.855421686746988
chr3:101564781:+:ATG,2,"['ENST00000309922.7', 'ENST00000495642.1']","[491.0, 80.0]","[0.8598949211908932, 0.14010507880910683]",571.0,0.8598949211908932,6.1375
chr3:101564862:+:AGG,2,"['ENST00000309922.7', 'ENST00000495642.1']","[491.0, 80.0]","[0.8598949211908932, 0.14010507880910683]",571.0,0.8598949211908932,6.1375
chr3:101686676:-:ATG,2,"['ENST00000394077.8', 'ENST00000495401.5']","[16473.0, 235.0]","[0.9859348814938952, 0.014065118506104859]",16708.0,0.9859348814938952,70.09787234042552
chr3:101724676:+:ATG,2,"['ENST00000341893.8', 'ENST00000494050.5']","[11.0, 3.0]","[0.7857142857142857, 0.21428571428571427]",14.0,0.7857142857142857,3.6666666666666665
chr3:101724682:+:GTG,2,"['ENST00000341893.8', 'ENST00000494050.5']","[11.0, 3.0]","[0.7857142857142857, 0.21428571428571427]",14.0,0.7857142857142857,3.6666666666666665
chr3:10318076:-:GTG,2,"['ENST00000337354.8', 'ENST00000383801.6']","[68.0, 14.0]","[0.8292682926829268, 0.17073170731707318]",82.0,0.8292682926829268,4.857142857142857
chr3:108605406:+:ATG,2,"['ENST00000479138.5', 'ENST00000361582.8']","[12.0, 3.0]","[0.8, 0.2]",15.0,0.8,4.0
chr3:111884077:+:ATG,2,"['ENST00000393925.7', 'ENST00000481953.5']","[7.0, 3.0]","[0.7, 0.3]",10.0,0.7,2.3333333333333335
chr3:112990999:+:ATG,3,"['ENST00000383678.8', 'ENST00000295864.9', 'ENST00000383677.7']","[50.0, 7.0, 5.0]","[0.8064516129032258, 0.11290322580645161, 0.08064516129032258]",62.0,0.8064516129032258,7.142857142857143
chr3:114065254:+:AGG,2,"['ENST00000485050.5', 'ENST00000281273.8']","[57.0, 26.0]","[0.6867469879518072, 0.3132530120481928]",83.0,0.6867469879518072,2.1923076923076925
chr3:114065257:+:ATG,2,"['ENST00000485050.5', 'ENST00000281273.8']","[57.0, 26.0]","[0.6867469879518072, 0.3132530120481928]",83.0,0.6867469879518072,2.1923076923076925
chr3:120596359:+:ATG,2,"['ENST00000184266.3', 'ENST00000492739.1']","[392.0, 21.0]","[0.9491525423728814, 0.05084745762711865]",413.0,0.9491525423728814,18.666666666666668
chr3:121730971:-:ATG,2,"['ENST00000482512.6', 'ENST00000494517.6']","[40.0, 5.0]","[0.8888888888888888, 0.1111111111111111]",45.0,0.8888888888888888,8.0
chr3:122371785:-:ATG,2,"['ENST00000291458.9', 'ENST00000479899.5']","[702.0, 8.0]","[0.9887323943661972, 0.011267605633802818]",710.0,0.9887323943661972,87.75
chr3:122384265:+:ATG,2,"['ENST00000477892.5', 'ENST00000469967.1']","[164.0, 11.0]","[0.9371428571428572, 0.06285714285714286]",175.0,0.9371428571428572,14.909090909090908
chr3:122559620:-:ATG,4,"['ENST00000462315.5', 'ENST00000682323.1', 'ENST00000360356.6', 'ENST00000477522.6']","[36.0, 16.0, 3.0, 3.0]","[0.6206896551724138, 0.27586206896551724, 0.05172413793103448, 0.05172413793103448]",58.0,0.6206896551724138,2.25
chr3:12379705:+:ATG,2,"['ENST00000651735.1', 'ENST00000309576.11']","[75.0, 20.0]","[0.7894736842105263, 0.21052631578947367]",95.0,0.7894736842105263,3.75
chr3:12379711:+:ATG,2,"['ENST00000651735.1', 'ENST00000309576.11']","[75.0, 20.0]","[0.7894736842105263, 0.21052631578947367]",95.0,0.7894736842105263,3.75
chr3:123956378:-:ATC,2,"['ENST00000409697.8', 'ENST00000488653.6']","[19.0, 3.0]","[0.8636363636363636, 0.13636363636363635]",22.0,0.8636363636363636,6.333333333333333
chr3:123961173:-:ATG,2,"['ENST00000409697.8', 'ENST00000488653.6']","[19.0, 3.0]","[0.8636363636363636, 0.13636363636363635]",22.0,0.8636363636363636,6.333333333333333
chr3:126068219:-:ATG,3,"['ENST00000346785.9', 'ENST00000360370.9', 'ENST00000315891.10']","[71.0, 23.0, 17.0]","[0.6396396396396397, 0.2072072072072072, 0.15315315315315314]",111.0,0.6396396396396397,3.0869565217391304
chr3:127598466:+:ATG,2,"['ENST00000265056.12', 'ENST00000474964.6']","[318.0, 4.0]","[0.9875776397515528, 0.012422360248447204]",322.0,0.9875776397515528,79.5
chr3:129160975:-:ATG,2,"['ENST00000393295.8', 'ENST00000273541.12']","[52.0, 8.0]","[0.8666666666666667, 0.13333333333333333]",60.0,0.8666666666666667,6.5
chr3:129183800:-:CTG,6,"['ENST00000504813.5', 'ENST00000502976.5', 'ENST00000451728.6', 'ENST00000422453.7', 'ENST00000446936.6', 'ENST00000500450.6']","[1643.0, 929.0, 686.0, 391.0, 33.0, 6.0]","[0.44549891540130154, 0.25189804772234275, 0.18600867678958785, 0.10601952277657267, 0.008947939262472886, 0.0016268980477223427]",3688.0,0.44549891540130154,1.768568353067815
chr3:129279732:+:ATG,3,"['ENST00000417226.6', 'ENST00000383463.9', 'ENST00000389735.7']","[52.0, 24.0, 13.0]","[0.5842696629213483, 0.2696629213483146, 0.14606741573033707]",89.0,0.5842696629213483,2.1666666666666665
chr3:131502821:-:ATG,2,"['ENST00000264995.8', 'ENST00000425847.6']","[1043.0, 69.0]","[0.9379496402877698, 0.06205035971223022]",1112.0,0.9379496402877698,15.115942028985508
chr3:133574044:+:ATG,2,"['ENST00000264993.8', 'ENST00000431519.6']","[29.0, 16.0]","[0.6444444444444445, 0.35555555555555557]",45.0,0.6444444444444445,1.8125
chr3:134250654:-:ATG,2,"['ENST00000620660.4', 'ENST00000623711.4']","[6.0, 4.0]","[0.6, 0.4]",10.0,0.6,1.5
chr3:134482904:-:ATG,3,"['ENST00000510994.5', 'ENST00000354910.10', 'ENST00000514612.5']","[401.0, 290.0, 54.0]","[0.538255033557047, 0.38926174496644295, 0.07248322147651007]",745.0,0.538255033557047,1.3827586206896552
chr3:136854460:+:ATG,2,"['ENST00000393079.3', 'ENST00000446465.3']","[63.0, 18.0]","[0.7777777777777778, 0.2222222222222222]",81.0,0.7777777777777778,3.5
chr3:136928001:+:ATG,2,"['ENST00000288986.6', 'ENST00000481752.6']","[105.0, 8.0]","[0.9292035398230089, 0.07079646017699115]",113.0,0.9292035398230089,13.125
chr3:138223661:+:ATT,3,"['ENST00000358441.6', 'ENST00000469044.6', 'ENST00000538260.5']","[28.0, 13.0, 10.0]","[0.5490196078431373, 0.2549019607843137, 0.19607843137254902]",51.0,0.5490196078431373,2.1538461538461537
chr3:138591950:-:ATC,2,"['ENST00000264982.8', 'ENST00000489254.5']","[14.0, 4.0]","[0.7777777777777778, 0.2222222222222222]",18.0,0.7777777777777778,3.5
chr3:138621428:+:ATG,2,"['ENST00000393035.6', 'ENST00000393034.6']","[152.0, 84.0]","[0.6440677966101694, 0.3559322033898305]",236.0,0.6440677966101694,1.8095238095238095
chr3:139344026:+:ATG,3,"['ENST00000495075.5', 'ENST00000680020.1', 'ENST00000310776.9']","[882.0, 149.0, 44.0]","[0.8204651162790698, 0.1386046511627907, 0.04093023255813953]",1075.0,0.8204651162790698,5.919463087248322
chr3:139344053:+:CTG,3,"['ENST00000495075.5', 'ENST00000680020.1', 'ENST00000310776.9']","[882.0, 149.0, 44.0]","[0.8204651162790698, 0.1386046511627907, 0.04093023255813953]",1075.0,0.8204651162790698,5.919463087248322
chr3:139389550:-:ATG,2,"['ENST00000333188.10', 'ENST00000503326.6']","[59.0, 10.0]","[0.855072463768116, 0.14492753623188406]",69.0,0.855072463768116,5.9
chr3:140941925:+:ATC,2,"['ENST00000446041.6', 'ENST00000324194.12']","[9.0, 5.0]","[0.6428571428571429, 0.35714285714285715]",14.0,0.6428571428571429,1.8
chr3:141738341:+:ATG,2,"['ENST00000273480.4', 'ENST00000477012.5']","[213.0, 127.0]","[0.6264705882352941, 0.3735294117647059]",340.0,0.6264705882352941,1.6771653543307086
chr3:142005491:-:ATT,3,"['ENST00000486111.5', 'ENST00000467072.5', 'ENST00000489671.6']","[47.0, 28.0, 12.0]","[0.5402298850574713, 0.3218390804597701, 0.13793103448275862]",87.0,0.5402298850574713,1.6785714285714286
chr3:142447944:-:ATG,2,"['ENST00000392981.7', 'ENST00000463916.5']","[11.0, 5.0]","[0.6875, 0.3125]",16.0,0.6875,2.2
chr3:142664237:+:ATG,2,"['ENST00000457734.7', 'ENST00000497002.1']","[63.0, 3.0]","[0.9545454545454546, 0.045454545454545456]",66.0,0.9545454545454546,21.0
chr3:143001628:+:ATG,3,"['ENST00000473835.7', 'ENST00000488497.7', 'ENST00000493782.5']","[61.0, 10.0, 6.0]","[0.7922077922077922, 0.12987012987012986, 0.07792207792207792]",77.0,0.7922077922077922,6.1
chr3:148991640:+:ATG,3,"['ENST00000296048.10', 'ENST00000484197.5', 'ENST00000345003.9']","[510.0, 56.0, 10.0]","[0.8854166666666666, 0.09722222222222222, 0.017361111111111112]",576.0,0.8854166666666666,9.107142857142858
chr3:149086444:-:ATT,3,"['ENST00000310053.10', 'ENST00000465259.5', 'ENST00000494055.5']","[84.0, 36.0, 6.0]","[0.6666666666666666, 0.2857142857142857, 0.047619047619047616]",126.0,0.6666666666666666,2.3333333333333335
chr3:149086498:-:CTG,3,"['ENST00000310053.10', 'ENST00000465259.5', 'ENST00000494055.5']","[84.0, 36.0, 6.0]","[0.6666666666666666, 0.2857142857142857, 0.047619047619047616]",126.0,0.6666666666666666,2.3333333333333335
chr3:149846026:+:ATG,2,"['ENST00000392894.8', 'ENST00000344229.7']","[105.0, 4.0]","[0.963302752293578, 0.03669724770642202]",109.0,0.963302752293578,26.25
chr3:149846038:+:ATA,2,"['ENST00000392894.8', 'ENST00000344229.7']","[105.0, 4.0]","[0.963302752293578, 0.03669724770642202]",109.0,0.963302752293578,26.25
chr3:149970856:-:ATG,3,"['ENST00000452853.6', 'ENST00000239940.12', 'ENST00000423691.2']","[560.0, 315.0, 285.0]","[0.4827586206896552, 0.27155172413793105, 0.24568965517241378]",1160.0,0.4827586206896552,1.7777777777777777
chr3:150546802:+:ATG,4,"['ENST00000460851.6', 'ENST00000273435.9', 'ENST00000406576.7', 'ENST00000487799.5']","[143.0, 30.0, 21.0, 5.0]","[0.7185929648241206, 0.1507537688442211, 0.10552763819095477, 0.02512562814070352]",199.0,0.7185929648241206,4.766666666666667
chr3:155870861:+:CTG,2,"['ENST00000496455.7', 'ENST00000295920.7']","[133.0, 14.0]","[0.9047619047619048, 0.09523809523809523]",147.0,0.9047619047619048,9.5
chr3:155870870:+:ATG,2,"['ENST00000496455.7', 'ENST00000295920.7']","[133.0, 14.0]","[0.9047619047619048, 0.09523809523809523]",147.0,0.9047619047619048,9.5
chr3:156555089:-:ATG,3,"['ENST00000476217.5', 'ENST00000265044.7', 'ENST00000467789.5']","[1638.0, 428.0, 27.0]","[0.782608695652174, 0.20449116101290013, 0.012900143334925944]",2093.0,0.782608695652174,3.8271028037383177
chr3:157160094:-:ATG,3,"['ENST00000295926.8', 'ENST00000461804.5', 'ENST00000475298.5']","[25.0, 22.0, 4.0]","[0.49019607843137253, 0.43137254901960786, 0.0784313725490196]",51.0,0.49019607843137253,1.1363636363636365
chr3:158110159:+:ACG,2,"['ENST00000295930.7', 'ENST00000611884.5']","[39.0, 28.0]","[0.582089552238806, 0.417910447761194]",67.0,0.582089552238806,1.3928571428571428
chr3:158110171:+:CTG,2,"['ENST00000295930.7', 'ENST00000611884.5']","[39.0, 28.0]","[0.582089552238806, 0.417910447761194]",67.0,0.582089552238806,1.3928571428571428
chr3:158122104:+:ATG,2,"['ENST00000295930.7', 'ENST00000611884.5']","[39.0, 28.0]","[0.582089552238806, 0.417910447761194]",67.0,0.582089552238806,1.3928571428571428
chr3:160439183:-:ATG,4,"['ENST00000309784.9', 'ENST00000483754.1', 'ENST00000494486.1', 'ENST00000479460.5']","[42.0, 8.0, 5.0, 3.0]","[0.7241379310344828, 0.13793103448275862, 0.08620689655172414, 0.05172413793103448]",58.0,0.7241379310344828,5.25
chr3:169143795:-:ATG,2,"['ENST00000468789.5', 'ENST00000464456.5']","[14.0, 11.0]","[0.56, 0.44]",25.0,0.56,1.2727272727272727
chr3:169966822:+:ATG,2,"['ENST00000337002.9', 'ENST00000480708.5']","[92.0, 79.0]","[0.5380116959064327, 0.4619883040935672]",171.0,0.5380116959064327,1.1645569620253164
chr3:170870167:-:ATG,3,"['ENST00000463836.1', 'ENST00000475836.5', 'ENST00000295830.13']","[1028.0, 880.0, 140.0]","[0.501953125, 0.4296875, 0.068359375]",2048.0,0.501953125,1.1681818181818182
chr3:170907806:-:ATG,2,"['ENST00000295822.7', 'ENST00000487522.5']","[134.0, 3.0]","[0.9781021897810219, 0.021897810218978103]",137.0,0.9781021897810219,44.666666666666664
chr3:170908549:-:CTG,2,"['ENST00000295822.7', 'ENST00000487522.5']","[134.0, 3.0]","[0.9781021897810219, 0.021897810218978103]",137.0,0.9781021897810219,44.666666666666664
chr3:172710981:-:AGG,2,"['ENST00000475381.7', 'ENST00000538775.5']","[44.0, 23.0]","[0.6567164179104478, 0.34328358208955223]",67.0,0.6567164179104478,1.9130434782608696
chr3:172750732:+:ATG,2,"['ENST00000232458.9', 'ENST00000392692.8']","[198.0, 106.0]","[0.6513157894736842, 0.34868421052631576]",304.0,0.6513157894736842,1.8679245283018868
chr3:172754530:+:ATG,3,"['ENST00000232458.9', 'ENST00000392692.8', 'ENST00000366090.6']","[198.0, 106.0, 4.0]","[0.6428571428571429, 0.34415584415584416, 0.012987012987012988]",308.0,0.6428571428571429,1.8679245283018868
chr3:172754566:+:AGG,3,"['ENST00000232458.9', 'ENST00000392692.8', 'ENST00000366090.6']","[198.0, 106.0, 4.0]","[0.6428571428571429, 0.34415584415584416, 0.012987012987012988]",308.0,0.6428571428571429,1.8679245283018868
chr3:179348851:+:ATG,3,"['ENST00000357390.8', 'ENST00000471841.6', 'ENST00000263969.9']","[82.0, 32.0, 3.0]","[0.7008547008547008, 0.27350427350427353, 0.02564102564102564]",117.0,0.7008547008547008,2.5625
chr3:179604609:-:TTG,2,"['ENST00000476781.6', 'ENST00000259038.6']","[237.0, 21.0]","[0.9186046511627907, 0.08139534883720931]",258.0,0.9186046511627907,11.285714285714286
chr3:179604624:-:ATG,2,"['ENST00000476781.6', 'ENST00000259038.6']","[237.0, 21.0]","[0.9186046511627907, 0.08139534883720931]",258.0,0.9186046511627907,11.285714285714286
chr3:179604815:+:ATG,3,"['ENST00000259037.8', 'ENST00000359944.10', 'ENST00000493866.5']","[160.0, 55.0, 26.0]","[0.6639004149377593, 0.22821576763485477, 0.1078838174273859]",241.0,0.6639004149377593,2.909090909090909
chr3:179604857:+:GTG,2,"['ENST00000259037.8', 'ENST00000493866.5']","[160.0, 26.0]","[0.8602150537634409, 0.13978494623655913]",186.0,0.8602150537634409,6.153846153846154
chr3:179617041:+:AAG,2,"['ENST00000259037.8', 'ENST00000493866.5']","[160.0, 26.0]","[0.8602150537634409, 0.13978494623655913]",186.0,0.8602150537634409,6.153846153846154
chr3:180602246:+:CTG,3,"['ENST00000296015.9', 'ENST00000412756.6', 'ENST00000382584.8']","[23.0, 23.0, 22.0]","[0.3382352941176471, 0.3382352941176471, 0.3235294117647059]",68.0,0.3382352941176471,1.0
chr3:180602261:+:ATG,3,"['ENST00000296015.9', 'ENST00000412756.6', 'ENST00000382584.8']","[23.0, 23.0, 22.0]","[0.3382352941176471, 0.3382352941176471, 0.3235294117647059]",68.0,0.3382352941176471,1.0
chr3:180912685:+:ATG,3,"['ENST00000445140.6', 'ENST00000357559.9', 'ENST00000491062.5']","[41.0, 29.0, 4.0]","[0.5540540540540541, 0.3918918918918919, 0.05405405405405406]",74.0,0.5540540540540541,1.4137931034482758
chr3:184014392:-:ATG,4,"['ENST00000427120.6', 'ENST00000382494.6', 'ENST00000334444.11', 'ENST00000392579.6']","[23.0, 16.0, 13.0, 9.0]","[0.3770491803278688, 0.26229508196721313, 0.21311475409836064, 0.14754098360655737]",61.0,0.3770491803278688,1.4375
chr3:184017846:-:CTG,4,"['ENST00000427120.6', 'ENST00000382494.6', 'ENST00000334444.11', 'ENST00000392579.6']","[23.0, 16.0, 13.0, 9.0]","[0.3770491803278688, 0.26229508196721313, 0.21311475409836064, 0.14754098360655737]",61.0,0.3770491803278688,1.4375
chr3:184174921:+:GTG,2,"['ENST00000382456.7', 'ENST00000442686.2']","[2442.0, 15.0]","[0.9938949938949939, 0.006105006105006105]",2457.0,0.9938949938949939,162.8
chr3:184176993:+:ATG,3,"['ENST00000382456.7', 'ENST00000442686.2', 'ENST00000439647.5']","[2442.0, 15.0, 4.0]","[0.9922795611540024, 0.006095083299471759, 0.0016253555465258025]",2461.0,0.9922795611540024,162.8
chr3:184245786:-:ATG,2,"['ENST00000397676.8', 'ENST00000445626.6']","[128.0, 104.0]","[0.5517241379310345, 0.4482758620689655]",232.0,0.5517241379310345,1.2307692307692308
chr3:184248872:-:ATG,2,"['ENST00000411922.5', 'ENST00000423996.5']","[17.0, 4.0]","[0.8095238095238095, 0.19047619047619047]",21.0,0.8095238095238095,4.25
chr3:184248940:-:ATG,3,"['ENST00000397676.8', 'ENST00000411922.5', 'ENST00000423996.5']","[128.0, 17.0, 4.0]","[0.8590604026845637, 0.11409395973154363, 0.026845637583892617]",149.0,0.8590604026845637,7.529411764705882
chr3:184363444:+:CTG,2,"['ENST00000429568.1', 'ENST00000430783.5']","[127.0, 10.0]","[0.927007299270073, 0.072992700729927]",137.0,0.927007299270073,12.7
chr3:184363492:+:ATG,2,"['ENST00000429568.1', 'ENST00000430783.5']","[127.0, 10.0]","[0.927007299270073, 0.072992700729927]",137.0,0.927007299270073,12.7
chr3:185824951:-:AAG,2,"['ENST00000382199.7', 'ENST00000346192.7']","[15.0, 4.0]","[0.7894736842105263, 0.21052631578947367]",19.0,0.7894736842105263,3.75
chr3:185824960:-:ATG,2,"['ENST00000382199.7', 'ENST00000346192.7']","[15.0, 4.0]","[0.7894736842105263, 0.21052631578947367]",19.0,0.7894736842105263,3.75
chr3:186783610:+:ATG,3,"['ENST00000323963.10', 'ENST00000440191.6', 'ENST00000426808.5']","[337.0, 148.0, 70.0]","[0.6072072072072072, 0.26666666666666666, 0.12612612612612611]",555.0,0.6072072072072072,2.277027027027027
chr3:190514130:+:TTG,2,"['ENST00000072516.7', 'ENST00000422940.5']","[14.0, 11.0]","[0.56, 0.44]",25.0,0.56,1.2727272727272727
chr3:191329476:+:TTG,2,"['ENST00000392456.4', 'ENST00000392455.9']","[70.0, 18.0]","[0.7954545454545454, 0.20454545454545456]",88.0,0.7954545454545454,3.888888888888889
chr3:193593377:+:ATG,2,"['ENST00000361908.8', 'ENST00000392437.6']","[11.0, 5.0]","[0.6875, 0.3125]",16.0,0.6875,2.2
chr3:196270510:-:AAG,2,"['ENST00000292823.6', 'ENST00000431016.6']","[23.0, 23.0]","[0.5, 0.5]",46.0,0.5,1.0
chr3:196270531:-:ATG,2,"['ENST00000292823.6', 'ENST00000431016.6']","[23.0, 23.0]","[0.5, 0.5]",46.0,0.5,1.0
chr3:196318152:-:ATG,2,"['ENST00000325318.10', 'ENST00000426563.5']","[217.0, 29.0]","[0.8821138211382114, 0.11788617886178862]",246.0,0.8821138211382114,7.482758620689655
chr3:196432399:-:ATG,2,"['ENST00000296328.9', 'ENST00000429160.1']","[36.0, 19.0]","[0.6545454545454545, 0.34545454545454546]",55.0,0.6545454545454545,1.894736842105263
chr3:197950967:+:ATG,2,"['ENST00000448864.6', 'ENST00000647248.2']","[2908.0, 1488.0]","[0.6615104640582348, 0.33848953594176523]",4396.0,0.6615104640582348,1.9543010752688172
chr3:23807380:+:ATG,2,"['ENST00000306627.8', 'ENST00000346855.7']","[35.0, 9.0]","[0.7954545454545454, 0.20454545454545456]",44.0,0.7954545454545454,3.888888888888889
chr3:25664297:-:ATG,2,"['ENST00000435706.7', 'ENST00000264331.9']","[23.0, 18.0]","[0.5609756097560976, 0.43902439024390244]",41.0,0.5609756097560976,1.2777777777777777
chr3:28241793:+:ATG,2,"['ENST00000423894.5', 'ENST00000466830.6']","[358.0, 85.0]","[0.8081264108352144, 0.19187358916478556]",443.0,0.8081264108352144,4.211764705882353
chr3:3179648:-:ATG,2,"['ENST00000231948.9', 'ENST00000432408.6']","[39.0, 16.0]","[0.7090909090909091, 0.2909090909090909]",55.0,0.7090909090909091,2.4375
chr3:3179687:-:ATG,2,"['ENST00000231948.9', 'ENST00000432408.6']","[39.0, 16.0]","[0.7090909090909091, 0.2909090909090909]",55.0,0.7090909090909091,2.4375
chr3:33114077:+:ATG,2,"['ENST00000320954.11', 'ENST00000449224.1']","[42.0, 9.0]","[0.8235294117647058, 0.17647058823529413]",51.0,0.8235294117647058,4.666666666666667
chr3:33798683:+:CTG,2,"['ENST00000307296.8', 'ENST00000457054.6']","[42.0, 8.0]","[0.84, 0.16]",50.0,0.84,5.25
chr3:33798728:+:ATG,2,"['ENST00000307296.8', 'ENST00000457054.6']","[42.0, 8.0]","[0.84, 0.16]",50.0,0.84,5.25
chr3:36993547:+:ATG,2,"['ENST00000231790.8', 'ENST00000616768.6']","[118.0, 12.0]","[0.9076923076923077, 0.09230769230769231]",130.0,0.9076923076923077,9.833333333333334
chr3:38137035:-:ATG,2,"['ENST00000333167.13', 'ENST00000411549.5']","[5.0, 4.0]","[0.5555555555555556, 0.4444444444444444]",9.0,0.5555555555555556,1.25
chr3:40457360:+:ATG,2,"['ENST00000338970.10', 'ENST00000396203.7']","[2625.0, 88.0]","[0.9675635827497235, 0.03243641725027645]",2713.0,0.9675635827497235,29.829545454545453
chr3:40457471:+:ATG,2,"['ENST00000396203.7', 'ENST00000435633.5']","[88.0, 10.0]","[0.8979591836734694, 0.10204081632653061]",98.0,0.8979591836734694,8.8
chr3:41954759:-:ATG,2,"['ENST00000301831.9', 'ENST00000420927.5']","[13.0, 3.0]","[0.8125, 0.1875]",16.0,0.8125,4.333333333333333
chr3:4303370:+:ATG,3,"['ENST00000358065.5', 'ENST00000430981.1', 'ENST00000413809.5']","[7.0, 5.0, 3.0]","[0.4666666666666667, 0.3333333333333333, 0.2]",15.0,0.4666666666666667,1.4
chr3:4303388:+:AAG,3,"['ENST00000358065.5', 'ENST00000430981.1', 'ENST00000413809.5']","[7.0, 5.0, 3.0]","[0.4666666666666667, 0.3333333333333333, 0.2]",15.0,0.4666666666666667,1.4
chr3:43605846:-:GTG,2,"['ENST00000396091.7', 'ENST00000292246.8']","[8.0, 5.0]","[0.6153846153846154, 0.38461538461538464]",13.0,0.6153846153846154,1.6
chr3:43605852:-:ATG,2,"['ENST00000396091.7', 'ENST00000292246.8']","[8.0, 5.0]","[0.6153846153846154, 0.38461538461538464]",13.0,0.6153846153846154,1.6
chr3:43621930:-:ACG,2,"['ENST00000396091.7', 'ENST00000292246.8']","[8.0, 5.0]","[0.6153846153846154, 0.38461538461538464]",13.0,0.6153846153846154,1.6
chr3:47805344:+:ATG,3,"['ENST00000445061.6', 'ENST00000441384.5', 'ENST00000395745.6']","[9.0, 5.0, 4.0]","[0.5, 0.2777777777777778, 0.2222222222222222]",18.0,0.5,1.8
chr3:47805347:+:AGG,3,"['ENST00000445061.6', 'ENST00000441384.5', 'ENST00000395745.6']","[9.0, 5.0, 4.0]","[0.5, 0.2777777777777778, 0.2222222222222222]",18.0,0.5,1.8
chr3:48298516:-:ATG,3,"['ENST00000451657.6', 'ENST00000442597.6', 'ENST00000421967.5']","[14.0, 10.0, 3.0]","[0.5185185185185185, 0.37037037037037035, 0.1111111111111111]",27.0,0.5185185185185185,1.4
chr3:48434969:-:CTG,3,"['ENST00000395694.7', 'ENST00000447018.5', 'ENST00000412398.6']","[193.0, 71.0, 13.0]","[0.6967509025270758, 0.2563176895306859, 0.04693140794223827]",277.0,0.6967509025270758,2.7183098591549295
chr3:48635393:-:ATG,2,"['ENST00000420764.6', 'ENST00000395550.7']","[56.0, 32.0]","[0.6363636363636364, 0.36363636363636365]",88.0,0.6363636363636364,1.75
chr3:48685807:-:ATG,2,"['ENST00000294129.7', 'ENST00000416649.6']","[6.0, 3.0]","[0.6666666666666666, 0.3333333333333333]",9.0,0.6666666666666666,2.0
chr3:49029350:-:ATG,2,"['ENST00000326739.9', 'ENST00000442157.2']","[2925.0, 19.0]","[0.993546195652174, 0.006453804347826087]",2944.0,0.993546195652174,153.94736842105263
chr3:49077017:-:ATG,2,"['ENST00000424300.5', 'ENST00000357496.6']","[5.0, 4.0]","[0.5555555555555556, 0.4444444444444444]",9.0,0.5555555555555556,1.25
chr3:49339976:-:AAG,3,"['ENST00000265560.9', 'ENST00000351842.8', 'ENST00000415188.1']","[9.0, 4.0, 4.0]","[0.5294117647058824, 0.23529411764705882, 0.23529411764705882]",17.0,0.5294117647058824,2.25
chr3:49340024:-:ATG,3,"['ENST00000265560.9', 'ENST00000351842.8', 'ENST00000415188.1']","[9.0, 4.0, 4.0]","[0.5294117647058824, 0.23529411764705882, 0.23529411764705882]",17.0,0.5294117647058824,2.25
chr3:50351433:+:ATG,3,"['ENST00000425346.6', 'ENST00000232508.9', 'ENST00000418577.1']","[178.0, 75.0, 17.0]","[0.6592592592592592, 0.2777777777777778, 0.06296296296296296]",270.0,0.6592592592592592,2.3733333333333335
chr3:50617565:+:ATG,2,"['ENST00000357955.6', 'ENST00000621469.5']","[9.0, 4.0]","[0.6923076923076923, 0.3076923076923077]",13.0,0.6923076923076923,2.25
chr3:51674304:+:ATG,3,"['ENST00000341333.10', 'ENST00000395057.5', 'ENST00000614067.4']","[243.0, 9.0, 9.0]","[0.9310344827586207, 0.034482758620689655, 0.034482758620689655]",261.0,0.9310344827586207,27.0
chr3:51971670:-:ATG,3,"['ENST00000395008.6', 'ENST00000483233.5', 'ENST00000361143.10']","[71.0, 8.0, 6.0]","[0.8352941176470589, 0.09411764705882353, 0.07058823529411765]",85.0,0.8352941176470589,8.875
chr3:51973978:-:ACG,2,"['ENST00000483233.5', 'ENST00000361143.10']","[8.0, 6.0]","[0.5714285714285714, 0.42857142857142855]",14.0,0.5714285714285714,1.3333333333333333
chr3:51984064:+:ATG,4,"['ENST00000636358.2', 'ENST00000476854.5', 'ENST00000404366.7', 'ENST00000476351.5']","[50.0, 16.0, 7.0, 4.0]","[0.6493506493506493, 0.2077922077922078, 0.09090909090909091, 0.05194805194805195]",77.0,0.6493506493506493,3.125
chr3:52151082:-:AGG,2,"['ENST00000296484.7', 'ENST00000394970.6']","[81.0, 63.0]","[0.5625, 0.4375]",144.0,0.5625,1.2857142857142858
chr3:52154372:-:ATG,2,"['ENST00000296484.7', 'ENST00000394970.6']","[81.0, 63.0]","[0.5625, 0.4375]",144.0,0.5625,1.2857142857142858
chr3:52198162:+:CTG,2,"['ENST00000310271.6', 'ENST00000394965.6']","[33.0, 10.0]","[0.7674418604651163, 0.23255813953488372]",43.0,0.7674418604651163,3.3
chr3:52199241:+:ATG,4,"['ENST00000484952.6', 'ENST00000469224.5', 'ENST00000310271.6', 'ENST00000394965.6']","[52.0, 35.0, 33.0, 10.0]","[0.4, 0.2692307692307692, 0.25384615384615383, 0.07692307692307693]",130.0,0.4,1.4857142857142858
chr3:52706171:+:ACG,2,"['ENST00000233025.11', 'ENST00000619898.5']","[4729.0, 11.0]","[0.9976793248945147, 0.002320675105485232]",4740.0,0.9976793248945147,429.90909090909093
chr3:53255942:-:ATG,3,"['ENST00000462138.6', 'ENST00000423525.6', 'ENST00000423516.5']","[1110.0, 675.0, 9.0]","[0.6187290969899666, 0.3762541806020067, 0.005016722408026756]",1794.0,0.6187290969899666,1.6444444444444444
chr3:53255987:-:ATC,3,"['ENST00000462138.6', 'ENST00000423525.6', 'ENST00000423516.5']","[1110.0, 675.0, 9.0]","[0.6187290969899666, 0.3762541806020067, 0.005016722408026756]",1794.0,0.6187290969899666,1.6444444444444444
chr3:53347517:-:ATG,2,"['ENST00000610213.6', 'ENST00000294241.10']","[106.0, 12.0]","[0.8983050847457628, 0.1016949152542373]",118.0,0.8983050847457628,8.833333333333334
chr3:57756321:+:ATG,2,"['ENST00000417128.7', 'ENST00000671191.1']","[8.0, 3.0]","[0.7272727272727273, 0.2727272727272727]",11.0,0.7272727272727273,2.6666666666666665
chr3:58306327:+:GTG,3,"['ENST00000445193.7', 'ENST00000481972.5', 'ENST00000295959.10']","[69.0, 58.0, 38.0]","[0.41818181818181815, 0.3515151515151515, 0.23030303030303031]",165.0,0.41818181818181815,1.1896551724137931
chr3:58310329:+:ATG,2,"['ENST00000445193.7', 'ENST00000295959.10']","[69.0, 38.0]","[0.6448598130841121, 0.35514018691588783]",107.0,0.6448598130841121,1.8157894736842106
chr3:58310561:+:ATT,2,"['ENST00000445193.7', 'ENST00000461393.7']","[69.0, 7.0]","[0.9078947368421053, 0.09210526315789473]",76.0,0.9078947368421053,9.857142857142858
chr3:58433809:-:ATG,2,"['ENST00000302746.11', 'ENST00000383714.8']","[909.0, 36.0]","[0.9619047619047619, 0.0380952380952381]",945.0,0.9619047619047619,25.25
chr3:58498755:+:ATG,2,"['ENST00000404589.8', 'ENST00000355076.6']","[32.0, 29.0]","[0.5245901639344263, 0.47540983606557374]",61.0,0.5245901639344263,1.103448275862069
chr3:58500945:+:ATG,2,"['ENST00000404589.8', 'ENST00000355076.6']","[32.0, 29.0]","[0.5245901639344263, 0.47540983606557374]",61.0,0.5245901639344263,1.103448275862069
chr3:63863790:-:ATG,2,"['ENST00000295899.10', 'ENST00000469584.5']","[983.0, 53.0]","[0.9488416988416989, 0.05115830115830116]",1036.0,0.9488416988416989,18.547169811320753
chr3:64023383:-:AAG,2,"['ENST00000295901.9', 'ENST00000492933.5']","[1453.0, 39.0]","[0.9738605898123325, 0.02613941018766756]",1492.0,0.9738605898123325,37.256410256410255
chr3:64023419:-:ATG,2,"['ENST00000295901.9', 'ENST00000492933.5']","[1453.0, 39.0]","[0.9738605898123325, 0.02613941018766756]",1492.0,0.9738605898123325,37.256410256410255
chr3:9365068:+:ATG,3,"['ENST00000419437.5', 'ENST00000452837.7', 'ENST00000345094.7']","[53.0, 34.0, 28.0]","[0.4608695652173913, 0.2956521739130435, 0.24347826086956523]",115.0,0.4608695652173913,1.5588235294117647
chr3:9649550:+:TTG,3,"['ENST00000351233.9', 'ENST00000353332.9', 'ENST00000296003.9']","[21.0, 12.0, 7.0]","[0.525, 0.3, 0.175]",40.0,0.525,1.75
chr3:9649553:+:AGG,3,"['ENST00000351233.9', 'ENST00000353332.9', 'ENST00000296003.9']","[21.0, 12.0, 7.0]","[0.525, 0.3, 0.175]",40.0,0.525,1.75
chr3:9649583:+:ATG,3,"['ENST00000351233.9', 'ENST00000353332.9', 'ENST00000296003.9']","[21.0, 12.0, 7.0]","[0.525, 0.3, 0.175]",40.0,0.525,1.75
chr3:98521424:-:ATG,3,"['ENST00000341181.11', 'ENST00000394180.6', 'ENST00000508902.5']","[95.0, 14.0, 4.0]","[0.8407079646017699, 0.12389380530973451, 0.035398230088495575]",113.0,0.8407079646017699,6.785714285714286
chr4:105473957:-:ATG,4,"['ENST00000341695.10', 'ENST00000354147.7', 'ENST00000348706.9', 'ENST00000432483.6']","[85.0, 10.0, 8.0, 4.0]","[0.794392523364486, 0.09345794392523364, 0.07476635514018691, 0.037383177570093455]",107.0,0.794392523364486,8.5
chr4:105474050:-:ATG,4,"['ENST00000341695.10', 'ENST00000354147.7', 'ENST00000348706.9', 'ENST00000432483.6']","[85.0, 10.0, 8.0, 4.0]","[0.794392523364486, 0.09345794392523364, 0.07476635514018691, 0.037383177570093455]",107.0,0.794392523364486,8.5
chr4:105717721:+:CTG,2,"['ENST00000515279.6', 'ENST00000394730.7']","[30.0, 4.0]","[0.8823529411764706, 0.11764705882352941]",34.0,0.8823529411764706,7.5
chr4:106325009:+:ATG,2,"['ENST00000672341.1', 'ENST00000358008.7']","[52.0, 26.0]","[0.6666666666666666, 0.3333333333333333]",78.0,0.6666666666666666,2.0
chr4:109729957:-:CTG,2,"['ENST00000243501.10', 'ENST00000502283.1']","[13.0, 8.0]","[0.6190476190476191, 0.38095238095238093]",21.0,0.6190476190476191,1.625
chr4:110198335:-:ATG,2,"['ENST00000302274.8', 'ENST00000394607.7']","[29.0, 26.0]","[0.5272727272727272, 0.4727272727272727]",55.0,0.5272727272727272,1.1153846153846154
chr4:113761068:-:ATG,2,"['ENST00000394524.7', 'ENST00000379773.6']","[5.0, 3.0]","[0.625, 0.375]",8.0,0.625,1.6666666666666667
chr4:127880936:+:ATG,2,"['ENST00000513090.5', 'ENST00000270861.10']","[26.0, 21.0]","[0.5531914893617021, 0.44680851063829785]",47.0,0.5531914893617021,1.2380952380952381
chr4:128061373:+:CTG,2,"['ENST00000394288.7', 'ENST00000512292.5']","[21.0, 14.0]","[0.6, 0.4]",35.0,0.6,1.5
chr4:128074476:+:ATT,2,"['ENST00000394288.7', 'ENST00000512292.5']","[21.0, 14.0]","[0.6, 0.4]",35.0,0.6,1.5
chr4:139556137:-:ATG,2,"['ENST00000274031.8', 'ENST00000506866.7']","[93.0, 5.0]","[0.9489795918367347, 0.05102040816326531]",98.0,0.9489795918367347,18.6
chr4:139556152:-:GTG,2,"['ENST00000274031.8', 'ENST00000506866.7']","[93.0, 5.0]","[0.9489795918367347, 0.05102040816326531]",98.0,0.9489795918367347,18.6
chr4:139556185:-:ACG,2,"['ENST00000274031.8', 'ENST00000506866.7']","[93.0, 5.0]","[0.9489795918367347, 0.05102040816326531]",98.0,0.9489795918367347,18.6
chr4:140379170:+:ATG,3,"['ENST00000506597.2', 'ENST00000608372.6', 'ENST00000512749.5']","[133.0, 53.0, 4.0]","[0.7, 0.2789473684210526, 0.021052631578947368]",190.0,0.7,2.509433962264151
chr4:147617444:+:AGG,2,"['ENST00000296582.8', 'ENST00000508208.5']","[37.0, 15.0]","[0.7115384615384616, 0.28846153846153844]",52.0,0.7115384615384616,2.466666666666667
chr4:152829633:+:ATG,4,"['ENST00000405727.6', 'ENST00000353617.7', 'ENST00000356064.3', 'ENST00000451320.6']","[19.0, 9.0, 3.0, 3.0]","[0.5588235294117647, 0.2647058823529412, 0.08823529411764706, 0.08823529411764706]",34.0,0.5588235294117647,2.111111111111111
chr4:153270385:+:ATG,2,"['ENST00000441616.6', 'ENST00000632856.2']","[5.0, 4.0]","[0.5555555555555556, 0.4444444444444444]",9.0,0.5555555555555556,1.25
chr4:15655287:-:ATG,2,"['ENST00000341285.8', 'ENST00000412094.6']","[11.0, 3.0]","[0.7857142857142857, 0.21428571428571427]",14.0,0.7857142857142857,3.6666666666666665
chr4:170089690:-:ATG,3,"['ENST00000353187.6', 'ENST00000507375.5', 'ENST00000337664.9']","[8.0, 6.0, 5.0]","[0.42105263157894735, 0.3157894736842105, 0.2631578947368421]",19.0,0.42105263157894735,1.3333333333333333
chr4:173333649:-:ATG,3,"['ENST00000446922.6', 'ENST00000296503.10', 'ENST00000438704.6']","[346.0, 217.0, 54.0]","[0.5607779578606159, 0.35170178282009723, 0.08752025931928688]",617.0,0.5607779578606159,1.5944700460829493
chr4:17512054:-:ATG,3,"['ENST00000428702.6', 'ENST00000281243.10', 'ENST00000507439.5']","[25.0, 21.0, 12.0]","[0.43103448275862066, 0.3620689655172414, 0.20689655172413793]",58.0,0.43103448275862066,1.1904761904761905
chr4:184638453:-:ATG,3,"['ENST00000523916.5', 'ENST00000308394.9', 'ENST00000393585.6']","[164.0, 52.0, 4.0]","[0.7454545454545455, 0.23636363636363636, 0.01818181818181818]",220.0,0.7454545454545455,3.1538461538461537
chr4:2008959:-:ATG,2,"['ENST00000382882.9', 'ENST00000542778.5']","[5.0, 4.0]","[0.5555555555555556, 0.4444444444444444]",9.0,0.5555555555555556,1.25
chr4:2933923:-:ATG,2,"['ENST00000355443.9', 'ENST00000329687.8']","[38.0, 3.0]","[0.926829268292683, 0.07317073170731707]",41.0,0.926829268292683,12.666666666666666
chr4:2963319:-:ATG,2,"['ENST00000416614.7', 'ENST00000398071.4']","[5.0, 3.0]","[0.625, 0.375]",8.0,0.625,1.6666666666666667
chr4:39062652:+:ATG,3,"['ENST00000504108.7', 'ENST00000381930.8', 'ENST00000261425.7']","[30.0, 5.0, 3.0]","[0.7894736842105263, 0.13157894736842105, 0.07894736842105263]",38.0,0.7894736842105263,6.0
chr4:39459117:+:ATG,2,"['ENST00000640888.2', 'ENST00000509519.5']","[10.0, 4.0]","[0.7142857142857143, 0.2857142857142857]",14.0,0.7142857142857143,2.5
chr4:44726486:-:ATT,2,"['ENST00000509756.1', 'ENST00000295448.8']","[22.0, 13.0]","[0.6285714285714286, 0.37142857142857144]",35.0,0.6285714285714286,1.6923076923076923
chr4:48831101:+:ATG,4,"['ENST00000264312.12', 'ENST00000381473.7', 'ENST00000511102.5', 'ENST00000396448.6']","[78.0, 44.0, 19.0, 4.0]","[0.5379310344827586, 0.30344827586206896, 0.1310344827586207, 0.027586206896551724]",145.0,0.5379310344827586,1.7727272727272727
chr4:48832624:+:ATG,5,"['ENST00000264312.12', 'ENST00000381473.7', 'ENST00000511102.5', 'ENST00000396448.6', 'ENST00000425583.6']","[78.0, 44.0, 19.0, 4.0, 3.0]","[0.527027027027027, 0.2972972972972973, 0.12837837837837837, 0.02702702702702703, 0.02027027027027027]",148.0,0.527027027027027,1.7727272727272727
chr4:51843179:+:GTG,2,"['ENST00000334635.10', 'ENST00000381441.7']","[31.0, 21.0]","[0.5961538461538461, 0.40384615384615385]",52.0,0.5961538461538461,1.4761904761904763
chr4:51843242:+:ATG,3,"['ENST00000334635.10', 'ENST00000381441.7', 'ENST00000507741.5']","[31.0, 21.0, 3.0]","[0.5636363636363636, 0.38181818181818183, 0.05454545454545454]",55.0,0.5636363636363636,1.4761904761904763
chr4:55510004:-:ATG,2,"['ENST00000513440.6', 'ENST00000309964.8']","[10.0, 5.0]","[0.6666666666666666, 0.3333333333333333]",15.0,0.6666666666666666,2.0
chr4:55858323:+:ATG,3,"['ENST00000381295.7', 'ENST00000346134.11', 'ENST00000349598.6']","[7.0, 5.0, 3.0]","[0.4666666666666667, 0.3333333333333333, 0.2]",15.0,0.4666666666666667,1.4
chr4:55858335:+:AAG,2,"['ENST00000346134.11', 'ENST00000349598.6']","[5.0, 3.0]","[0.625, 0.375]",8.0,0.625,1.6666666666666667
chr4:56436312:+:ATG,4,"['ENST00000512576.3', 'ENST00000505164.5', 'ENST00000514888.5', 'ENST00000264221.6']","[128.0, 16.0, 8.0, 4.0]","[0.8205128205128205, 0.10256410256410256, 0.05128205128205128, 0.02564102564102564]",156.0,0.8205128205128205,8.0
chr4:6277455:+:ATG,2,"['ENST00000226760.5', 'ENST00000503569.5']","[34.0, 17.0]","[0.6666666666666666, 0.3333333333333333]",51.0,0.6666666666666666,2.0
chr4:6640862:+:ATG,2,"['ENST00000320912.8', 'ENST00000382581.5']","[1726.0, 670.0]","[0.7203672787979967, 0.27963272120200333]",2396.0,0.7203672787979967,2.5761194029850745
chr4:70993835:+:ATG,2,"['ENST00000286648.10', 'ENST00000503359.5']","[148.0, 3.0]","[0.9801324503311258, 0.019867549668874173]",151.0,0.9801324503311258,49.333333333333336
chr4:75673363:-:GTG,2,"['ENST00000357854.7', 'ENST00000359707.9']","[187.0, 8.0]","[0.958974358974359, 0.041025641025641026]",195.0,0.958974358974359,23.375
chr4:76148374:-:ATG,2,"['ENST00000264883.8', 'ENST00000514987.6']","[139.0, 17.0]","[0.8910256410256411, 0.10897435897435898]",156.0,0.8910256410256411,8.176470588235293
chr4:82429333:-:ATG,5,"['ENST00000602300.5', 'ENST00000507721.5', 'ENST00000349655.8', 'ENST00000614627.4', 'ENST00000502762.4']","[2403.0, 97.0, 62.0, 21.0, 3.0]","[0.9292343387470998, 0.03750966744006187, 0.02397525135344161, 0.008120649651972157, 0.001160092807424594]",2586.0,0.9292343387470998,24.77319587628866
chr4:82881936:-:ATG,6,"['ENST00000348405.8', 'ENST00000513858.5', 'ENST00000311785.11', 'ENST00000508479.5', 'ENST00000505984.5', 'ENST00000508502.5']","[15.0, 15.0, 7.0, 7.0, 3.0, 3.0]","[0.3, 0.3, 0.14, 0.14, 0.06, 0.06]",50.0,0.3,1.0
chr4:83035224:+:ATG,3,"['ENST00000264389.7', 'ENST00000509093.5', 'ENST00000511653.1']","[680.0, 29.0, 10.0]","[0.9457579972183588, 0.04033379694019471, 0.013908205841446454]",719.0,0.9457579972183588,23.448275862068964
chr4:87435023:+:ATG,3,"['ENST00000302174.9', 'ENST00000473942.5', 'ENST00000512216.5']","[35.0, 6.0, 4.0]","[0.7777777777777778, 0.13333333333333333, 0.08888888888888889]",45.0,0.7777777777777778,5.833333333333333
chr4:89057119:-:ATG,2,"['ENST00000509094.5', 'ENST00000264344.10']","[14.0, 6.0]","[0.7, 0.3]",20.0,0.7,2.3333333333333335
chr4:89057146:-:AAG,2,"['ENST00000509094.5', 'ENST00000264344.10']","[14.0, 6.0]","[0.7, 0.3]",20.0,0.7,2.3333333333333335
chr4:89835667:-:ATG,2,"['ENST00000394986.5', 'ENST00000394991.8']","[65.0, 23.0]","[0.7386363636363636, 0.26136363636363635]",88.0,0.7386363636363636,2.8260869565217392
chr4:94208394:+:ATG,3,"['ENST00000457823.6', 'ENST00000359052.8', 'ENST00000354268.9']","[42.0, 18.0, 17.0]","[0.5454545454545454, 0.23376623376623376, 0.22077922077922077]",77.0,0.5454545454545454,2.3333333333333335
chr4:99559338:-:ATG,2,"['ENST00000394876.7', 'ENST00000394877.7']","[39.0, 15.0]","[0.7222222222222222, 0.2777777777777778]",54.0,0.7222222222222222,2.6
chr5:10250340:+:ATG,2,"['ENST00000280326.9', 'ENST00000515390.5']","[1892.0, 419.0]","[0.818693206404154, 0.18130679359584595]",2311.0,0.818693206404154,4.515513126491647
chr5:10353802:+:CTG,3,"['ENST00000274140.10', 'ENST00000503788.5', 'ENST00000449913.6']","[509.0, 124.0, 61.0]","[0.7334293948126801, 0.1786743515850144, 0.08789625360230548]",694.0,0.7334293948126801,4.104838709677419
chr5:10353898:+:ATG,3,"['ENST00000274140.10', 'ENST00000503788.5', 'ENST00000449913.6']","[509.0, 124.0, 61.0]","[0.7334293948126801, 0.1786743515850144, 0.08789625360230548]",694.0,0.7334293948126801,4.104838709677419
chr5:109383433:-:ATG,2,"['ENST00000361189.7', 'ENST00000361557.5']","[137.0, 7.0]","[0.9513888888888888, 0.04861111111111111]",144.0,0.9513888888888888,19.571428571428573
chr5:109383457:-:CTG,2,"['ENST00000361189.7', 'ENST00000361557.5']","[137.0, 7.0]","[0.9513888888888888, 0.04861111111111111]",144.0,0.9513888888888888,19.571428571428573
chr5:111512505:-:TTG,2,"['ENST00000296632.8', 'ENST00000502322.5']","[20.0, 3.0]","[0.8695652173913043, 0.13043478260869565]",23.0,0.8695652173913043,6.666666666666667
chr5:112754890:+:ATG,2,"['ENST00000505350.2', 'ENST00000257430.9']","[12.0, 6.0]","[0.6666666666666666, 0.3333333333333333]",18.0,0.6666666666666666,2.0
chr5:112861376:+:ATG,2,"['ENST00000505459.6', 'ENST00000621420.5']","[161.0, 3.0]","[0.9817073170731707, 0.018292682926829267]",164.0,0.9817073170731707,53.666666666666664
chr5:116085052:+:ATG,2,"['ENST00000274458.9', 'ENST00000507356.5']","[43.0, 3.0]","[0.9347826086956522, 0.06521739130434782]",46.0,0.9347826086956522,14.333333333333334
chr5:122845633:+:ATG,2,"['ENST00000506996.5', 'ENST00000261369.9']","[43.0, 28.0]","[0.6056338028169014, 0.39436619718309857]",71.0,0.6056338028169014,1.5357142857142858
chr5:131165205:-:ATG,2,"['ENST00000304043.10', 'ENST00000506908.2']","[1626.0, 15.0]","[0.9908592321755028, 0.009140767824497258]",1641.0,0.9908592321755028,108.4
chr5:131796921:-:ATG,2,"['ENST00000514667.1', 'ENST00000510461.6']","[10.0, 7.0]","[0.5882352941176471, 0.4117647058823529]",17.0,0.5882352941176471,1.4285714285714286
chr5:1325765:-:ATG,2,"['ENST00000320895.10', 'ENST00000507807.3']","[39.0, 3.0]","[0.9285714285714286, 0.07142857142857142]",42.0,0.9285714285714286,13.0
chr5:1325789:-:ATG,2,"['ENST00000320895.10', 'ENST00000507807.3']","[39.0, 3.0]","[0.9285714285714286, 0.07142857142857142]",42.0,0.9285714285714286,13.0
chr5:132866881:+:ATG,3,"['ENST00000378667.1', 'ENST00000378670.8', 'ENST00000378665.1']","[8101.0, 1053.0, 182.0]","[0.8677163667523564, 0.11278920308483291, 0.019494430162810626]",9336.0,0.8677163667523564,7.693257359924027
chr5:133026537:-:ATG,3,"['ENST00000324170.7', 'ENST00000509437.6', 'ENST00000513848.5']","[64.0, 38.0, 4.0]","[0.6037735849056604, 0.3584905660377358, 0.03773584905660377]",106.0,0.6037735849056604,1.6842105263157894
chr5:133992970:-:AGG,3,"['ENST00000395044.7', 'ENST00000395047.6', 'ENST00000265333.8']","[558.0, 216.0, 56.0]","[0.672289156626506, 0.26024096385542167, 0.06746987951807229]",830.0,0.672289156626506,2.5833333333333335
chr5:133993012:-:ATG,3,"['ENST00000395044.7', 'ENST00000395047.6', 'ENST00000265333.8']","[558.0, 216.0, 56.0]","[0.672289156626506, 0.26024096385542167, 0.06746987951807229]",830.0,0.672289156626506,2.5833333333333335
chr5:134174022:-:ATG,2,"['ENST00000353411.11', 'ENST00000522552.5']","[1136.0, 8.0]","[0.993006993006993, 0.006993006993006993]",1144.0,0.993006993006993,142.0
chr5:134624019:-:ATG,2,"['ENST00000402673.7', 'ENST00000439578.5']","[182.0, 11.0]","[0.9430051813471503, 0.05699481865284974]",193.0,0.9430051813471503,16.545454545454547
chr5:135389093:-:ATG,2,"['ENST00000511689.6', 'ENST00000510038.1']","[58.0, 21.0]","[0.7341772151898734, 0.26582278481012656]",79.0,0.7341772151898734,2.761904761904762
chr5:138179680:+:ATG,2,"['ENST00000394894.8', 'ENST00000508792.5']","[121.0, 75.0]","[0.6173469387755102, 0.3826530612244898]",196.0,0.6173469387755102,1.6133333333333333
chr5:138213312:-:ATG,2,"['ENST00000394886.7', 'ENST00000394884.7']","[296.0, 216.0]","[0.578125, 0.421875]",512.0,0.578125,1.3703703703703705
chr5:138331180:-:ATG,2,"['ENST00000323760.11', 'ENST00000503022.5']","[115.0, 3.0]","[0.9745762711864406, 0.025423728813559324]",118.0,0.9745762711864406,38.333333333333336
chr5:138575318:-:ATG,2,"['ENST00000297185.9', 'ENST00000507115.6']","[376.0, 53.0]","[0.8764568764568764, 0.12354312354312354]",429.0,0.8764568764568764,7.09433962264151
chr5:140647583:-:ATG,2,"['ENST00000252102.9', 'ENST00000512088.1']","[257.0, 86.0]","[0.749271137026239, 0.25072886297376096]",343.0,0.749271137026239,2.988372093023256
chr5:140647613:-:CTG,2,"['ENST00000252102.9', 'ENST00000512088.1']","[257.0, 86.0]","[0.749271137026239, 0.25072886297376096]",343.0,0.749271137026239,2.988372093023256
chr5:140691304:-:ATG,3,"['ENST00000504156.7', 'ENST00000457527.6', 'ENST00000438307.6']","[532.0, 21.0, 10.0]","[0.9449378330373002, 0.037300177619893425, 0.017761989342806393]",563.0,0.9449378330373002,25.333333333333332
chr5:143400761:-:ATG,2,"['ENST00000424646.6', 'ENST00000394464.7']","[55.0, 6.0]","[0.9016393442622951, 0.09836065573770492]",61.0,0.9016393442622951,9.166666666666666
chr5:143400839:-:ATG,5,"['ENST00000415690.6', 'ENST00000424646.6', 'ENST00000231509.7', 'ENST00000394464.7', 'ENST00000503201.1']","[147.0, 55.0, 31.0, 6.0, 3.0]","[0.6074380165289256, 0.22727272727272727, 0.128099173553719, 0.024793388429752067, 0.012396694214876033]",242.0,0.6074380165289256,2.672727272727273
chr5:144169955:-:ATG,2,"['ENST00000274496.10', 'ENST00000448443.6']","[147.0, 19.0]","[0.8855421686746988, 0.1144578313253012]",166.0,0.8855421686746988,7.7368421052631575
chr5:150357746:+:ATG,2,"['ENST00000504761.6', 'ENST00000394269.7']","[39.0, 16.0]","[0.7090909090909091, 0.2909090909090909]",55.0,0.7090909090909091,2.4375
chr5:150447721:-:AAG,2,"['ENST00000312037.6', 'ENST00000401695.8']","[2228.0, 112.0]","[0.9521367521367521, 0.04786324786324787]",2340.0,0.9521367521367521,19.892857142857142
chr5:150447733:-:ATG,4,"['ENST00000407193.7', 'ENST00000312037.6', 'ENST00000401695.8', 'ENST00000518139.5']","[2562.0, 2228.0, 112.0, 11.0]","[0.521473641359658, 0.4534907388560961, 0.022796661917362102, 0.0022389578668837776]",4913.0,0.521473641359658,1.1499102333931777
chr5:151065095:-:ATG,3,"['ENST00000521591.6', 'ENST00000389378.6', 'ENST00000523338.5']","[46.0, 16.0, 13.0]","[0.6133333333333333, 0.21333333333333335, 0.17333333333333334]",75.0,0.6133333333333333,2.875
chr5:151786620:+:ATG,3,"['ENST00000356245.8', 'ENST00000522761.6', 'ENST00000394123.7']","[210.0, 155.0, 70.0]","[0.4827586206896552, 0.3563218390804598, 0.16091954022988506]",435.0,0.4827586206896552,1.3548387096774193
chr5:154957149:+:ATT,2,"['ENST00000523037.6', 'ENST00000265229.12']","[252.0, 23.0]","[0.9163636363636364, 0.08363636363636363]",275.0,0.9163636363636364,10.956521739130435
chr5:157139431:-:ATG,3,"['ENST00000286317.6', 'ENST00000420343.1', 'ENST00000524289.1']","[56.0, 11.0, 8.0]","[0.7466666666666667, 0.14666666666666667, 0.10666666666666667]",75.0,0.7466666666666667,5.090909090909091
chr5:163460680:+:CTG,3,"['ENST00000393915.9', 'ENST00000353866.7', 'ENST00000358715.3']","[183.0, 12.0, 5.0]","[0.915, 0.06, 0.025]",200.0,0.915,15.25
chr5:163460692:+:ATG,3,"['ENST00000393915.9', 'ENST00000353866.7', 'ENST00000358715.3']","[183.0, 12.0, 5.0]","[0.915, 0.06, 0.025]",200.0,0.915,15.25
chr5:168292152:+:ATG,2,"['ENST00000265293.9', 'ENST00000521089.5']","[27.0, 8.0]","[0.7714285714285715, 0.22857142857142856]",35.0,0.7714285714285715,3.375
chr5:172983860:+:ATG,2,"['ENST00000519374.6', 'ENST00000517669.1']","[705.0, 24.0]","[0.9670781893004116, 0.03292181069958848]",729.0,0.9670781893004116,29.375
chr5:173144545:+:ATG,2,"['ENST00000351486.10', 'ENST00000231668.13']","[258.0, 28.0]","[0.9020979020979021, 0.0979020979020979]",286.0,0.9020979020979021,9.214285714285714
chr5:173910543:+:ATG,4,"['ENST00000334035.9', 'ENST00000265085.10', 'ENST00000517880.1', 'ENST00000520867.5']","[63.0, 32.0, 11.0, 5.0]","[0.5675675675675675, 0.2882882882882883, 0.0990990990990991, 0.04504504504504504]",111.0,0.5675675675675675,1.96875
chr5:175492103:+:ATG,3,"['ENST00000321442.10', 'ENST00000507823.5', 'ENST00000502393.5']","[219.0, 11.0, 3.0]","[0.9399141630901288, 0.04721030042918455, 0.012875536480686695]",233.0,0.9399141630901288,19.90909090909091
chr5:176359909:-:ATG,2,"['ENST00000298569.9', 'ENST00000393725.6']","[74.0, 73.0]","[0.5034013605442177, 0.4965986394557823]",147.0,0.5034013605442177,1.0136986301369864
chr5:176388539:-:ATG,2,"['ENST00000614830.5', 'ENST00000621444.4']","[2194.0, 630.0]","[0.7769121813031161, 0.22308781869688385]",2824.0,0.7769121813031161,3.4825396825396826
chr5:179623133:-:ATG,6,"['ENST00000393432.9', 'ENST00000329433.11', 'ENST00000442819.6', 'ENST00000508103.6', 'ENST00000510431.6', 'ENST00000523921.2']","[439.0, 307.0, 145.0, 13.0, 8.0, 8.0]","[0.4771739130434783, 0.33369565217391306, 0.15760869565217392, 0.014130434782608696, 0.008695652173913044, 0.008695652173913044]",920.0,0.4771739130434783,1.4299674267100977
chr5:179705681:+:ATG,2,"['ENST00000247461.9', 'ENST00000452673.6']","[444.0, 156.0]","[0.74, 0.26]",600.0,0.74,2.8461538461538463
chr5:181243800:-:ATG,4,"['ENST00000512805.6', 'ENST00000504325.5', 'ENST00000511566.5', 'ENST00000626067.1']","[17652.0, 2189.0, 16.0, 3.0]","[0.888821752265861, 0.11022155085599195, 0.0008056394763343404, 0.00015105740181268882]",19860.0,0.888821752265861,8.063956144358155
chr5:271666:+:CTG,3,"['ENST00000264933.9', 'ENST00000507528.5', 'ENST00000618970.4']","[161.0, 40.0, 7.0]","[0.7740384615384616, 0.19230769230769232, 0.03365384615384615]",208.0,0.7740384615384616,4.025
chr5:271720:+:ATG,3,"['ENST00000264933.9', 'ENST00000507528.5', 'ENST00000618970.4']","[161.0, 40.0, 7.0]","[0.7740384615384616, 0.19230769230769232, 0.03365384615384615]",208.0,0.7740384615384616,4.025
chr5:306669:+:ACG,3,"['ENST00000264933.9', 'ENST00000507528.5', 'ENST00000614778.4']","[161.0, 40.0, 5.0]","[0.7815533980582524, 0.1941747572815534, 0.024271844660194174]",206.0,0.7815533980582524,4.025
chr5:31532392:+:ATG,2,"['ENST00000325366.14', 'ENST00000510659.5']","[105.0, 30.0]","[0.7777777777777778, 0.2222222222222222]",135.0,0.7777777777777778,3.5
chr5:32312895:-:CTG,2,"['ENST00000382142.8', 'ENST00000280285.9']","[29.0, 3.0]","[0.90625, 0.09375]",32.0,0.90625,9.666666666666666
chr5:33441086:+:ATG,3,"['ENST00000265112.8', 'ENST00000502553.5', 'ENST00000508361.5']","[2831.0, 213.0, 8.0]","[0.9275884665792923, 0.06979030144167758, 0.002621231979030144]",3052.0,0.9275884665792923,13.291079812206572
chr5:33441122:+:ATG,2,"['ENST00000265112.8', 'ENST00000502553.5']","[2831.0, 213.0]","[0.9300262812089356, 0.06997371879106438]",3044.0,0.9300262812089356,13.291079812206572
chr5:34008019:-:ATG,2,"['ENST00000335606.11', 'ENST00000426255.6']","[16.0, 8.0]","[0.6666666666666666, 0.3333333333333333]",24.0,0.6666666666666666,2.0
chr5:34686919:+:ATG,2,"['ENST00000265109.8', 'ENST00000512629.5']","[20.0, 4.0]","[0.8333333333333334, 0.16666666666666666]",24.0,0.8333333333333334,5.0
chr5:34914961:-:GTG,2,"['ENST00000325577.8', 'ENST00000382038.7']","[130.0, 60.0]","[0.6842105263157895, 0.3157894736842105]",190.0,0.6842105263157895,2.1666666666666665
chr5:34915454:-:CTG,2,"['ENST00000325577.8', 'ENST00000382038.7']","[130.0, 60.0]","[0.6842105263157895, 0.3157894736842105]",190.0,0.6842105263157895,2.1666666666666665
chr5:38530644:-:ATG,2,"['ENST00000263409.8', 'ENST00000453190.7']","[7.0, 4.0]","[0.6363636363636364, 0.36363636363636365]",11.0,0.6363636363636364,1.75
chr5:38530647:-:ATG,2,"['ENST00000263409.8', 'ENST00000453190.7']","[7.0, 4.0]","[0.6363636363636364, 0.36363636363636365]",11.0,0.6363636363636364,1.75
chr5:39074377:-:ATG,3,"['ENST00000357387.8', 'ENST00000296782.10', 'ENST00000511516.5']","[22.0, 8.0, 4.0]","[0.6470588235294118, 0.23529411764705882, 0.11764705882352941]",34.0,0.6470588235294118,2.75
chr5:39394320:-:ATG,2,"['ENST00000320816.11', 'ENST00000509337.5']","[163.0, 12.0]","[0.9314285714285714, 0.06857142857142857]",175.0,0.9314285714285714,13.583333333333334
chr5:42808353:-:ATG,2,"['ENST00000514985.6', 'ENST00000511224.5']","[28.0, 8.0]","[0.7777777777777778, 0.2222222222222222]",36.0,0.7777777777777778,3.5
chr5:43122053:+:ATG,2,"['ENST00000306938.8', 'ENST00000682664.1']","[35.0, 5.0]","[0.875, 0.125]",40.0,0.875,7.0
chr5:43453969:-:ATG,2,"['ENST00000397080.8', 'ENST00000506860.1']","[60.0, 3.0]","[0.9523809523809523, 0.047619047619047616]",63.0,0.9523809523809523,20.0
chr5:43609195:+:ATG,2,"['ENST00000344920.9', 'ENST00000264663.9']","[29.0, 11.0]","[0.725, 0.275]",40.0,0.725,2.6363636363636362
chr5:55160192:+:ATG,2,"['ENST00000515370.1', 'ENST00000503787.6']","[241.0, 197.0]","[0.5502283105022832, 0.4497716894977169]",438.0,0.5502283105022832,1.2233502538071066
chr5:56947063:-:TTG,2,"['ENST00000381199.8', 'ENST00000381213.7']","[13.0, 11.0]","[0.5416666666666666, 0.4583333333333333]",24.0,0.5416666666666666,1.1818181818181819
chr5:56952102:-:ATG,2,"['ENST00000381199.8', 'ENST00000381213.7']","[13.0, 11.0]","[0.5416666666666666, 0.4583333333333333]",24.0,0.5416666666666666,1.1818181818181819
chr5:57214130:+:ATG,2,"['ENST00000506184.7', 'ENST00000264779.6']","[10.0, 3.0]","[0.7692307692307693, 0.23076923076923078]",13.0,0.7692307692307693,3.3333333333333335
chr5:59038873:-:ATG,2,"['ENST00000507116.6', 'ENST00000358923.10']","[54.0, 4.0]","[0.9310344827586207, 0.06896551724137931]",58.0,0.9310344827586207,13.5
chr5:59768554:-:ACG,2,"['ENST00000507116.6', 'ENST00000502575.1']","[54.0, 22.0]","[0.7105263157894737, 0.2894736842105263]",76.0,0.7105263157894737,2.4545454545454546
chr5:65554907:-:ATG,2,"['ENST00000396679.6', 'ENST00000514814.5']","[112.0, 39.0]","[0.7417218543046358, 0.2582781456953642]",151.0,0.7417218543046358,2.871794871794872
chr5:65625060:+:ATG,2,"['ENST00000438419.6', 'ENST00000505553.5']","[56.0, 23.0]","[0.7088607594936709, 0.2911392405063291]",79.0,0.7088607594936709,2.4347826086956523
chr5:6633524:+:ATG,2,"['ENST00000274192.7', 'ENST00000504286.2']","[23.0, 8.0]","[0.7419354838709677, 0.25806451612903225]",31.0,0.7419354838709677,2.875
chr5:69167220:+:CTG,3,"['ENST00000256442.10', 'ENST00000506572.5', 'ENST00000508407.5']","[1139.0, 58.0, 3.0]","[0.9491666666666667, 0.04833333333333333, 0.0025]",1200.0,0.9491666666666667,19.637931034482758
chr5:69167262:+:ATG,3,"['ENST00000256442.10', 'ENST00000506572.5', 'ENST00000508407.5']","[1139.0, 58.0, 3.0]","[0.9491666666666667, 0.04833333333333333, 0.0025]",1200.0,0.9491666666666667,19.637931034482758
chr5:69565132:+:ATG,3,"['ENST00000380729.8', 'ENST00000510979.5', 'ENST00000512736.5']","[41.0, 21.0, 12.0]","[0.5540540540540541, 0.28378378378378377, 0.16216216216216217]",74.0,0.5540540540540541,1.9523809523809523
chr5:70925103:+:ATG,3,"['ENST00000380707.9', 'ENST00000506163.5', 'ENST00000514951.5']","[463.0, 33.0, 3.0]","[0.9278557114228457, 0.06613226452905811, 0.006012024048096192]",499.0,0.9278557114228457,14.030303030303031
chr5:71062763:-:ATG,2,"['ENST00000274400.10', 'ENST00000330280.11']","[60.0, 10.0]","[0.8571428571428571, 0.14285714285714285]",70.0,0.8571428571428571,6.0
chr5:71587425:+:ATG,2,"['ENST00000629193.3', 'ENST00000340941.11']","[10.0, 7.0]","[0.5882352941176471, 0.4117647058823529]",17.0,0.5882352941176471,1.4285714285714286
chr5:73567344:+:ATG,2,"['ENST00000296792.9', 'ENST00000508491.1']","[78.0, 21.0]","[0.7878787878787878, 0.21212121212121213]",99.0,0.7878787878787878,3.7142857142857144
chr5:74767042:-:CTG,2,"['ENST00000296805.8', 'ENST00000427854.6']","[32.0, 13.0]","[0.7111111111111111, 0.28888888888888886]",45.0,0.7111111111111111,2.4615384615384617
chr5:75342605:+:ATG,3,"['ENST00000287936.9', 'ENST00000343975.9', 'ENST00000511206.5']","[72.0, 13.0, 7.0]","[0.782608695652174, 0.14130434782608695, 0.07608695652173914]",92.0,0.782608695652174,5.538461538461538
chr5:77492220:-:ATG,2,"['ENST00000296679.9', 'ENST00000507029.5']","[27.0, 6.0]","[0.8181818181818182, 0.18181818181818182]",33.0,0.8181818181818182,4.5
chr5:7870794:+:ATG,3,"['ENST00000440940.7', 'ENST00000264668.6', 'ENST00000510279.5']","[212.0, 52.0, 3.0]","[0.7940074906367042, 0.1947565543071161, 0.011235955056179775]",267.0,0.7940074906367042,4.076923076923077
chr5:79991238:-:ATG,2,"['ENST00000512528.3', 'ENST00000509852.6']","[134.0, 35.0]","[0.7928994082840237, 0.20710059171597633]",169.0,0.7928994082840237,3.8285714285714287
chr5:80434126:+:CTG,3,"['ENST00000505560.5', 'ENST00000338008.9', 'ENST00000510158.5']","[28.0, 12.0, 9.0]","[0.5714285714285714, 0.24489795918367346, 0.1836734693877551]",49.0,0.5714285714285714,2.3333333333333335
chr5:80434147:+:ATG,3,"['ENST00000505560.5', 'ENST00000338008.9', 'ENST00000510158.5']","[28.0, 12.0, 9.0]","[0.5714285714285714, 0.24489795918367346, 0.1836734693877551]",49.0,0.5714285714285714,2.3333333333333335
chr5:81987570:+:ATG,2,"['ENST00000458350.7', 'ENST00000513443.5']","[3.0, 3.0]","[0.5, 0.5]",6.0,0.5,1.0
chr5:83104919:+:ATG,4,"['ENST00000396027.9', 'ENST00000511817.1', 'ENST00000282268.7', 'ENST00000338635.10']","[37.0, 9.0, 6.0, 3.0]","[0.6727272727272727, 0.16363636363636364, 0.10909090909090909, 0.05454545454545454]",55.0,0.6727272727272727,4.111111111111111
chr5:83104931:+:ATA,4,"['ENST00000396027.9', 'ENST00000511817.1', 'ENST00000282268.7', 'ENST00000338635.10']","[37.0, 9.0, 6.0, 3.0]","[0.6727272727272727, 0.16363636363636364, 0.10909090909090909, 0.05454545454545454]",55.0,0.6727272727272727,4.111111111111111
chr5:83105000:+:CTG,4,"['ENST00000396027.9', 'ENST00000511817.1', 'ENST00000282268.7', 'ENST00000338635.10']","[37.0, 9.0, 6.0, 3.0]","[0.6727272727272727, 0.16363636363636364, 0.10909090909090909, 0.05454545454545454]",55.0,0.6727272727272727,4.111111111111111
chr5:84384374:-:ATG,2,"['ENST00000296591.10', 'ENST00000380138.3']","[132.0, 15.0]","[0.8979591836734694, 0.10204081632653061]",147.0,0.8979591836734694,8.8
chr5:86618004:+:ATT,2,"['ENST00000247655.4', 'ENST00000509578.1']","[1722.0, 22.0]","[0.9873853211009175, 0.01261467889908257]",1744.0,0.9873853211009175,78.27272727272727
chr5:87331393:+:AGG,2,"['ENST00000274376.11', 'ENST00000456692.6']","[11.0, 3.0]","[0.7857142857142857, 0.21428571428571427]",14.0,0.7857142857142857,3.6666666666666665
chr5:90409661:-:ATG,2,"['ENST00000283122.8', 'ENST00000522083.5']","[68.0, 14.0]","[0.8292682926829268, 0.17073170731707318]",82.0,0.8292682926829268,4.857142857142857
chr5:94628810:+:ATG,2,"['ENST00000508130.5', 'ENST00000265140.10']","[11.0, 9.0]","[0.55, 0.45]",20.0,0.55,1.2222222222222223
chr5:95547150:-:ATG,2,"['ENST00000358746.7', 'ENST00000514952.5']","[65.0, 4.0]","[0.9420289855072463, 0.057971014492753624]",69.0,0.9420289855072463,16.25
chr5:95822662:-:ATG,2,"['ENST00000237858.11', 'ENST00000379979.8']","[229.0, 8.0]","[0.9662447257383966, 0.03375527426160337]",237.0,0.9662447257383966,28.625
chr5:96722677:+:ATG,4,"['ENST00000309190.9', 'ENST00000508608.6', 'ENST00000341926.7', 'ENST00000504465.5']","[25.0, 23.0, 3.0, 3.0]","[0.46296296296296297, 0.42592592592592593, 0.05555555555555555, 0.05555555555555555]",54.0,0.46296296296296297,1.0869565217391304
chr5:97183182:-:GTG,2,"['ENST00000283109.8', 'ENST00000508447.1']","[88.0, 31.0]","[0.7394957983193278, 0.2605042016806723]",119.0,0.7394957983193278,2.838709677419355
chr5:97183191:-:ATG,2,"['ENST00000283109.8', 'ENST00000508447.1']","[88.0, 31.0]","[0.7394957983193278, 0.2605042016806723]",119.0,0.7394957983193278,2.838709677419355
chr6:106316208:-:ATG,2,"['ENST00000369076.8', 'ENST00000343245.7']","[24.0, 3.0]","[0.8888888888888888, 0.1111111111111111]",27.0,0.8888888888888888,8.0
chr6:106629681:+:ATG,2,"['ENST00000369044.1', 'ENST00000369046.8']","[21.0, 19.0]","[0.525, 0.475]",40.0,0.525,1.105263157894737
chr6:10724613:+:ATG,2,"['ENST00000229563.6', 'ENST00000541412.5']","[4779.0, 315.0]","[0.9381625441696113, 0.061837455830388695]",5094.0,0.9381625441696113,15.17142857142857
chr6:108260921:-:ATG,2,"['ENST00000230085.13', 'ENST00000349379.5']","[70.0, 3.0]","[0.958904109589041, 0.0410958904109589]",73.0,0.958904109589041,23.333333333333332
chr6:109382378:-:ATG,3,"['ENST00000310786.10', 'ENST00000324953.9', 'ENST00000413644.6']","[923.0, 231.0, 4.0]","[0.7970639032815199, 0.19948186528497408, 0.0034542314335060447]",1158.0,0.7970639032815199,3.9956709956709955
chr6:122399737:+:ATG,2,"['ENST00000452194.5', 'ENST00000368455.9']","[10.0, 3.0]","[0.7692307692307693, 0.23076923076923078]",13.0,0.7692307692307693,3.3333333333333335
chr6:125815354:+:ATG,2,"['ENST00000368357.7', 'ENST00000392477.7']","[22.0, 5.0]","[0.8148148148148148, 0.18518518518518517]",27.0,0.8148148148148148,4.4
chr6:125986550:+:ATG,2,"['ENST00000334379.11', 'ENST00000368332.7']","[64.0, 28.0]","[0.6956521739130435, 0.30434782608695654]",92.0,0.6956521739130435,2.2857142857142856
chr6:133980125:+:ATG,2,"['ENST00000237264.9', 'ENST00000613034.4']","[29.0, 17.0]","[0.6304347826086957, 0.3695652173913043]",46.0,0.6304347826086957,1.7058823529411764
chr6:135054787:-:AGG,3,"['ENST00000367837.10', 'ENST00000367822.9', 'ENST00000367826.6']","[56.0, 30.0, 7.0]","[0.6021505376344086, 0.3225806451612903, 0.07526881720430108]",93.0,0.6021505376344086,1.8666666666666667
chr6:143060916:+:CTG,2,"['ENST00000357847.9', 'ENST00000275235.8']","[25.0, 3.0]","[0.8928571428571429, 0.10714285714285714]",28.0,0.8928571428571429,8.333333333333334
chr6:143060925:+:ATG,2,"['ENST00000357847.9', 'ENST00000275235.8']","[25.0, 3.0]","[0.8928571428571429, 0.10714285714285714]",28.0,0.8928571428571429,8.333333333333334
chr6:149749901:+:ATG,5,"['ENST00000367378.6', 'ENST00000367384.8', 'ENST00000464889.7', 'ENST00000367380.9', 'ENST00000544496.5']","[896.0, 377.0, 327.0, 5.0, 4.0]","[0.5568676196395277, 0.23430702299564948, 0.20323182100683654, 0.003107520198881293, 0.002486016159105034]",1609.0,0.5568676196395277,2.376657824933687
chr6:151445811:-:ATG,2,"['ENST00000444024.3', 'ENST00000491268.2']","[29.0, 6.0]","[0.8285714285714286, 0.17142857142857143]",35.0,0.8285714285714286,4.833333333333333
chr6:157323499:-:ATG,2,"['ENST00000400788.9', 'ENST00000367144.4']","[143.0, 19.0]","[0.8827160493827161, 0.11728395061728394]",162.0,0.8827160493827161,7.526315789473684
chr6:158818093:-:ATG,2,"['ENST00000367075.4', 'ENST00000337147.11']","[351.0, 43.0]","[0.8908629441624365, 0.10913705583756345]",394.0,0.8908629441624365,8.162790697674419
chr6:158818132:-:GTG,2,"['ENST00000367075.4', 'ENST00000337147.11']","[351.0, 43.0]","[0.8908629441624365, 0.10913705583756345]",394.0,0.8908629441624365,8.162790697674419
chr6:159693167:-:ATG,4,"['ENST00000367055.8', 'ENST00000538183.7', 'ENST00000367054.6', 'ENST00000337404.8']","[176.0, 114.0, 53.0, 15.0]","[0.49162011173184356, 0.31843575418994413, 0.14804469273743018, 0.04189944134078212]",358.0,0.49162011173184356,1.543859649122807
chr6:159693228:-:GTG,4,"['ENST00000367055.8', 'ENST00000538183.7', 'ENST00000367054.6', 'ENST00000337404.8']","[176.0, 114.0, 53.0, 15.0]","[0.49162011173184356, 0.31843575418994413, 0.14804469273743018, 0.04189944134078212]",358.0,0.49162011173184356,1.543859649122807
chr6:166999412:+:ATG,2,"['ENST00000366847.9', 'ENST00000349556.5']","[55.0, 25.0]","[0.6875, 0.3125]",80.0,0.6875,2.2
chr6:166999451:+:ACG,2,"['ENST00000366847.9', 'ENST00000349556.5']","[55.0, 25.0]","[0.6875, 0.3125]",80.0,0.6875,2.2
chr6:170584518:-:CTG,2,"['ENST00000541970.6', 'ENST00000443345.2']","[10.0, 6.0]","[0.625, 0.375]",16.0,0.625,1.6666666666666667
chr6:170584581:-:ATG,3,"['ENST00000542896.5', 'ENST00000541970.6', 'ENST00000443345.2']","[20.0, 10.0, 6.0]","[0.5555555555555556, 0.2777777777777778, 0.16666666666666666]",36.0,0.5555555555555556,2.0
chr6:17987463:-:ATG,2,"['ENST00000378826.6', 'ENST00000502704.2']","[11.0, 6.0]","[0.6470588235294118, 0.35294117647058826]",17.0,0.6470588235294118,1.8333333333333333
chr6:24403046:+:ATG,2,"['ENST00000378386.8', 'ENST00000378353.5']","[51.0, 44.0]","[0.5368421052631579, 0.4631578947368421]",95.0,0.5368421052631579,1.1590909090909092
chr6:24777246:+:ATG,4,"['ENST00000356509.7', 'ENST00000230056.8', 'ENST00000620958.4', 'ENST00000378059.3']","[807.0, 611.0, 52.0, 3.0]","[0.5478615071283096, 0.4147997284453496, 0.035302104548540394, 0.002036659877800407]",1473.0,0.5478615071283096,1.320785597381342
chr6:26123871:-:AAG,2,"['ENST00000314332.5', 'ENST00000396984.2']","[16.0, 16.0]","[0.5, 0.5]",32.0,0.5,1.0
chr6:26123904:-:ATG,2,"['ENST00000314332.5', 'ENST00000396984.2']","[16.0, 16.0]","[0.5, 0.5]",32.0,0.5,1.0
chr6:26124232:+:ATG,3,"['ENST00000314088.6', 'ENST00000377791.4', 'ENST00000602637.1']","[276.0, 57.0, 40.0]","[0.739946380697051, 0.15281501340482573, 0.10723860589812333]",373.0,0.739946380697051,4.842105263157895
chr6:26158169:+:ATG,2,"['ENST00000289316.2', 'ENST00000377777.6']","[349.0, 29.0]","[0.9232804232804233, 0.07671957671957672]",378.0,0.9232804232804233,12.03448275862069
chr6:26158202:+:AAG,2,"['ENST00000289316.2', 'ENST00000377777.6']","[349.0, 29.0]","[0.9232804232804233, 0.07671957671957672]",378.0,0.9232804232804233,12.03448275862069
chr6:26197250:-:ATG,2,"['ENST00000356476.3', 'ENST00000635200.1']","[44.0, 38.0]","[0.5365853658536586, 0.4634146341463415]",82.0,0.5365853658536586,1.1578947368421053
chr6:27132750:-:ATG,2,"['ENST00000607124.2', 'ENST00000339812.3']","[280.0, 15.0]","[0.9491525423728814, 0.05084745762711865]",295.0,0.9491525423728814,18.666666666666668
chr6:2959260:-:AAG,4,"['ENST00000380546.7', 'ENST00000380539.7', 'ENST00000380529.5', 'ENST00000380520.6']","[404.0, 291.0, 83.0, 3.0]","[0.5172855313700384, 0.3725992317541613, 0.10627400768245839, 0.0038412291933418692]",781.0,0.5172855313700384,1.388316151202749
chr6:2959332:-:ATG,4,"['ENST00000380546.7', 'ENST00000380539.7', 'ENST00000380529.5', 'ENST00000380520.6']","[404.0, 291.0, 83.0, 3.0]","[0.5172855313700384, 0.3725992317541613, 0.10627400768245839, 0.0038412291933418692]",781.0,0.5172855313700384,1.388316151202749
chr6:30061524:+:ATG,4,"['ENST00000332435.10', 'ENST00000359374.8', 'ENST00000376782.6', 'ENST00000376785.2']","[619.0, 527.0, 73.0, 35.0]","[0.49362041467304624, 0.42025518341307816, 0.058213716108452954, 0.027910685805422646]",1254.0,0.49362041467304624,1.174573055028463
chr6:30061533:+:ATG,3,"['ENST00000359374.8', 'ENST00000376782.6', 'ENST00000376785.2']","[527.0, 73.0, 35.0]","[0.8299212598425196, 0.11496062992125984, 0.05511811023622047]",635.0,0.8299212598425196,7.219178082191781
chr6:30199103:-:ATG,2,"['ENST00000453195.5', 'ENST00000454678.7']","[5.0, 3.0]","[0.625, 0.375]",8.0,0.625,1.6666666666666667
chr6:30571487:+:ATG,2,"['ENST00000326195.13', 'ENST00000376545.7']","[48.0, 4.0]","[0.9230769230769231, 0.07692307692307693]",52.0,0.9230769230769231,12.0
chr6:30686018:-:ATG,2,"['ENST00000399199.7', 'ENST00000615527.1']","[3.0, 3.0]","[0.5, 0.5]",6.0,0.5,1.0
chr6:30914836:+:ATG,2,"['ENST00000676266.1', 'ENST00000321897.9']","[4.0, 3.0]","[0.5714285714285714, 0.42857142857142855]",7.0,0.5714285714285714,1.3333333333333333
chr6:30914845:+:TTG,2,"['ENST00000676266.1', 'ENST00000321897.9']","[4.0, 3.0]","[0.5714285714285714, 0.42857142857142855]",7.0,0.5714285714285714,1.3333333333333333
chr6:31505642:+:ATG,2,"['ENST00000538442.5', 'ENST00000252229.7']","[78.0, 20.0]","[0.7959183673469388, 0.20408163265306123]",98.0,0.7959183673469388,3.9
chr6:31540532:-:ATG,3,"['ENST00000458640.5', 'ENST00000376185.5', 'ENST00000396172.6']","[981.0, 95.0, 3.0]","[0.9091751621872104, 0.08804448563484708, 0.0027803521779425394]",1079.0,0.9091751621872104,10.326315789473684
chr6:31547694:+:ATG,2,"['ENST00000376148.9', 'ENST00000376145.8']","[84.0, 8.0]","[0.9130434782608695, 0.08695652173913043]",92.0,0.9130434782608695,10.5
chr6:31622789:+:ATG,2,"['ENST00000376007.8', 'ENST00000376033.3']","[15.0, 10.0]","[0.6, 0.4]",25.0,0.6,1.5
chr6:31651763:-:ATG,4,"['ENST00000362049.10', 'ENST00000211379.9', 'ENST00000439687.6', 'ENST00000424480.5']","[9.0, 8.0, 7.0, 5.0]","[0.3103448275862069, 0.27586206896551724, 0.2413793103448276, 0.1724137931034483]",29.0,0.3103448275862069,1.125
chr6:31652625:-:GTG,4,"['ENST00000362049.10', 'ENST00000211379.9', 'ENST00000439687.6', 'ENST00000424480.5']","[9.0, 8.0, 7.0, 5.0]","[0.3103448275862069, 0.27586206896551724, 0.2413793103448276, 0.1724137931034483]",29.0,0.3103448275862069,1.125
chr6:31736264:-:AAG,2,"['ENST00000375784.8', 'ENST00000616760.1']","[3462.0, 75.0]","[0.9787955894826124, 0.021204410517387615]",3537.0,0.9787955894826124,46.16
chr6:31736300:-:ATG,2,"['ENST00000375784.8', 'ENST00000616760.1']","[3462.0, 75.0]","[0.9787955894826124, 0.021204410517387615]",3537.0,0.9787955894826124,46.16
chr6:31971675:-:ATG,2,"['ENST00000337523.10', 'ENST00000375356.7']","[81.0, 6.0]","[0.9310344827586207, 0.06896551724137931]",87.0,0.9310344827586207,13.5
chr6:32128180:-:ATT,2,"['ENST00000375203.8', 'ENST00000375201.8']","[42.0, 7.0]","[0.8571428571428571, 0.14285714285714285]",49.0,0.8571428571428571,6.0
chr6:32128207:-:ATG,2,"['ENST00000375203.8', 'ENST00000375201.8']","[42.0, 7.0]","[0.8571428571428571, 0.14285714285714285]",49.0,0.8571428571428571,6.0
chr6:33289847:+:ATC,3,"['ENST00000395131.5', 'ENST00000374606.10', 'ENST00000374607.5']","[286.0, 146.0, 96.0]","[0.5416666666666666, 0.2765151515151515, 0.18181818181818182]",528.0,0.5416666666666666,1.9589041095890412
chr6:33289856:+:ATG,3,"['ENST00000395131.5', 'ENST00000374606.10', 'ENST00000374607.5']","[286.0, 146.0, 96.0]","[0.5416666666666666, 0.2765151515151515, 0.18181818181818182]",528.0,0.5416666666666666,1.9589041095890412
chr6:33314041:-:ATG,3,"['ENST00000434618.7', 'ENST00000489157.6', 'ENST00000467025.2']","[55.0, 7.0, 3.0]","[0.8461538461538461, 0.1076923076923077, 0.046153846153846156]",65.0,0.8461538461538461,7.857142857142857
chr6:34887957:-:ATG,2,"['ENST00000361288.9', 'ENST00000420584.3']","[48.0, 15.0]","[0.7619047619047619, 0.23809523809523808]",63.0,0.7619047619047619,3.2
chr6:36986119:-:ATG,2,"['ENST00000373616.9', 'ENST00000373627.10']","[29.0, 27.0]","[0.5178571428571429, 0.48214285714285715]",56.0,0.5178571428571429,1.0740740740740742
chr6:36986173:-:ATG,2,"['ENST00000373616.9', 'ENST00000373627.10']","[29.0, 27.0]","[0.5178571428571429, 0.48214285714285715]",56.0,0.5178571428571429,1.0740740740740742
chr6:41071267:-:GTG,2,"['ENST00000479950.5', 'ENST00000424266.7']","[17.0, 12.0]","[0.5862068965517241, 0.41379310344827586]",29.0,0.5862068965517241,1.4166666666666667
chr6:41071634:-:ATG,4,"['ENST00000463088.5', 'ENST00000479950.5', 'ENST00000373154.6', 'ENST00000424266.7']","[38.0, 17.0, 15.0, 12.0]","[0.4634146341463415, 0.2073170731707317, 0.18292682926829268, 0.14634146341463414]",82.0,0.4634146341463415,2.235294117647059
chr6:41787697:+:ATG,4,"['ENST00000398884.7', 'ENST00000335515.10', 'ENST00000398881.4', 'ENST00000456057.5']","[1178.0, 1052.0, 981.0, 14.0]","[0.3652713178294574, 0.3262015503875969, 0.3041860465116279, 0.004341085271317829]",3225.0,0.3652713178294574,1.1197718631178708
chr6:42050541:+:ATG,2,"['ENST00000372978.7', 'ENST00000372977.8']","[120.0, 15.0]","[0.8888888888888888, 0.1111111111111111]",135.0,0.8888888888888888,8.0
chr6:43059381:-:ATG,4,"['ENST00000489623.1', 'ENST00000388752.8', 'ENST00000230413.9', 'ENST00000468957.1']","[134.0, 88.0, 74.0, 9.0]","[0.43934426229508194, 0.28852459016393445, 0.24262295081967214, 0.029508196721311476]",305.0,0.43934426229508194,1.5227272727272727
chr6:43061335:+:ATG,3,"['ENST00000347162.10', 'ENST00000259708.7', 'ENST00000479388.5']","[18.0, 11.0, 6.0]","[0.5142857142857142, 0.3142857142857143, 0.17142857142857143]",35.0,0.5142857142857142,1.6363636363636365
chr6:5004002:-:ATG,2,"['ENST00000380051.7', 'ENST00000319533.9']","[88.0, 71.0]","[0.5534591194968553, 0.44654088050314467]",159.0,0.5534591194968553,1.2394366197183098
chr6:52284674:-:ATG,2,"['ENST00000616552.4', 'ENST00000596288.7']","[258.0, 62.0]","[0.80625, 0.19375]",320.0,0.80625,4.161290322580645
chr6:57046755:+:ATG,2,"['ENST00000370733.5', 'ENST00000545356.6']","[101.0, 96.0]","[0.5126903553299492, 0.4873096446700508]",197.0,0.5126903553299492,1.0520833333333333
chr6:57047360:+:ACG,2,"['ENST00000370733.5', 'ENST00000545356.6']","[101.0, 96.0]","[0.5126903553299492, 0.4873096446700508]",197.0,0.5126903553299492,1.0520833333333333
chr6:57090253:+:ATG,3,"['ENST00000370708.8', 'ENST00000370706.9', 'ENST00000357489.7']","[243.0, 16.0, 6.0]","[0.9169811320754717, 0.06037735849056604, 0.022641509433962263]",265.0,0.9169811320754717,15.1875
chr6:63646551:+:ATG,2,"['ENST00000262043.8', 'ENST00000393387.5']","[51.0, 10.0]","[0.8360655737704918, 0.16393442622950818]",61.0,0.8360655737704918,5.1
chr6:7313120:-:ATG,2,"['ENST00000244763.9', 'ENST00000489567.5']","[729.0, 54.0]","[0.9310344827586207, 0.06896551724137931]",783.0,0.9310344827586207,13.5
chr6:73461854:+:ATG,3,"['ENST00000498286.6', 'ENST00000370300.8', 'ENST00000415954.6']","[14.0, 4.0, 3.0]","[0.6666666666666666, 0.19047619047619047, 0.14285714285714285]",21.0,0.6666666666666666,3.5
chr6:73696215:+:ATG,2,"['ENST00000287097.6', 'ENST00000437994.6']","[31.0, 6.0]","[0.8378378378378378, 0.16216216216216217]",37.0,0.8378378378378378,5.166666666666667
chr6:7389889:+:ATG,2,"['ENST00000379834.7', 'ENST00000475351.5']","[284.0, 31.0]","[0.9015873015873016, 0.09841269841269841]",315.0,0.9015873015873016,9.161290322580646
chr6:75243734:-:ATG,4,"['ENST00000684430.2', 'ENST00000509698.6', 'ENST00000370081.6', 'ENST00000370089.6']","[4298.0, 11.0, 7.0, 4.0]","[0.9949074074074075, 0.0025462962962962965, 0.0016203703703703703, 0.000925925925925926]",4320.0,0.9949074074074075,390.72727272727275
chr6:75243830:-:ATG,2,"['ENST00000370081.6', 'ENST00000370089.6']","[7.0, 4.0]","[0.6363636363636364, 0.36363636363636365]",11.0,0.6363636363636364,1.75
chr6:7590257:+:ATG,2,"['ENST00000342415.6', 'ENST00000634363.1']","[147.0, 4.0]","[0.9735099337748344, 0.026490066225165563]",151.0,0.9735099337748344,36.75
chr6:79234644:-:CTG,2,"['ENST00000344726.10', 'ENST00000275036.11']","[1146.0, 532.0]","[0.6829558998808105, 0.3170441001191895]",1678.0,0.6829558998808105,2.154135338345865
chr6:8102488:-:AAG,3,"['ENST00000379715.10', 'ENST00000507463.1', 'ENST00000429723.6']","[1091.0, 611.0, 35.0]","[0.6280944156591824, 0.3517559009786989, 0.020149683362118594]",1737.0,0.6280944156591824,1.7855973813420623
chr6:8102521:-:ATG,3,"['ENST00000379715.10', 'ENST00000507463.1', 'ENST00000429723.6']","[1091.0, 611.0, 35.0]","[0.6280944156591824, 0.3517559009786989, 0.020149683362118594]",1737.0,0.6280944156591824,1.7855973813420623
chr6:83191012:-:ATG,2,"['ENST00000513973.6', 'ENST00000512866.5']","[19.0, 5.0]","[0.7916666666666666, 0.20833333333333334]",24.0,0.7916666666666666,3.8
chr6:99510220:-:ATG,2,"['ENST00000329966.10', 'ENST00000500704.7']","[51.0, 8.0]","[0.864406779661017, 0.13559322033898305]",59.0,0.864406779661017,6.375
chr7:100077357:-:ATG,3,"['ENST00000299667.9', 'ENST00000424697.5', 'ENST00000413658.6']","[21.0, 6.0, 4.0]","[0.6774193548387096, 0.1935483870967742, 0.12903225806451613]",31.0,0.6774193548387096,3.5
chr7:100077399:-:CTG,3,"['ENST00000299667.9', 'ENST00000424697.5', 'ENST00000413658.6']","[21.0, 6.0, 4.0]","[0.6774193548387096, 0.1935483870967742, 0.12903225806451613]",31.0,0.6774193548387096,3.5
chr7:100101333:-:CTG,2,"['ENST00000303887.10', 'ENST00000343023.10']","[797.0, 5.0]","[0.9937655860349127, 0.006234413965087282]",802.0,0.9937655860349127,159.4
chr7:100114209:-:ATG,3,"['ENST00000453269.7', 'ENST00000452041.5', 'ENST00000344095.8']","[58.0, 7.0, 3.0]","[0.8529411764705882, 0.10294117647058823, 0.04411764705882353]",68.0,0.8529411764705882,8.285714285714286
chr7:100148972:+:ATG,2,"['ENST00000341942.10', 'ENST00000460732.5']","[801.0, 21.0]","[0.9744525547445255, 0.025547445255474453]",822.0,0.9744525547445255,38.142857142857146
chr7:100875277:+:CTG,4,"['ENST00000611405.5', 'ENST00000614484.4', 'ENST00000618262.4', 'ENST00000618411.4']","[79.0, 22.0, 20.0, 3.0]","[0.6370967741935484, 0.1774193548387097, 0.16129032258064516, 0.024193548387096774]",124.0,0.6370967741935484,3.590909090909091
chr7:101087034:+:CTG,2,"['ENST00000306085.11', 'ENST00000412507.1']","[195.0, 15.0]","[0.9285714285714286, 0.07142857142857142]",210.0,0.9285714285714286,13.0
chr7:101321709:-:ATG,2,"['ENST00000437644.2', 'ENST00000315322.10']","[28.0, 25.0]","[0.5283018867924528, 0.4716981132075472]",53.0,0.5283018867924528,1.12
chr7:102396411:+:ATG,2,"['ENST00000397912.3', 'ENST00000496391.5']","[35.0, 10.0]","[0.7777777777777778, 0.2222222222222222]",45.0,0.7777777777777778,3.5
chr7:103344622:-:ATG,2,"['ENST00000379263.8', 'ENST00000249270.11']","[43.0, 5.0]","[0.8958333333333334, 0.10416666666666667]",48.0,0.8958333333333334,8.6
chr7:103347711:+:ATG,3,"['ENST00000457587.5', 'ENST00000425206.6', 'ENST00000292644.5']","[34.0, 5.0, 3.0]","[0.8095238095238095, 0.11904761904761904, 0.07142857142857142]",42.0,0.8095238095238095,6.8
chr7:104207904:-:ATG,2,"['ENST00000297431.9', 'ENST00000447452.6']","[505.0, 5.0]","[0.9901960784313726, 0.00980392156862745]",510.0,0.9901960784313726,101.0
chr7:104207931:-:CTG,2,"['ENST00000297431.9', 'ENST00000447452.6']","[505.0, 5.0]","[0.9901960784313726, 0.00980392156862745]",510.0,0.9901960784313726,101.0
chr7:105268843:-:ATG,2,"['ENST00000357311.7', 'ENST00000489828.5']","[25.0, 3.0]","[0.8928571428571429, 0.10714285714285714]",28.0,0.8928571428571429,8.333333333333334
chr7:105508512:-:ATG,2,"['ENST00000469408.6', 'ENST00000356362.6']","[87.0, 70.0]","[0.554140127388535, 0.445859872611465]",157.0,0.554140127388535,1.2428571428571429
chr7:105522139:-:GTG,2,"['ENST00000469408.6', 'ENST00000356362.6']","[87.0, 70.0]","[0.554140127388535, 0.445859872611465]",157.0,0.554140127388535,1.2428571428571429
chr7:105522178:-:CTG,2,"['ENST00000469408.6', 'ENST00000356362.6']","[87.0, 70.0]","[0.554140127388535, 0.445859872611465]",157.0,0.554140127388535,1.2428571428571429
chr7:105522211:-:CTG,2,"['ENST00000469408.6', 'ENST00000356362.6']","[87.0, 70.0]","[0.554140127388535, 0.445859872611465]",157.0,0.554140127388535,1.2428571428571429
chr7:106284884:-:ATG,2,"['ENST00000222553.8', 'ENST00000354289.9']","[21.0, 9.0]","[0.7, 0.3]",30.0,0.7,2.3333333333333335
chr7:107179893:+:ATG,2,"['ENST00000468410.5', 'ENST00000222574.9']","[66.0, 59.0]","[0.528, 0.472]",125.0,0.528,1.11864406779661
chr7:107563896:-:ATG,3,"['ENST00000297135.9', 'ENST00000393603.7', 'ENST00000605888.1']","[22.0, 5.0, 4.0]","[0.7096774193548387, 0.16129032258064516, 0.12903225806451613]",31.0,0.7096774193548387,4.4
chr7:107744163:+:ATG,2,"['ENST00000222597.7', 'ENST00000440859.8']","[100.0, 43.0]","[0.6993006993006993, 0.3006993006993007]",143.0,0.6993006993006993,2.3255813953488373
chr7:107891250:+:ATG,2,"['ENST00000205402.10', 'ENST00000440410.5']","[111.0, 23.0]","[0.8283582089552238, 0.17164179104477612]",134.0,0.8283582089552238,4.826086956521739
chr7:108515491:-:ATG,2,"['ENST00000436062.5', 'ENST00000257694.13']","[16.0, 6.0]","[0.7272727272727273, 0.2727272727272727]",22.0,0.7272727272727273,2.6666666666666665
chr7:112206716:+:ATG,2,"['ENST00000361822.8', 'ENST00000421043.5']","[40.0, 22.0]","[0.6451612903225806, 0.3548387096774194]",62.0,0.6451612903225806,1.8181818181818181
chr7:112206728:+:AAG,2,"['ENST00000361822.8', 'ENST00000421043.5']","[40.0, 22.0]","[0.6451612903225806, 0.3548387096774194]",62.0,0.6451612903225806,1.8181818181818181
chr7:112450486:+:ATG,2,"['ENST00000403825.8', 'ENST00000429071.5']","[103.0, 14.0]","[0.8803418803418803, 0.11965811965811966]",117.0,0.8803418803418803,7.357142857142857
chr7:1127385:-:ATG,2,"['ENST00000357429.10', 'ENST00000397100.6']","[208.0, 5.0]","[0.9765258215962441, 0.023474178403755867]",213.0,0.9765258215962441,41.6
chr7:116499781:+:ATG,2,"['ENST00000222693.5', 'ENST00000393480.3']","[127.0, 13.0]","[0.9071428571428571, 0.09285714285714286]",140.0,0.9071428571428571,9.76923076923077
chr7:116499820:+:ATG,2,"['ENST00000222693.5', 'ENST00000393480.3']","[127.0, 13.0]","[0.9071428571428571, 0.09285714285714286]",140.0,0.9071428571428571,9.76923076923077
chr7:116525062:+:ATG,2,"['ENST00000341049.7', 'ENST00000451122.5']","[300.0, 119.0]","[0.7159904534606205, 0.2840095465393795]",419.0,0.7159904534606205,2.5210084033613445
chr7:116526545:+:ATC,2,"['ENST00000393467.1', 'ENST00000341049.7']","[393.0, 300.0]","[0.5670995670995671, 0.4329004329004329]",693.0,0.5670995670995671,1.31
chr7:116526587:+:ATG,3,"['ENST00000393467.1', 'ENST00000341049.7', 'ENST00000393468.1']","[393.0, 300.0, 15.0]","[0.5550847457627118, 0.423728813559322, 0.0211864406779661]",708.0,0.5550847457627118,1.31
chr7:116526608:+:AAG,3,"['ENST00000341049.7', 'ENST00000451122.5', 'ENST00000393468.1']","[300.0, 119.0, 15.0]","[0.6912442396313364, 0.27419354838709675, 0.03456221198156682]",434.0,0.6912442396313364,2.5210084033613445
chr7:116699084:+:ATG,4,"['ENST00000397752.8', 'ENST00000422097.2', 'ENST00000456159.1', 'ENST00000318493.11']","[85.0, 33.0, 9.0, 6.0]","[0.6390977443609023, 0.24812030075187969, 0.06766917293233082, 0.045112781954887216]",133.0,0.6390977443609023,2.5757575757575757
chr7:116953540:+:ATG,3,"['ENST00000265437.9', 'ENST00000393451.7', 'ENST00000323984.8']","[41.0, 19.0, 4.0]","[0.640625, 0.296875, 0.0625]",64.0,0.640625,2.1578947368421053
chr7:118184172:+:CTG,2,"['ENST00000249299.7', 'ENST00000424702.1']","[139.0, 41.0]","[0.7722222222222223, 0.22777777777777777]",180.0,0.7722222222222223,3.3902439024390243
chr7:118184223:+:ATG,2,"['ENST00000249299.7', 'ENST00000424702.1']","[139.0, 41.0]","[0.7722222222222223, 0.22777777777777777]",180.0,0.7722222222222223,3.3902439024390243
chr7:118185685:+:ATG,3,"['ENST00000249299.7', 'ENST00000422760.1', 'ENST00000424702.1']","[139.0, 63.0, 41.0]","[0.5720164609053497, 0.25925925925925924, 0.16872427983539096]",243.0,0.5720164609053497,2.2063492063492065
chr7:118188316:+:TTG,2,"['ENST00000249299.7', 'ENST00000422760.1']","[139.0, 63.0]","[0.6881188118811881, 0.3118811881188119]",202.0,0.6881188118811881,2.2063492063492065
chr7:120951180:+:ATG,3,"['ENST00000339121.9', 'ENST00000315870.10', 'ENST00000431467.1']","[112.0, 18.0, 7.0]","[0.8175182481751825, 0.13138686131386862, 0.051094890510948905]",137.0,0.8175182481751825,6.222222222222222
chr7:120951216:+:ATG,2,"['ENST00000315870.10', 'ENST00000431467.1']","[18.0, 7.0]","[0.72, 0.28]",25.0,0.72,2.5714285714285716
chr7:120953374:+:AGG,3,"['ENST00000445699.5', 'ENST00000315870.10', 'ENST00000431467.1']","[22.0, 18.0, 7.0]","[0.46808510638297873, 0.3829787234042553, 0.14893617021276595]",47.0,0.46808510638297873,1.2222222222222223
chr7:128343793:-:ATG,3,"['ENST00000223073.6', 'ENST00000415472.6', 'ENST00000459726.1']","[334.0, 11.0, 4.0]","[0.9570200573065902, 0.03151862464183381, 0.011461318051575931]",349.0,0.9570200573065902,30.363636363636363
chr7:128748583:+:ATG,4,"['ENST00000249364.9', 'ENST00000449187.7', 'ENST00000535011.6', 'ENST00000479257.5']","[288.0, 173.0, 53.0, 24.0]","[0.5353159851301115, 0.3215613382899628, 0.09851301115241635, 0.04460966542750929]",538.0,0.5353159851301115,1.6647398843930636
chr7:128748757:+:AAG,2,"['ENST00000249364.9', 'ENST00000449187.7']","[288.0, 173.0]","[0.6247288503253796, 0.3752711496746204]",461.0,0.6247288503253796,1.6647398843930636
chr7:128862904:+:ATG,2,"['ENST00000249289.5', 'ENST00000492758.1']","[1957.0, 17.0]","[0.9913880445795339, 0.008611955420466059]",1974.0,0.9913880445795339,115.11764705882354
chr7:130293180:+:ATG,2,"['ENST00000222482.10', 'ENST00000445470.6']","[1419.0, 5.0]","[0.9964887640449438, 0.0035112359550561797]",1424.0,0.9964887640449438,283.8
chr7:131327899:+:ATG,2,"['ENST00000458153.5', 'ENST00000352689.11']","[337.0, 105.0]","[0.7624434389140271, 0.23755656108597284]",442.0,0.7624434389140271,3.2095238095238097
chr7:134891620:+:ATG,2,"['ENST00000393118.7', 'ENST00000424922.5']","[10.0, 4.0]","[0.7142857142857143, 0.2857142857142857]",14.0,0.7142857142857143,2.5
chr7:138981269:-:ATG,2,"['ENST00000422774.2', 'ENST00000440172.5']","[4.0, 3.0]","[0.5714285714285714, 0.42857142857142855]",7.0,0.5714285714285714,1.3333333333333333
chr7:141739166:+:ATG,5,"['ENST00000265304.11', 'ENST00000612337.4', 'ENST00000498107.5', 'ENST00000467681.5', 'ENST00000481508.1']","[3645.0, 185.0, 71.0, 17.0, 3.0]","[0.9296097934200459, 0.04718184136699821, 0.01810762560571283, 0.004335628666156593, 0.0007651109410864575]",3921.0,0.9296097934200459,19.7027027027027
chr7:149028408:-:ATG,3,"['ENST00000652332.1', 'ENST00000413966.2', 'ENST00000286091.9']","[167.0, 119.0, 30.0]","[0.5284810126582279, 0.37658227848101267, 0.0949367088607595]",316.0,0.5284810126582279,1.403361344537815
chr7:151061987:+:ATG,2,"['ENST00000485713.6', 'ENST00000413384.7']","[28.0, 15.0]","[0.6511627906976745, 0.3488372093023256]",43.0,0.6511627906976745,1.8666666666666667
chr7:151345349:+:ATG,3,"['ENST00000413040.7', 'ENST00000568733.6', 'ENST00000483358.5']","[46.0, 11.0, 3.0]","[0.7666666666666667, 0.18333333333333332, 0.05]",60.0,0.7666666666666667,4.181818181818182
chr7:151345358:+:AAG,3,"['ENST00000413040.7', 'ENST00000568733.6', 'ENST00000483358.5']","[46.0, 11.0, 3.0]","[0.7666666666666667, 0.18333333333333332, 0.05]",60.0,0.7666666666666667,4.181818181818182
chr7:158701899:-:ATG,3,"['ENST00000409339.3', 'ENST00000356309.8', 'ENST00000409423.5']","[109.0, 13.0, 9.0]","[0.8320610687022901, 0.09923664122137404, 0.06870229007633588]",131.0,0.8320610687022901,8.384615384615385
chr7:16665443:+:ATG,4,"['ENST00000258761.8', 'ENST00000415365.5', 'ENST00000446596.5', 'ENST00000437745.5']","[907.0, 5.0, 5.0, 4.0]","[0.9847991313789359, 0.0054288816503800215, 0.0054288816503800215, 0.004343105320304018]",921.0,0.9847991313789359,181.4
chr7:16665449:+:AAG,3,"['ENST00000415365.5', 'ENST00000446596.5', 'ENST00000437745.5']","[5.0, 5.0, 4.0]","[0.35714285714285715, 0.35714285714285715, 0.2857142857142857]",14.0,0.35714285714285715,1.0
chr7:17940483:-:ATG,2,"['ENST00000428135.7', 'ENST00000409604.1']","[13.0, 5.0]","[0.7222222222222222, 0.2777777777777778]",18.0,0.7222222222222222,2.6
chr7:22727262:+:ATG,2,"['ENST00000258743.10', 'ENST00000426291.5']","[77.0, 4.0]","[0.9506172839506173, 0.04938271604938271]",81.0,0.9506172839506173,19.25
chr7:23182085:+:ATG,2,"['ENST00000258742.10', 'ENST00000438012.5']","[194.0, 25.0]","[0.8858447488584474, 0.1141552511415525]",219.0,0.8858447488584474,7.76
chr7:23246857:+:ATG,2,"['ENST00000258733.9', 'ENST00000381990.6']","[109.0, 6.0]","[0.9478260869565217, 0.05217391304347826]",115.0,0.9478260869565217,18.166666666666668
chr7:2354921:+:ATG,3,"['ENST00000360876.9', 'ENST00000397011.2', 'ENST00000413917.5']","[146.0, 121.0, 3.0]","[0.5407407407407407, 0.44814814814814813, 0.011111111111111112]",270.0,0.5407407407407407,1.2066115702479339
chr7:24749774:-:ATG,2,"['ENST00000645220.1', 'ENST00000342947.9']","[200.0, 16.0]","[0.9259259259259259, 0.07407407407407407]",216.0,0.9259259259259259,12.5
chr7:26202998:+:ATG,2,"['ENST00000396386.7', 'ENST00000337620.8']","[800.0, 146.0]","[0.8456659619450317, 0.1543340380549683]",946.0,0.8456659619450317,5.47945205479452
chr7:29121061:-:ATG,2,"['ENST00000396276.7', 'ENST00000265394.10']","[127.0, 90.0]","[0.5852534562211982, 0.4147465437788018]",217.0,0.5852534562211982,1.4111111111111112
chr7:33035969:-:ATG,2,"['ENST00000456458.5', 'ENST00000409787.4']","[60.0, 4.0]","[0.9375, 0.0625]",64.0,0.9375,15.0
chr7:33062720:-:ATG,2,"['ENST00000610140.7', 'ENST00000456458.5']","[242.0, 60.0]","[0.8013245033112583, 0.1986754966887417]",302.0,0.8013245033112583,4.033333333333333
chr7:39686667:+:ATG,2,"['ENST00000005257.7', 'ENST00000436179.1']","[68.0, 6.0]","[0.918918918918919, 0.08108108108108109]",74.0,0.918918918918919,11.333333333333334
chr7:44044737:+:ATG,2,"['ENST00000448521.6', 'ENST00000494774.5']","[7.0, 7.0]","[0.5, 0.5]",14.0,0.5,1.0
chr7:44122053:-:ATG,3,"['ENST00000610533.6', 'ENST00000452185.5', 'ENST00000436400.6']","[539.0, 6.0, 3.0]","[0.9835766423357665, 0.010948905109489052, 0.005474452554744526]",548.0,0.9835766423357665,89.83333333333333
chr7:44123511:-:GTG,2,"['ENST00000610533.6', 'ENST00000436400.6']","[539.0, 3.0]","[0.9944649446494465, 0.005535055350553505]",542.0,0.9944649446494465,179.66666666666666
chr7:44573862:-:ATG,3,"['ENST00000258772.10', 'ENST00000421223.5', 'ENST00000431640.5']","[583.0, 29.0, 3.0]","[0.9479674796747968, 0.04715447154471545, 0.004878048780487805]",615.0,0.9479674796747968,20.103448275862068
chr7:44573895:-:ATG,3,"['ENST00000258772.10', 'ENST00000421223.5', 'ENST00000431640.5']","[583.0, 29.0, 3.0]","[0.9479674796747968, 0.04715447154471545, 0.004878048780487805]",615.0,0.9479674796747968,20.103448275862068
chr7:44582173:-:ATG,3,"['ENST00000457408.7', 'ENST00000481238.1', 'ENST00000289577.10']","[282.0, 129.0, 55.0]","[0.6051502145922747, 0.27682403433476394, 0.11802575107296137]",466.0,0.6051502145922747,2.186046511627907
chr7:44582206:-:ATG,3,"['ENST00000457408.7', 'ENST00000481238.1', 'ENST00000289577.10']","[282.0, 129.0, 55.0]","[0.6051502145922747, 0.27682403433476394, 0.11802575107296137]",466.0,0.6051502145922747,2.186046511627907
chr7:44606638:+:CTG,2,"['ENST00000222673.6', 'ENST00000443864.6']","[56.0, 20.0]","[0.7368421052631579, 0.2631578947368421]",76.0,0.7368421052631579,2.8
chr7:44624343:+:ATG,2,"['ENST00000222673.6', 'ENST00000443864.6']","[56.0, 20.0]","[0.7368421052631579, 0.2631578947368421]",76.0,0.7368421052631579,2.8
chr7:44847971:-:ATG,5,"['ENST00000222690.10', 'ENST00000350771.7', 'ENST00000308153.9', 'ENST00000349299.7', 'ENST00000446531.1']","[322.0, 48.0, 37.0, 11.0, 7.0]","[0.7576470588235295, 0.11294117647058824, 0.08705882352941176, 0.02588235294117647, 0.01647058823529412]",425.0,0.7576470588235295,6.708333333333333
chr7:45109237:-:ATG,3,"['ENST00000258770.8', 'ENST00000361278.7', 'ENST00000395655.8']","[182.0, 27.0, 4.0]","[0.8544600938967136, 0.1267605633802817, 0.018779342723004695]",213.0,0.8544600938967136,6.7407407407407405
chr7:5190419:+:ATG,2,"['ENST00000288828.9', 'ENST00000401525.7']","[50.0, 28.0]","[0.6410256410256411, 0.358974358974359]",78.0,0.6410256410256411,1.7857142857142858
chr7:56064311:+:ATG,2,"['ENST00000434526.8', 'ENST00000342190.11']","[198.0, 3.0]","[0.9850746268656716, 0.014925373134328358]",201.0,0.9850746268656716,66.0
chr7:5761069:-:ATG,3,"['ENST00000389902.8', 'ENST00000389900.8', 'ENST00000425013.6']","[32.0, 27.0, 23.0]","[0.3902439024390244, 0.32926829268292684, 0.2804878048780488]",82.0,0.3902439024390244,1.1851851851851851
chr7:6009327:+:TTG,2,"['ENST00000223029.8', 'ENST00000395236.2']","[2070.0, 4.0]","[0.9980713596914176, 0.0019286403085824494]",2074.0,0.9980713596914176,517.5
chr7:6009363:+:ATG,2,"['ENST00000223029.8', 'ENST00000395236.2']","[2070.0, 4.0]","[0.9980713596914176, 0.0019286403085824494]",2074.0,0.9980713596914176,517.5
chr7:65373928:+:GTG,2,"['ENST00000328747.12', 'ENST00000450302.2']","[18.0, 10.0]","[0.6428571428571429, 0.35714285714285715]",28.0,0.6428571428571429,1.8
chr7:66114962:+:ATG,2,"['ENST00000395326.8', 'ENST00000338592.5']","[48.0, 11.0]","[0.8135593220338984, 0.1864406779661017]",59.0,0.8135593220338984,4.363636363636363
chr7:73308790:-:ATG,3,"['ENST00000310326.8', 'ENST00000252594.10', 'ENST00000438747.7']","[339.0, 88.0, 46.0]","[0.7167019027484144, 0.18604651162790697, 0.09725158562367865]",473.0,0.7167019027484144,3.852272727272727
chr7:74508080:+:ATG,2,"['ENST00000476977.5', 'ENST00000424337.7']","[10.0, 3.0]","[0.7692307692307693, 0.23076923076923078]",13.0,0.7692307692307693,3.3333333333333335
chr7:75994570:-:ATG,2,"['ENST00000493111.7', 'ENST00000439537.5']","[9.0, 6.0]","[0.6, 0.4]",15.0,0.6,1.5
chr7:76425123:+:ATG,2,"['ENST00000336517.8', 'ENST00000394857.8']","[103.0, 3.0]","[0.9716981132075472, 0.02830188679245283]",106.0,0.9716981132075472,34.333333333333336
chr7:77840255:+:ATG,3,"['ENST00000307305.12', 'ENST00000424760.5', 'ENST00000450574.5']","[82.0, 23.0, 4.0]","[0.7522935779816514, 0.21100917431192662, 0.03669724770642202]",109.0,0.7522935779816514,3.5652173913043477
chr7:88284269:-:ATG,2,"['ENST00000380079.9', 'ENST00000301959.9']","[159.0, 37.0]","[0.8112244897959183, 0.18877551020408162]",196.0,0.8112244897959183,4.297297297297297
chr7:90412676:+:ATG,3,"['ENST00000287916.8', 'ENST00000394605.2', 'ENST00000496677.6']","[122.0, 16.0, 4.0]","[0.8591549295774648, 0.11267605633802817, 0.028169014084507043]",142.0,0.8591549295774648,7.625
chr7:93106097:-:ATG,2,"['ENST00000379958.3', 'ENST00000620985.4']","[23.0, 3.0]","[0.8846153846153846, 0.11538461538461539]",26.0,0.8846153846153846,7.666666666666667
chr7:94656026:-:ATG,2,"['ENST00000437425.7', 'ENST00000648936.2']","[67.0, 18.0]","[0.788235294117647, 0.21176470588235294]",85.0,0.788235294117647,3.7222222222222223
chr7:94656098:-:ATG,2,"['ENST00000437425.7', 'ENST00000648936.2']","[67.0, 18.0]","[0.788235294117647, 0.21176470588235294]",85.0,0.788235294117647,3.7222222222222223
chr7:94656419:+:CTG,2,"['ENST00000482108.1', 'ENST00000488574.5']","[141.0, 28.0]","[0.834319526627219, 0.16568047337278108]",169.0,0.834319526627219,5.035714285714286
chr7:95434951:-:ATG,3,"['ENST00000222572.8', 'ENST00000455123.5', 'ENST00000633531.1']","[59.0, 15.0, 4.0]","[0.7564102564102564, 0.19230769230769232, 0.05128205128205128]",78.0,0.7564102564102564,3.933333333333333
chr7:96709763:-:ATG,2,"['ENST00000248566.4', 'ENST00000449279.5']","[3481.0, 4.0]","[0.9988522238163559, 0.0011477761836441894]",3485.0,0.9988522238163559,870.25
chr7:99385714:+:ATG,4,"['ENST00000646101.2', 'ENST00000455009.6', 'ENST00000427217.6', 'ENST00000443222.6']","[352.0, 16.0, 10.0, 8.0]","[0.9119170984455959, 0.04145077720207254, 0.025906735751295335, 0.02072538860103627]",386.0,0.9119170984455959,22.0
chr7:99466141:-:ATG,3,"['ENST00000292475.8', 'ENST00000359832.8', 'ENST00000394186.3']","[2126.0, 345.0, 64.0]","[0.8386587771203156, 0.13609467455621302, 0.0252465483234714]",2535.0,0.8386587771203156,6.16231884057971
chr7:99560559:+:ATG,3,"['ENST00000320583.9', 'ENST00000252713.9', 'ENST00000440391.5']","[47.0, 9.0, 8.0]","[0.734375, 0.140625, 0.125]",64.0,0.734375,5.222222222222222
chr8:103415446:+:ATG,2,"['ENST00000297579.9', 'ENST00000519682.5']","[24.0, 7.0]","[0.7741935483870968, 0.22580645161290322]",31.0,0.7741935483870968,3.4285714285714284
chr8:106726243:+:ATG,2,"['ENST00000449762.6', 'ENST00000297447.10']","[70.0, 17.0]","[0.8045977011494253, 0.19540229885057472]",87.0,0.8045977011494253,4.117647058823529
chr8:108248702:-:ATG,3,"['ENST00000220849.10', 'ENST00000519627.2', 'ENST00000518442.5']","[437.0, 183.0, 21.0]","[0.6817472698907956, 0.28549141965678626, 0.0327613104524181]",641.0,0.6817472698907956,2.387978142076503
chr8:10839756:-:ATG,2,"['ENST00000314787.8', 'ENST00000524114.6']","[37.0, 4.0]","[0.9024390243902439, 0.0975609756097561]",41.0,0.9024390243902439,9.25
chr8:109336175:+:AAG,3,"['ENST00000521662.5', 'ENST00000521688.6', 'ENST00000523335.1']","[913.0, 419.0, 51.0]","[0.6601590744757773, 0.3029645697758496, 0.0368763557483731]",1383.0,0.6601590744757773,2.178997613365155
chr8:109550824:+:ATG,3,"['ENST00000337573.10', 'ENST00000530629.5', 'ENST00000395785.7']","[23.0, 18.0, 10.0]","[0.45098039215686275, 0.35294117647058826, 0.19607843137254902]",51.0,0.45098039215686275,1.2777777777777777
chr8:116766603:+:ATG,2,"['ENST00000309822.7', 'ENST00000517814.1']","[240.0, 5.0]","[0.9795918367346939, 0.02040816326530612]",245.0,0.9795918367346939,48.0
chr8:116866729:-:ATG,3,"['ENST00000297338.7', 'ENST00000517485.6', 'ENST00000522699.2']","[717.0, 172.0, 7.0]","[0.8002232142857143, 0.19196428571428573, 0.0078125]",896.0,0.8002232142857143,4.1686046511627906
chr8:11771447:+:ATG,2,"['ENST00000436750.7', 'ENST00000284503.7']","[52.0, 20.0]","[0.7222222222222222, 0.2777777777777778]",72.0,0.7222222222222222,2.6
chr8:11771498:+:GTG,2,"['ENST00000436750.7', 'ENST00000284503.7']","[52.0, 20.0]","[0.7222222222222222, 0.2777777777777778]",72.0,0.7222222222222222,2.6
chr8:124539046:-:ATG,4,"['ENST00000276692.11', 'ENST00000605953.5', 'ENST00000522810.5', 'ENST00000523214.5']","[669.0, 52.0, 16.0, 6.0]","[0.9004037685060565, 0.06998654104979811, 0.021534320323014805, 0.008075370121130552]",743.0,0.9004037685060565,12.865384615384615
chr8:124539186:+:ATG,2,"['ENST00000276689.8', 'ENST00000517367.1']","[6871.0, 104.0]","[0.985089605734767, 0.014910394265232975]",6975.0,0.985089605734767,66.0673076923077
chr8:127736593:+:CTG,4,"['ENST00000377970.6', 'ENST00000524013.2', 'ENST00000259523.10', 'ENST00000621592.8']","[1706.0, 43.0, 25.0, 6.0]","[0.9584269662921349, 0.024157303370786518, 0.014044943820224719, 0.0033707865168539327]",1780.0,0.9584269662921349,39.674418604651166
chr8:140890737:-:ATG,3,"['ENST00000519993.5', 'ENST00000519881.5', 'ENST00000340930.7']","[14.0, 7.0, 3.0]","[0.5833333333333334, 0.2916666666666667, 0.125]",24.0,0.5833333333333334,2.0
chr8:142700527:+:ATG,3,"['ENST00000292430.10', 'ENST00000519387.1', 'ENST00000522591.1']","[400.0, 144.0, 66.0]","[0.6557377049180327, 0.2360655737704918, 0.10819672131147541]",610.0,0.6557377049180327,2.7777777777777777
chr8:143020921:+:ACG,3,"['ENST00000429120.6', 'ENST00000292494.11', 'ENST00000520466.5']","[871.0, 837.0, 4.0]","[0.5087616822429907, 0.4889018691588785, 0.002336448598130841]",1712.0,0.5087616822429907,1.0406212664277181
chr8:143020939:+:ATG,3,"['ENST00000429120.6', 'ENST00000292494.11', 'ENST00000520466.5']","[871.0, 837.0, 4.0]","[0.5087616822429907, 0.4889018691588785, 0.002336448598130841]",1712.0,0.5087616822429907,1.0406212664277181
chr8:143586818:-:AAG,3,"['ENST00000395119.7', 'ENST00000529272.5', 'ENST00000530445.6']","[4602.0, 955.0, 88.0]","[0.8152347209920283, 0.1691762621789194, 0.015589016829052258]",5645.0,0.8152347209920283,4.818848167539267
chr8:143586845:-:ATG,3,"['ENST00000395119.7', 'ENST00000529272.5', 'ENST00000530445.6']","[4602.0, 955.0, 88.0]","[0.8152347209920283, 0.1691762621789194, 0.015589016829052258]",5645.0,0.8152347209920283,4.818848167539267
chr8:143616712:-:ATG,2,"['ENST00000425753.7', 'ENST00000529064.5']","[600.0, 42.0]","[0.9345794392523364, 0.06542056074766354]",642.0,0.9345794392523364,14.285714285714286
chr8:143829303:-:ATG,4,"['ENST00000526683.6', 'ENST00000349157.10', 'ENST00000527744.6', 'ENST00000526459.6']","[241.0, 142.0, 13.0, 5.0]","[0.600997506234414, 0.3541147132169576, 0.032418952618453865, 0.012468827930174564]",401.0,0.600997506234414,1.6971830985915493
chr8:144082730:+:ATG,2,"['ENST00000355091.9', 'ENST00000361036.11']","[6.0, 3.0]","[0.6666666666666666, 0.3333333333333333]",9.0,0.6666666666666666,2.0
chr8:144426945:-:ATG,4,"['ENST00000292510.6', 'ENST00000526054.5', 'ENST00000377348.6', 'ENST00000529182.5']","[487.0, 70.0, 47.0, 13.0]","[0.7893030794165316, 0.11345218800648298, 0.07617504051863858, 0.02106969205834684]",617.0,0.7893030794165316,6.957142857142857
chr8:144792129:-:ATG,7,"['ENST00000262584.7', 'ENST00000528957.6', 'ENST00000394920.6', 'ENST00000527914.5', 'ENST00000532702.1', 'ENST00000533397.5', 'ENST00000529920.5']","[31772.0, 4906.0, 1493.0, 29.0, 21.0, 8.0, 5.0]","[0.8309881257519486, 0.12831511220379765, 0.039049013966626564, 0.0007584872103363499, 0.0005492493592090809, 0.00020923785112726893, 0.00013077365695454308]",38234.0,0.8309881257519486,6.476151651039544
chr8:144829087:+:ATG,2,"['ENST00000532777.6', 'ENST00000446747.7']","[12.0, 4.0]","[0.75, 0.25]",16.0,0.75,3.0
chr8:17577252:+:ATG,2,"['ENST00000541323.1', 'ENST00000251630.11']","[29.0, 4.0]","[0.8787878787878788, 0.12121212121212122]",33.0,0.8787878787878788,7.25
chr8:18084058:-:ATG,3,"['ENST00000637244.1', 'ENST00000637561.1', 'ENST00000637790.2']","[306.0, 202.0, 39.0]","[0.5594149908592322, 0.3692870201096892, 0.0712979890310786]",547.0,0.5594149908592322,1.5148514851485149
chr8:19319385:+:CTG,2,"['ENST00000265807.8', 'ENST00000519207.5']","[127.0, 74.0]","[0.6318407960199005, 0.3681592039800995]",201.0,0.6318407960199005,1.7162162162162162
chr8:19319430:+:GTG,2,"['ENST00000265807.8', 'ENST00000519207.5']","[127.0, 74.0]","[0.6318407960199005, 0.3681592039800995]",201.0,0.6318407960199005,1.7162162162162162
chr8:22165405:+:ATG,3,"['ENST00000306385.10', 'ENST00000306349.13', 'ENST00000520626.6']","[10.0, 3.0, 3.0]","[0.625, 0.1875, 0.1875]",16.0,0.625,3.3333333333333335
chr8:22404710:+:ATG,2,"['ENST00000381237.6', 'ENST00000289952.9']","[4.0, 3.0]","[0.5714285714285714, 0.42857142857142855]",7.0,0.5714285714285714,1.3333333333333333
chr8:25184803:+:ATG,2,"['ENST00000276440.12', 'ENST00000481100.5']","[884.0, 11.0]","[0.9877094972067039, 0.012290502793296089]",895.0,0.9877094972067039,80.36363636363636
chr8:27610571:-:ATG,2,"['ENST00000316403.15', 'ENST00000519472.5']","[168.0, 28.0]","[0.8571428571428571, 0.14285714285714285]",196.0,0.8571428571428571,6.0
chr8:27775514:+:ATG,3,"['ENST00000305188.13', 'ENST00000523566.5', 'ENST00000519637.1']","[42.0, 6.0, 4.0]","[0.8076923076923077, 0.11538461538461539, 0.07692307692307693]",52.0,0.8076923076923077,7.0
chr8:28889882:-:ATG,2,"['ENST00000521022.6', 'ENST00000416984.6']","[49.0, 8.0]","[0.8596491228070176, 0.14035087719298245]",57.0,0.8596491228070176,6.125
chr8:28889903:-:TTG,2,"['ENST00000521022.6', 'ENST00000416984.6']","[49.0, 8.0]","[0.8596491228070176, 0.14035087719298245]",57.0,0.8596491228070176,6.125
chr8:37899441:-:ATG,2,"['ENST00000287263.8', 'ENST00000330843.9']","[3.0, 3.0]","[0.5, 0.5]",6.0,0.5,1.0
chr8:38107047:+:ATG,3,"['ENST00000428278.6', 'ENST00000521652.5', 'ENST00000343823.11']","[48.0, 5.0, 4.0]","[0.8421052631578947, 0.08771929824561403, 0.07017543859649122]",57.0,0.8421052631578947,9.6
chr8:38268980:-:CTG,2,"['ENST00000424479.7', 'ENST00000422581.6']","[27.0, 25.0]","[0.5192307692307693, 0.4807692307692308]",52.0,0.5192307692307693,1.08
chr8:38269199:-:ATG,2,"['ENST00000424479.7', 'ENST00000422581.6']","[27.0, 25.0]","[0.5192307692307693, 0.4807692307692308]",52.0,0.5192307692307693,1.08
chr8:41490854:+:ATG,2,"['ENST00000405786.3', 'ENST00000357743.9']","[34.0, 19.0]","[0.6415094339622641, 0.3584905660377358]",53.0,0.6415094339622641,1.7894736842105263
chr8:41530202:+:ATG,2,"['ENST00000518671.5', 'ENST00000276533.4']","[23.0, 3.0]","[0.8846153846153846, 0.11538461538461539]",26.0,0.8846153846153846,7.666666666666667
chr8:42154687:+:ATG,2,"['ENST00000396926.8', 'ENST00000517922.5']","[28.0, 4.0]","[0.875, 0.125]",32.0,0.875,7.0
chr8:47960126:-:ATG,2,"['ENST00000314191.7', 'ENST00000338368.7']","[36.0, 12.0]","[0.75, 0.25]",48.0,0.75,3.0
chr8:47961144:+:ATG,2,"['ENST00000649973.1', 'ENST00000262105.6']","[76.0, 3.0]","[0.9620253164556962, 0.0379746835443038]",79.0,0.9620253164556962,25.333333333333332
chr8:53841690:-:ATG,3,"['ENST00000359530.7', 'ENST00000355221.7', 'ENST00000396774.6']","[38.0, 7.0, 5.0]","[0.76, 0.14, 0.1]",50.0,0.76,5.428571428571429
chr8:54101808:-:ATG,2,"['ENST00000316963.8', 'ENST00000343231.10']","[574.0, 25.0]","[0.9582637729549248, 0.041736227045075125]",599.0,0.9582637729549248,22.96
chr8:54101823:-:ATG,2,"['ENST00000316963.8', 'ENST00000343231.10']","[574.0, 25.0]","[0.9582637729549248, 0.041736227045075125]",599.0,0.9582637729549248,22.96
chr8:56214613:+:ATG,3,"['ENST00000355315.8', 'ENST00000303759.3', 'ENST00000523975.5']","[34.0, 26.0, 6.0]","[0.5151515151515151, 0.3939393939393939, 0.09090909090909091]",66.0,0.5151515151515151,1.3076923076923077
chr8:58565033:+:ATG,4,"['ENST00000260130.9', 'ENST00000447182.6', 'ENST00000413219.6', 'ENST00000523483.5']","[940.0, 268.0, 48.0, 4.0]","[0.746031746031746, 0.2126984126984127, 0.0380952380952381, 0.0031746031746031746]",1260.0,0.746031746031746,3.5074626865671643
chr8:60517207:+:ATG,3,"['ENST00000262646.12', 'ENST00000531289.5', 'ENST00000529579.5']","[51.0, 21.0, 6.0]","[0.6538461538461539, 0.2692307692307692, 0.07692307692307693]",78.0,0.6538461538461539,2.4285714285714284
chr8:63038768:-:ATG,2,"['ENST00000260118.7', 'ENST00000518113.2']","[931.0, 38.0]","[0.9607843137254902, 0.0392156862745098]",969.0,0.9607843137254902,24.5
chr8:6406667:+:ATG,2,"['ENST00000519480.6', 'ENST00000344683.10']","[36.0, 11.0]","[0.7659574468085106, 0.23404255319148937]",47.0,0.7659574468085106,3.272727272727273
chr8:6409298:+:GTG,2,"['ENST00000519480.6', 'ENST00000344683.10']","[36.0, 11.0]","[0.7659574468085106, 0.23404255319148937]",47.0,0.7659574468085106,3.272727272727273
chr8:73959768:-:ATG,2,"['ENST00000520242.6', 'ENST00000518127.5']","[199.0, 145.0]","[0.5784883720930233, 0.42151162790697677]",344.0,0.5784883720930233,1.3724137931034484
chr8:85217499:-:ATG,2,"['ENST00000619594.5', 'ENST00000611854.4']","[28.0, 11.0]","[0.717948717948718, 0.28205128205128205]",39.0,0.717948717948718,2.5454545454545454
chr8:86508620:-:ATG,2,"['ENST00000406452.8', 'ENST00000430676.6']","[48.0, 37.0]","[0.5647058823529412, 0.43529411764705883]",85.0,0.5647058823529412,1.2972972972972974
chr8:93736410:-:ATG,2,"['ENST00000520560.6', 'ENST00000399300.7']","[6.0, 5.0]","[0.5454545454545454, 0.45454545454545453]",11.0,0.5454545454545454,1.2
chr8:93736431:-:TTG,2,"['ENST00000520560.6', 'ENST00000399300.7']","[6.0, 5.0]","[0.5454545454545454, 0.45454545454545453]",11.0,0.5454545454545454,1.2
chr8:93922059:+:ATG,2,"['ENST00000297598.5', 'ENST00000520728.5']","[49.0, 13.0]","[0.7903225806451613, 0.20967741935483872]",62.0,0.7903225806451613,3.769230769230769
chr8:94553447:-:ATG,2,"['ENST00000297591.10', 'ENST00000421249.2']","[18.0, 15.0]","[0.5454545454545454, 0.45454545454545453]",33.0,0.5454545454545454,1.2
chr8:94894221:-:ATG,2,"['ENST00000308108.9', 'ENST00000396133.7']","[156.0, 16.0]","[0.9069767441860465, 0.09302325581395349]",172.0,0.9069767441860465,9.75
chr8:98045367:-:ATG,3,"['ENST00000287038.8', 'ENST00000521291.5', 'ENST00000396070.6']","[20892.0, 766.0, 606.0]","[0.9383758533956162, 0.034405318002155946, 0.027218828602227813]",22264.0,0.9383758533956162,27.27415143603133
chr8:98944498:+:ATG,2,"['ENST00000435298.6', 'ENST00000297565.9']","[36.0, 10.0]","[0.782608695652174, 0.21739130434782608]",46.0,0.782608695652174,3.6
chr8:99013788:+:ATG,2,"['ENST00000357162.7', 'ENST00000355155.6']","[7.0, 3.0]","[0.7, 0.3]",10.0,0.7,2.3333333333333335
chr8:99892021:-:ATG,6,"['ENST00000297564.6', 'ENST00000520271.5', 'ENST00000522940.5', 'ENST00000517682.6', 'ENST00000520468.7', 'ENST00000524245.5']","[85.0, 75.0, 19.0, 5.0, 5.0, 5.0]","[0.4381443298969072, 0.3865979381443299, 0.0979381443298969, 0.02577319587628866, 0.02577319587628866, 0.02577319587628866]",194.0,0.4381443298969072,1.1333333333333333
chr9:100441938:+:ATG,3,"['ENST00000374886.7', 'ENST00000395067.7', 'ENST00000613183.1']","[9.0, 9.0, 6.0]","[0.375, 0.375, 0.25]",24.0,0.375,1.0
chr9:101535423:+:ATG,2,"['ENST00000389120.8', 'ENST00000374819.6']","[86.0, 5.0]","[0.945054945054945, 0.054945054945054944]",91.0,0.945054945054945,17.2
chr9:104095384:+:ATG,2,"['ENST00000374793.8', 'ENST00000286398.11']","[35.0, 4.0]","[0.8974358974358975, 0.10256410256410256]",39.0,0.8974358974358975,8.75
chr9:109013442:-:ATG,2,"['ENST00000325551.9', 'ENST00000374595.8']","[111.0, 6.0]","[0.9487179487179487, 0.05128205128205128]",117.0,0.9487179487179487,18.5
chr9:110256435:-:ATG,2,"['ENST00000374517.6', 'ENST00000374515.9']","[2819.0, 4.0]","[0.9985830676585193, 0.0014169323414806943]",2823.0,0.9985830676585193,704.75
chr9:111597422:-:ATG,3,"['ENST00000309195.9', 'ENST00000407693.7', 'ENST00000466771.6']","[402.0, 152.0, 10.0]","[0.7127659574468085, 0.2695035460992908, 0.01773049645390071]",564.0,0.7127659574468085,2.6447368421052633
chr9:112268183:-:ATG,3,"['ENST00000374257.6', 'ENST00000210227.5', 'ENST00000343327.6']","[25.0, 7.0, 7.0]","[0.6410256410256411, 0.1794871794871795, 0.1794871794871795]",39.0,0.6410256410256411,3.5714285714285716
chr9:112297865:-:ATG,2,"['ENST00000374257.6', 'ENST00000210227.5']","[25.0, 7.0]","[0.78125, 0.21875]",32.0,0.78125,3.5714285714285716
chr9:112380163:+:ATG,2,"['ENST00000398805.8', 'ENST00000398803.1']","[172.0, 8.0]","[0.9555555555555556, 0.044444444444444446]",180.0,0.9555555555555556,21.5
chr9:113275743:+:ATG,2,"['ENST00000374198.5', 'ENST00000374199.9']","[159.0, 29.0]","[0.8457446808510638, 0.15425531914893617]",188.0,0.8457446808510638,5.482758620689655
chr9:116697742:+:ATG,2,"['ENST00000450136.2', 'ENST00000373983.2']","[20.0, 15.0]","[0.5714285714285714, 0.42857142857142855]",35.0,0.5714285714285714,1.3333333333333333
chr9:122270891:+:ATG,5,"['ENST00000344641.8', 'ENST00000373723.9', 'ENST00000489572.5', 'ENST00000297908.7', 'ENST00000394315.3']","[104.0, 17.0, 5.0, 3.0, 3.0]","[0.7878787878787878, 0.12878787878787878, 0.03787878787878788, 0.022727272727272728, 0.022727272727272728]",132.0,0.7878787878787878,6.117647058823529
chr9:122270897:+:TTG,5,"['ENST00000344641.8', 'ENST00000373723.9', 'ENST00000489572.5', 'ENST00000297908.7', 'ENST00000394315.3']","[104.0, 17.0, 5.0, 3.0, 3.0]","[0.7878787878787878, 0.12878787878787878, 0.03787878787878788, 0.022727272727272728, 0.022727272727272728]",132.0,0.7878787878787878,6.117647058823529
chr9:122270918:+:ATG,5,"['ENST00000344641.8', 'ENST00000373723.9', 'ENST00000489572.5', 'ENST00000297908.7', 'ENST00000394315.3']","[104.0, 17.0, 5.0, 3.0, 3.0]","[0.7878787878787878, 0.12878787878787878, 0.03787878787878788, 0.022727272727272728, 0.022727272727272728]",132.0,0.7878787878787878,6.117647058823529
chr9:124869290:+:ATG,2,"['ENST00000353214.6', 'ENST00000259477.6']","[32.0, 22.0]","[0.5925925925925926, 0.4074074074074074]",54.0,0.5925925925925926,1.4545454545454546
chr9:125189718:-:ATG,2,"['ENST00000373547.9', 'ENST00000415905.5']","[137.0, 8.0]","[0.9448275862068966, 0.05517241379310345]",145.0,0.9448275862068966,17.125
chr9:125200794:+:ATG,3,"['ENST00000394125.8', 'ENST00000259460.12', 'ENST00000373538.8']","[22.0, 12.0, 8.0]","[0.5238095238095238, 0.2857142857142857, 0.19047619047619047]",42.0,0.5238095238095238,1.8333333333333333
chr9:128275976:-:ATG,2,"['ENST00000421699.8', 'ENST00000611957.5']","[12.0, 12.0]","[0.5, 0.5]",24.0,0.5,1.0
chr9:128322858:+:ATG,3,"['ENST00000300452.8', 'ENST00000608951.5', 'ENST00000609948.1']","[63.0, 62.0, 35.0]","[0.39375, 0.3875, 0.21875]",160.0,0.39375,1.0161290322580645
chr9:128371380:+:ATG,2,"['ENST00000372853.9', 'ENST00000372850.5']","[160.0, 17.0]","[0.903954802259887, 0.096045197740113]",177.0,0.903954802259887,9.411764705882353
chr9:128456091:+:ATG,2,"['ENST00000444119.7', 'ENST00000351030.8']","[30.0, 3.0]","[0.9090909090909091, 0.09090909090909091]",33.0,0.9090909090909091,10.0
chr9:128504805:+:ATG,2,"['ENST00000309971.9', 'ENST00000372770.4']","[96.0, 7.0]","[0.9320388349514563, 0.06796116504854369]",103.0,0.9320388349514563,13.714285714285714
chr9:128689582:+:ATG,2,"['ENST00000322030.13', 'ENST00000372688.9']","[60.0, 3.0]","[0.9523809523809523, 0.047619047619047616]",63.0,0.9523809523809523,20.0
chr9:129632703:+:ATG,3,"['ENST00000372483.9', 'ENST00000611055.4', 'ENST00000372481.7']","[173.0, 19.0, 6.0]","[0.8737373737373737, 0.09595959595959595, 0.030303030303030304]",198.0,0.8737373737373737,9.105263157894736
chr9:129632730:+:AAG,3,"['ENST00000372483.9', 'ENST00000611055.4', 'ENST00000372481.7']","[173.0, 19.0, 6.0]","[0.8737373737373737, 0.09595959595959595, 0.030303030303030304]",198.0,0.8737373737373737,9.105263157894736
chr9:129634086:+:CTG,4,"['ENST00000372483.9', 'ENST00000611055.4', 'ENST00000617943.4', 'ENST00000482347.1']","[173.0, 19.0, 4.0, 3.0]","[0.8693467336683417, 0.09547738693467336, 0.020100502512562814, 0.01507537688442211]",199.0,0.8693467336683417,9.105263157894736
chr9:130452228:+:ATG,2,"['ENST00000352480.10', 'ENST00000372394.5']","[5463.0, 3.0]","[0.9994511525795828, 0.0005488474204171241]",5466.0,0.9994511525795828,1821.0
chr9:132079832:-:ATA,2,"['ENST00000292035.10', 'ENST00000357028.6']","[356.0, 8.0]","[0.978021978021978, 0.02197802197802198]",364.0,0.978021978021978,44.5
chr9:132079835:-:GTG,2,"['ENST00000292035.10', 'ENST00000357028.6']","[356.0, 8.0]","[0.978021978021978, 0.02197802197802198]",364.0,0.978021978021978,44.5
chr9:132079844:-:ATG,2,"['ENST00000292035.10', 'ENST00000357028.6']","[356.0, 8.0]","[0.978021978021978, 0.02197802197802198]",364.0,0.978021978021978,44.5
chr9:132669934:-:ATG,2,"['ENST00000480876.3', 'ENST00000372159.8']","[62.0, 13.0]","[0.8266666666666667, 0.17333333333333334]",75.0,0.8266666666666667,4.769230769230769
chr9:133031011:+:ATG,2,"['ENST00000372097.10', 'ENST00000372108.9']","[174.0, 50.0]","[0.7767857142857143, 0.22321428571428573]",224.0,0.7767857142857143,3.48
chr9:133479059:-:ATG,2,"['ENST00000371897.8', 'ENST00000371899.9']","[8.0, 7.0]","[0.5333333333333333, 0.4666666666666667]",15.0,0.5333333333333333,1.1428571428571428
chr9:135500710:+:ATG,2,"['ENST00000371785.5', 'ENST00000241600.10']","[26.0, 18.0]","[0.5909090909090909, 0.4090909090909091]",44.0,0.5909090909090909,1.4444444444444444
chr9:136410668:+:ATG,2,"['ENST00000371717.8', 'ENST00000399219.7']","[340.0, 3.0]","[0.9912536443148688, 0.008746355685131196]",343.0,0.9912536443148688,113.33333333333333
chr9:136410692:+:ACG,2,"['ENST00000371717.8', 'ENST00000399219.7']","[340.0, 3.0]","[0.9912536443148688, 0.008746355685131196]",343.0,0.9912536443148688,113.33333333333333
chr9:136687357:-:ATG,2,"['ENST00000371696.7', 'ENST00000371694.7']","[15.0, 3.0]","[0.8333333333333334, 0.16666666666666666]",18.0,0.8333333333333334,5.0
chr9:136866258:-:ATG,2,"['ENST00000224073.6', 'ENST00000371649.5']","[4712.0, 536.0]","[0.8978658536585366, 0.10213414634146341]",5248.0,0.8978658536585366,8.791044776119403
chr9:137188726:+:ATG,2,"['ENST00000322310.10', 'ENST00000464553.2']","[445.0, 16.0]","[0.96529284164859, 0.03470715835140998]",461.0,0.96529284164859,27.8125
chr9:137188747:+:CTG,2,"['ENST00000322310.10', 'ENST00000464553.2']","[445.0, 16.0]","[0.96529284164859, 0.03470715835140998]",461.0,0.96529284164859,27.8125
chr9:15422879:+:ATG,2,"['ENST00000490969.5', 'ENST00000380821.8']","[41.0, 10.0]","[0.803921568627451, 0.19607843137254902]",51.0,0.803921568627451,4.1
chr9:15422927:+:AGG,2,"['ENST00000490969.5', 'ENST00000380821.8']","[41.0, 10.0]","[0.803921568627451, 0.19607843137254902]",51.0,0.803921568627451,4.1
chr9:19126426:-:ATG,3,"['ENST00000276914.7', 'ENST00000380465.7', 'ENST00000380464.7']","[149.0, 6.0, 3.0]","[0.9430379746835443, 0.0379746835443038, 0.0189873417721519]",158.0,0.9430379746835443,24.833333333333332
chr9:21802748:+:ATG,2,"['ENST00000644715.2', 'ENST00000580718.1']","[157.0, 39.0]","[0.8010204081632653, 0.1989795918367347]",196.0,0.8010204081632653,4.0256410256410255
chr9:26961967:+:ATG,2,"['ENST00000380062.10', 'ENST00000429045.6']","[10.0, 5.0]","[0.6666666666666666, 0.3333333333333333]",15.0,0.6666666666666666,2.0
chr9:32989813:-:ATT,8,"['ENST00000379817.7', 'ENST00000479656.6', 'ENST00000379825.7', 'ENST00000494649.5', 'ENST00000485479.6', 'ENST00000379819.6', 'ENST00000467331.6', 'ENST00000472896.6']","[57.0, 9.0, 8.0, 7.0, 5.0, 4.0, 3.0, 3.0]","[0.59375, 0.09375, 0.08333333333333333, 0.07291666666666667, 0.052083333333333336, 0.041666666666666664, 0.03125, 0.03125]",96.0,0.59375,6.333333333333333
chr9:32989891:-:ATG,8,"['ENST00000379817.7', 'ENST00000479656.6', 'ENST00000379825.7', 'ENST00000494649.5', 'ENST00000485479.6', 'ENST00000379819.6', 'ENST00000467331.6', 'ENST00000472896.6']","[57.0, 9.0, 8.0, 7.0, 5.0, 4.0, 3.0, 3.0]","[0.59375, 0.09375, 0.08333333333333333, 0.07291666666666667, 0.052083333333333336, 0.041666666666666664, 0.03125, 0.03125]",96.0,0.59375,6.333333333333333
chr9:33265078:+:ATG,2,"['ENST00000223500.9', 'ENST00000419016.6']","[65.0, 30.0]","[0.6842105263157895, 0.3157894736842105]",95.0,0.6842105263157895,2.1666666666666665
chr9:33290572:+:ATG,2,"['ENST00000318524.6', 'ENST00000379540.8']","[96.0, 38.0]","[0.7164179104477612, 0.2835820895522388]",134.0,0.7164179104477612,2.526315789473684
chr9:34611296:-:ATG,2,"['ENST00000378959.9', 'ENST00000297613.4']","[370.0, 150.0]","[0.7115384615384616, 0.28846153846153844]",520.0,0.7115384615384616,2.466666666666667
chr9:34620464:-:ATG,3,"['ENST00000259632.12', 'ENST00000378916.8', 'ENST00000341694.6']","[540.0, 10.0, 8.0]","[0.967741935483871, 0.017921146953405017, 0.014336917562724014]",558.0,0.967741935483871,54.0
chr9:34637697:-:ATG,2,"['ENST00000277010.9', 'ENST00000353468.4']","[62.0, 3.0]","[0.9538461538461539, 0.046153846153846156]",65.0,0.9538461538461539,20.666666666666668
chr9:35079524:-:ATG,2,"['ENST00000378643.8', 'ENST00000448890.2']","[54.0, 5.0]","[0.9152542372881356, 0.0847457627118644]",59.0,0.9152542372881356,10.8
chr9:35095469:-:TTG,2,"['ENST00000378617.4', 'ENST00000298004.9']","[36.0, 19.0]","[0.6545454545454545, 0.34545454545454546]",55.0,0.6545454545454545,1.894736842105263
chr9:35095565:-:ATG,2,"['ENST00000378617.4', 'ENST00000298004.9']","[36.0, 19.0]","[0.6545454545454545, 0.34545454545454546]",55.0,0.6545454545454545,1.894736842105263
chr9:35689817:-:ATG,3,"['ENST00000378292.9', 'ENST00000329305.6', 'ENST00000645482.3']","[1243.0, 887.0, 84.0]","[0.561427280939476, 0.4006323396567299, 0.037940379403794036]",2214.0,0.561427280939476,1.4013528748590756
chr9:35689847:-:CTG,3,"['ENST00000378292.9', 'ENST00000329305.6', 'ENST00000645482.3']","[1243.0, 887.0, 84.0]","[0.561427280939476, 0.4006323396567299, 0.037940379403794036]",2214.0,0.561427280939476,1.4013528748590756
chr9:37785044:-:ATG,3,"['ENST00000327304.10', 'ENST00000396521.3', 'ENST00000465229.5']","[69.0, 26.0, 9.0]","[0.6634615384615384, 0.25, 0.08653846153846154]",104.0,0.6634615384615384,2.6538461538461537
chr9:69759938:-:ATG,2,"['ENST00000340434.5', 'ENST00000377200.9']","[22.0, 6.0]","[0.7857142857142857, 0.21428571428571427]",28.0,0.7857142857142857,3.6666666666666665
chr9:72149541:+:CTG,3,"['ENST00000358399.8', 'ENST00000238018.8', 'ENST00000475764.5']","[127.0, 30.0, 17.0]","[0.7298850574712644, 0.1724137931034483, 0.09770114942528736]",174.0,0.7298850574712644,4.233333333333333
chr9:72149559:+:ATG,3,"['ENST00000358399.8', 'ENST00000238018.8', 'ENST00000475764.5']","[127.0, 30.0, 17.0]","[0.7298850574712644, 0.1724137931034483, 0.09770114942528736]",174.0,0.7298850574712644,4.233333333333333
chr9:92289419:-:ATG,2,"['ENST00000375643.7', 'ENST00000443024.7']","[73.0, 50.0]","[0.5934959349593496, 0.4065040650406504]",123.0,0.5934959349593496,1.46
chr9:92324155:-:GTG,2,"['ENST00000544867.5', 'ENST00000442668.7']","[65.0, 39.0]","[0.625, 0.375]",104.0,0.625,1.6666666666666667
chr9:92324161:-:ATG,2,"['ENST00000544867.5', 'ENST00000442668.7']","[65.0, 39.0]","[0.625, 0.375]",104.0,0.625,1.6666666666666667
chr9:92324206:-:ATT,2,"['ENST00000544867.5', 'ENST00000442668.7']","[65.0, 39.0]","[0.625, 0.375]",104.0,0.625,1.6666666666666667
chr9:92877973:-:GTG,2,"['ENST00000332591.6', 'ENST00000375495.8']","[8.0, 6.0]","[0.5714285714285714, 0.42857142857142855]",14.0,0.5714285714285714,1.3333333333333333
chr9:97910587:-:ATG,2,"['ENST00000375119.8', 'ENST00000375118.1']","[83.0, 11.0]","[0.8829787234042553, 0.11702127659574468]",94.0,0.8829787234042553,7.545454545454546
chrX:103586675:+:ATG,6,"['ENST00000472484.6', 'ENST00000494801.5', 'ENST00000434216.2', 'ENST00000468024.5', 'ENST00000469586.1', 'ENST00000415568.2']","[427.0, 126.0, 51.0, 34.0, 22.0, 11.0]","[0.6363636363636364, 0.18777943368107303, 0.07600596125186289, 0.05067064083457526, 0.03278688524590164, 0.01639344262295082]",671.0,0.6363636363636364,3.388888888888889
chrX:103685206:-:CTG,2,"['ENST00000441076.7', 'ENST00000433176.6']","[1562.0, 157.0]","[0.9086678301337987, 0.09133216986620128]",1719.0,0.9086678301337987,9.949044585987261
chrX:107118773:-:ATG,3,"['ENST00000685964.1', 'ENST00000372479.8', 'ENST00000372487.5']","[101.0, 43.0, 17.0]","[0.6273291925465838, 0.2670807453416149, 0.10559006211180125]",161.0,0.6273291925465838,2.3488372093023258
chrX:107775419:-:ATG,2,"['ENST00000372383.9', 'ENST00000372384.6']","[21.0, 4.0]","[0.84, 0.16]",25.0,0.84,5.25
chrX:109537006:+:ATG,2,"['ENST00000372106.6', 'ENST00000372107.5']","[174.0, 5.0]","[0.9720670391061452, 0.027932960893854747]",179.0,0.9720670391061452,34.8
chrX:109683357:-:AAG,3,"['ENST00000672401.1', 'ENST00000348502.10', 'ENST00000502391.6']","[74.0, 73.0, 3.0]","[0.49333333333333335, 0.4866666666666667, 0.02]",150.0,0.49333333333333335,1.0136986301369864
chrX:109683363:-:ATG,2,"['ENST00000672401.1', 'ENST00000348502.10']","[74.0, 73.0]","[0.5034013605442177, 0.4965986394557823]",147.0,0.5034013605442177,1.0136986301369864
chrX:110318050:-:GTG,2,"['ENST00000372059.6', 'ENST00000262844.10']","[85.0, 27.0]","[0.7589285714285714, 0.24107142857142858]",112.0,0.7589285714285714,3.1481481481481484
chrX:110318071:-:ATG,2,"['ENST00000372059.6', 'ENST00000262844.10']","[85.0, 27.0]","[0.7589285714285714, 0.24107142857142858]",112.0,0.7589285714285714,3.1481481481481484
chrX:11112060:+:ATG,3,"['ENST00000380762.5', 'ENST00000321143.8', 'ENST00000380763.7']","[276.0, 19.0, 18.0]","[0.8817891373801917, 0.06070287539936102, 0.05750798722044728]",313.0,0.8817891373801917,14.526315789473685
chrX:117945520:-:ATG,2,"['ENST00000371882.5', 'ENST00000540167.6']","[18.0, 8.0]","[0.6923076923076923, 0.3076923076923077]",26.0,0.6923076923076923,2.25
chrX:119565355:-:ATG,2,"['ENST00000644802.2', 'ENST00000536133.2']","[49.0, 5.0]","[0.9074074074074074, 0.09259259259259259]",54.0,0.9074074074074074,9.8
chrX:119693105:-:ATG,3,"['ENST00000343984.5', 'ENST00000354228.8', 'ENST00000394610.7']","[6.0, 4.0, 4.0]","[0.42857142857142855, 0.2857142857142857, 0.2857142857142857]",14.0,0.42857142857142855,1.5
chrX:119693132:-:GTG,3,"['ENST00000343984.5', 'ENST00000354228.8', 'ENST00000394610.7']","[6.0, 4.0, 4.0]","[0.42857142857142855, 0.2857142857142857, 0.2857142857142857]",14.0,0.42857142857142855,1.5
chrX:119852928:-:ATG,2,"['ENST00000345865.6', 'ENST00000276201.7']","[111.0, 21.0]","[0.8409090909090909, 0.1590909090909091]",132.0,0.8409090909090909,5.285714285714286
chrX:120253415:+:ATG,2,"['ENST00000326624.2', 'ENST00000557385.2']","[140.0, 8.0]","[0.9459459459459459, 0.05405405405405406]",148.0,0.9459459459459459,17.5
chrX:120469220:-:CTG,2,"['ENST00000371335.4', 'ENST00000200639.9']","[347.0, 113.0]","[0.7543478260869565, 0.24565217391304348]",460.0,0.7543478260869565,3.0707964601769913
chrX:124022627:+:ATG,5,"['ENST00000218089.13', 'ENST00000371144.7', 'ENST00000371157.7', 'ENST00000371145.8', 'ENST00000428941.5']","[21.0, 20.0, 8.0, 7.0, 4.0]","[0.35, 0.3333333333333333, 0.13333333333333333, 0.11666666666666667, 0.06666666666666667]",60.0,0.35,1.05
chrX:12791497:+:ATG,2,"['ENST00000380668.10', 'ENST00000398491.6']","[399.0, 6.0]","[0.9851851851851852, 0.014814814814814815]",405.0,0.9851851851851852,66.5
chrX:129906198:+:CTG,2,"['ENST00000394422.8', 'ENST00000425117.6']","[536.0, 5.0]","[0.9907578558225508, 0.009242144177449169]",541.0,0.9907578558225508,107.2
chrX:129906210:+:ATG,2,"['ENST00000394422.8', 'ENST00000425117.6']","[536.0, 5.0]","[0.9907578558225508, 0.009242144177449169]",541.0,0.9907578558225508,107.2
chrX:130165656:-:ATG,3,"['ENST00000287295.8', 'ENST00000346424.6', 'ENST00000416073.7']","[547.0, 8.0, 8.0]","[0.9715808170515098, 0.014209591474245116, 0.014209591474245116]",563.0,0.9715808170515098,68.375
chrX:132023617:+:ATG,2,"['ENST00000394334.7', 'ENST00000394335.6']","[61.0, 11.0]","[0.8472222222222222, 0.1527777777777778]",72.0,0.8472222222222222,5.545454545454546
chrX:134796205:-:ATG,4,"['ENST00000298090.10', 'ENST00000370790.5', 'ENST00000343004.10', 'ENST00000486347.5']","[85.0, 7.0, 4.0, 3.0]","[0.8585858585858586, 0.0707070707070707, 0.04040404040404041, 0.030303030303030304]",99.0,0.8585858585858586,12.142857142857142
chrX:134796235:-:CTG,4,"['ENST00000298090.10', 'ENST00000370790.5', 'ENST00000343004.10', 'ENST00000486347.5']","[85.0, 7.0, 4.0, 3.0]","[0.8585858585858586, 0.0707070707070707, 0.04040404040404041, 0.030303030303030304]",99.0,0.8585858585858586,12.142857142857142
chrX:136251358:-:ATG,2,"['ENST00000316077.14', 'ENST00000370661.5']","[27.0, 8.0]","[0.7714285714285715, 0.22857142857142856]",35.0,0.7714285714285715,3.375
chrX:136497684:+:ATG,2,"['ENST00000218364.5', 'ENST00000535601.5']","[25.0, 3.0]","[0.8928571428571429, 0.10714285714285714]",28.0,0.8928571428571429,8.333333333333334
chrX:13708746:+:ATG,2,"['ENST00000464506.2', 'ENST00000618931.2']","[111.0, 4.0]","[0.9652173913043478, 0.034782608695652174]",115.0,0.9652173913043478,27.75
chrX:14021478:-:ATG,2,"['ENST00000398355.7', 'ENST00000680255.1']","[28.0, 11.0]","[0.717948717948718, 0.28205128205128205]",39.0,0.717948717948718,2.5454545454545454
chrX:14865492:-:ATG,3,"['ENST00000650831.1', 'ENST00000324138.7', 'ENST00000452869.2']","[29.0, 5.0, 4.0]","[0.7631578947368421, 0.13157894736842105, 0.10526315789473684]",38.0,0.7631578947368421,5.8
chrX:14865510:-:ATG,3,"['ENST00000650831.1', 'ENST00000324138.7', 'ENST00000452869.2']","[29.0, 5.0, 4.0]","[0.7631578947368421, 0.13157894736842105, 0.10526315789473684]",38.0,0.7631578947368421,5.8
chrX:153470557:-:ATG,3,"['ENST00000370211.10', 'ENST00000330912.7', 'ENST00000370210.3']","[169.0, 4.0, 3.0]","[0.9602272727272727, 0.022727272727272728, 0.017045454545454544]",176.0,0.9602272727272727,42.25
chrX:153723244:-:ATG,2,"['ENST00000345046.12', 'ENST00000458587.8']","[1217.0, 23.0]","[0.9814516129032258, 0.018548387096774192]",1240.0,0.9814516129032258,52.91304347826087
chrX:153794326:-:ATG,2,"['ENST00000217901.10', 'ENST00000370093.5']","[480.0, 7.0]","[0.9856262833675564, 0.014373716632443531]",487.0,0.9856262833675564,68.57142857142857
chrX:153794687:+:ATG,2,"['ENST00000370087.5', 'ENST00000320857.7']","[16.0, 11.0]","[0.5925925925925926, 0.4074074074074074]",27.0,0.5925925925925926,1.4545454545454546
chrX:153934949:-:CTG,2,"['ENST00000464845.6', 'ENST00000370009.5']","[77.0, 27.0]","[0.7403846153846154, 0.25961538461538464]",104.0,0.7403846153846154,2.8518518518518516
chrX:154097665:-:ATG,2,"['ENST00000303391.11', 'ENST00000453960.7']","[22.0, 11.0]","[0.6666666666666666, 0.3333333333333333]",33.0,0.6666666666666666,2.0
chrX:154489074:-:CTG,2,"['ENST00000393587.4', 'ENST00000369649.8']","[25.0, 10.0]","[0.7142857142857143, 0.2857142857142857]",35.0,0.7142857142857143,2.5
chrX:154490343:-:CTG,2,"['ENST00000393587.4', 'ENST00000369649.8']","[25.0, 10.0]","[0.7142857142857143, 0.2857142857142857]",35.0,0.7142857142857143,2.5
chrX:154515772:-:ATG,3,"['ENST00000359889.9', 'ENST00000447601.7', 'ENST00000419205.5']","[35.0, 26.0, 8.0]","[0.5072463768115942, 0.37681159420289856, 0.11594202898550725]",69.0,0.5072463768115942,1.3461538461538463
chrX:15491257:-:ATG,2,"['ENST00000380420.10', 'ENST00000380421.3']","[632.0, 150.0]","[0.8081841432225064, 0.1918158567774936]",782.0,0.8081841432225064,4.213333333333333
chrX:155545276:-:ATG,2,"['ENST00000334398.8', 'ENST00000369439.4']","[20.0, 8.0]","[0.7142857142857143, 0.2857142857142857]",28.0,0.7142857142857143,2.5
chrX:17744186:+:ATG,2,"['ENST00000380041.8', 'ENST00000380043.7']","[20.0, 18.0]","[0.5263157894736842, 0.47368421052631576]",38.0,0.5263157894736842,1.1111111111111112
chrX:17746078:+:ATG,4,"['ENST00000380045.7', 'ENST00000398080.5', 'ENST00000380041.8', 'ENST00000380043.7']","[68.0, 67.0, 20.0, 18.0]","[0.3930635838150289, 0.3872832369942196, 0.11560693641618497, 0.10404624277456648]",173.0,0.3930635838150289,1.0149253731343284
chrX:19344037:+:ATG,6,"['ENST00000422285.7', 'ENST00000417819.6', 'ENST00000540249.5', 'ENST00000355808.10', 'ENST00000379805.4', 'ENST00000423505.6']","[569.0, 25.0, 18.0, 8.0, 5.0, 4.0]","[0.904610492845787, 0.0397456279809221, 0.028616852146263912, 0.012718600953895072, 0.00794912559618442, 0.006359300476947536]",629.0,0.904610492845787,22.76
chrX:21839734:+:ATG,2,"['ENST00000379484.10', 'ENST00000365779.2']","[270.0, 15.0]","[0.9473684210526315, 0.05263157894736842]",285.0,0.9473684210526315,18.0
chrX:24693961:+:ATG,2,"['ENST00000379068.8', 'ENST00000379059.7']","[127.0, 7.0]","[0.9477611940298507, 0.05223880597014925]",134.0,0.9477611940298507,18.142857142857142
chrX:31266829:-:ATG,2,"['ENST00000378723.7', 'ENST00000361471.8']","[83.0, 37.0]","[0.6916666666666667, 0.30833333333333335]",120.0,0.6916666666666667,2.2432432432432434
chrX:37406249:+:ATG,2,"['ENST00000378628.9', 'ENST00000449135.6']","[13.0, 3.0]","[0.8125, 0.1875]",16.0,0.8125,4.333333333333333
chrX:37847510:-:ATG,2,"['ENST00000378578.9', 'ENST00000378581.7']","[599.0, 3.0]","[0.9950166112956811, 0.0049833887043189366]",602.0,0.9950166112956811,199.66666666666666
chrX:41334252:+:ATG,3,"['ENST00000644876.2', 'ENST00000457138.7', 'ENST00000399959.7']","[74.0, 39.0, 13.0]","[0.5873015873015873, 0.30952380952380953, 0.10317460317460317]",126.0,0.5873015873015873,1.8974358974358974
chrX:46984894:+:ATG,2,"['ENST00000614628.5', 'ENST00000611250.4']","[25.0, 11.0]","[0.6944444444444444, 0.3055555555555556]",36.0,0.6944444444444444,2.272727272727273
chrX:47144679:-:ATG,2,"['ENST00000377811.4', 'ENST00000276062.9']","[3006.0, 92.0]","[0.9703034215622982, 0.029696578437701744]",3098.0,0.9703034215622982,32.67391304347826
chrX:47145292:+:CTG,2,"['ENST00000377604.8', 'ENST00000628161.2']","[16.0, 3.0]","[0.8421052631578947, 0.15789473684210525]",19.0,0.8421052631578947,5.333333333333333
chrX:47198802:+:ATG,2,"['ENST00000335972.11', 'ENST00000377351.8']","[418.0, 88.0]","[0.8260869565217391, 0.17391304347826086]",506.0,0.8260869565217391,4.75
chrX:47583415:+:ATG,2,"['ENST00000218388.9', 'ENST00000456754.6']","[2473.0, 44.0]","[0.9825188716726262, 0.01748112832737386]",2517.0,0.9825188716726262,56.20454545454545
chrX:47641441:-:ATG,2,"['ENST00000376983.8', 'ENST00000247161.8']","[22.0, 12.0]","[0.6470588235294118, 0.35294117647058826]",34.0,0.6470588235294118,1.8333333333333333
chrX:48575180:+:ATG,2,"['ENST00000376759.8', 'ENST00000376755.1']","[809.0, 6.0]","[0.992638036809816, 0.007361963190184049]",815.0,0.992638036809816,134.83333333333334
chrX:48597996:+:ATG,2,"['ENST00000218056.9', 'ENST00000376729.10']","[73.0, 13.0]","[0.8488372093023255, 0.1511627906976744]",86.0,0.8488372093023255,5.615384615384615
chrX:48897749:-:ATG,2,"['ENST00000376582.7', 'ENST00000696123.1']","[500.0, 79.0]","[0.8635578583765112, 0.13644214162348878]",579.0,0.8635578583765112,6.329113924050633
chrX:48898509:+:ATG,6,"['ENST00000447146.7', 'ENST00000376566.8', 'ENST00000247140.8', 'ENST00000376563.6', 'ENST00000470062.5', 'ENST00000218224.9']","[972.0, 149.0, 52.0, 50.0, 16.0, 8.0]","[0.7794707297514034, 0.11948676824378508, 0.04170008019246191, 0.040096230954290296, 0.012830793905372895, 0.006415396952686447]",1247.0,0.7794707297514034,6.523489932885906
chrX:49172000:+:ATG,2,"['ENST00000376327.6', 'ENST00000376322.7']","[917.0, 12.0]","[0.9870828848223897, 0.012917115177610334]",929.0,0.9870828848223897,76.41666666666667
chrX:53434345:-:ATG,3,"['ENST00000168216.11', 'ENST00000375304.9', 'ENST00000375298.4']","[1952.0, 24.0, 5.0]","[0.9853609288238263, 0.012115093387178193, 0.002523977788995457]",1981.0,0.9853609288238263,81.33333333333333
chrX:54042749:-:ACG,2,"['ENST00000338154.11', 'ENST00000357988.9']","[15.0, 4.0]","[0.7894736842105263, 0.21052631578947367]",19.0,0.7894736842105263,3.75
chrX:54532557:+:CTG,2,"['ENST00000360845.3', 'ENST00000336470.8']","[1579.0, 12.0]","[0.9924575738529227, 0.00754242614707731]",1591.0,0.9924575738529227,131.58333333333334
chrX:54532566:+:ATG,2,"['ENST00000360845.3', 'ENST00000336470.8']","[1579.0, 12.0]","[0.9924575738529227, 0.00754242614707731]",1591.0,0.9924575738529227,131.58333333333334
chrX:54809331:+:ATG,2,"['ENST00000375058.5', 'ENST00000375068.6']","[157.0, 4.0]","[0.9751552795031055, 0.024844720496894408]",161.0,0.9751552795031055,39.25
chrX:68499066:+:ATG,2,"['ENST00000462683.6', 'ENST00000374622.3']","[132.0, 10.0]","[0.9295774647887324, 0.07042253521126761]",142.0,0.9295774647887324,13.2
chrX:69163109:-:ATT,2,"['ENST00000374571.5', 'ENST00000361478.1']","[40.0, 3.0]","[0.9302325581395349, 0.06976744186046512]",43.0,0.9302325581395349,13.333333333333334
chrX:69165440:-:CTG,2,"['ENST00000374571.5', 'ENST00000361478.1']","[40.0, 3.0]","[0.9302325581395349, 0.06976744186046512]",43.0,0.9302325581395349,13.333333333333334
chrX:70289341:-:ATG,2,"['ENST00000239666.9', 'ENST00000374454.1']","[693.0, 4.0]","[0.994261119081779, 0.005738880918220947]",697.0,0.994261119081779,173.25
chrX:71253255:-:ATG,2,"['ENST00000373981.5', 'ENST00000314425.9']","[8.0, 6.0]","[0.5714285714285714, 0.42857142857142855]",14.0,0.5714285714285714,1.3333333333333333
chrX:71284417:+:CTG,3,"['ENST00000276079.13', 'ENST00000413858.5', 'ENST00000373856.8']","[76.0, 27.0, 3.0]","[0.7169811320754716, 0.25471698113207547, 0.02830188679245283]",106.0,0.7169811320754716,2.814814814814815
chrX:71290637:+:ATG,4,"['ENST00000373841.5', 'ENST00000276079.13', 'ENST00000413858.5', 'ENST00000373856.8']","[688.0, 76.0, 27.0, 3.0]","[0.8664987405541562, 0.09571788413098237, 0.03400503778337532, 0.003778337531486146]",794.0,0.8664987405541562,9.052631578947368
chrX:71533197:+:ACG,2,"['ENST00000373719.8', 'ENST00000373701.7']","[98.0, 67.0]","[0.593939393939394, 0.40606060606060607]",165.0,0.593939393939394,1.462686567164179
chrX:71533299:+:ATG,2,"['ENST00000373719.8', 'ENST00000373701.7']","[98.0, 67.0]","[0.593939393939394, 0.40606060606060607]",165.0,0.593939393939394,1.462686567164179
chrX:74595977:-:ATG,2,"['ENST00000332687.11', 'ENST00000349225.2']","[140.0, 20.0]","[0.875, 0.125]",160.0,0.875,7.0
chrX:75156272:-:ATG,4,"['ENST00000373394.8', 'ENST00000253577.9', 'ENST00000529949.5', 'ENST00000339447.8']","[34.0, 23.0, 9.0, 3.0]","[0.4927536231884058, 0.3333333333333333, 0.13043478260869565, 0.043478260869565216]",69.0,0.4927536231884058,1.4782608695652173
chrX:77895410:-:ATG,2,"['ENST00000373336.3', 'ENST00000358075.11']","[50.0, 48.0]","[0.5102040816326531, 0.4897959183673469]",98.0,0.5102040816326531,1.0416666666666667
chrX:7926119:-:ATG,2,"['ENST00000381042.9', 'ENST00000442940.1']","[29.0, 4.0]","[0.8787878787878788, 0.12121212121212122]",33.0,0.8787878787878788,7.25
chrX:81121549:-:ATG,2,"['ENST00000430960.5', 'ENST00000373250.7']","[162.0, 45.0]","[0.782608695652174, 0.21739130434782608]",207.0,0.782608695652174,3.6
